budget,workload,scalability,security,region,team_size,data_volume_gb,uptime_requirement,compliance_required,existing_infra,uses_microsoft_stack,uses_google_workspace,ml_focus,multi_region,serverless_preference,service_model,deployment_model,provider
167.67,webapp,high,moderate,us,215,1356.26,95.29,1,1,0,1,0,0,1,IaaS,Public Cloud,AWS
252.61,webapp,medium,high,asia,364,2538.25,95.23,1,1,0,0,0,0,1,IaaS,Hybrid Cloud,AWS
69.37,webapp,medium,moderate,eu,484,11.41,97.98,1,0,0,0,0,0,1,PaaS,Public Cloud,Azure
179.82,startup,high,high,asia,139,141.81,98.94,1,1,0,1,0,1,1,IaaS,Public Cloud,GCP
1892.95,webapp,high,high,us,359,90.67,95.2,1,1,0,0,0,1,1,IaaS,Hybrid Cloud,AWS
6793.58,enterprise,medium,basic,us,134,5.91,97.08,0,1,0,0,0,0,0,IaaS,Hybrid Cloud,AWS
319.0,webapp,medium,basic,asia,472,23.23,98.51,0,0,0,1,0,0,1,PaaS,Public Cloud,GCP
446.55,startup,high,moderate,eu,198,339.36,98.98,0,0,0,1,0,1,1,PaaS,Public Cloud,GCP
357.43,webapp,high,moderate,us,252,125.74,95.87,1,0,0,0,0,1,1,PaaS,Public Cloud,AWS
2376.25,enterprise,high,high,eu,227,127.78,99.86,1,0,0,0,0,1,0,IaaS,Hybrid Cloud,Azure
1086.6,webapp,medium,moderate,eu,283,38.12,97.17,0,1,0,1,0,0,1,PaaS,Hybrid Cloud,GCP
85.64,webapp,high,basic,us,469,21.89,97.42,0,0,0,0,0,1,1,PaaS,Public Cloud,AWS
94.95,startup,medium,basic,us,264,114.72,98.5,0,1,0,1,0,0,1,PaaS,Public Cloud,GCP
260.91,startup,high,moderate,us,481,24.24,99.82,0,1,0,0,0,1,1,PaaS,Public Cloud,AWS
283.46,startup,high,moderate,eu,189,129.91,98.68,0,1,0,0,0,0,1,PaaS,Public Cloud,GCP
160.29,webapp,medium,moderate,eu,180,474.33,97.51,1,1,0,0,0,0,1,IaaS,Hybrid Cloud,Azure
773.78,webapp,medium,high,asia,43,267.99,95.98,1,0,0,0,0,0,1,IaaS,Private Cloud,AWS
5331.11,enterprise,medium,basic,us,408,3.74,98.87,0,0,1,0,0,0,0,SaaS,Public Cloud,Azure
659.68,webapp,low,high,us,384,44.92,97.41,1,0,0,0,0,0,1,IaaS,Private Cloud,AWS
630.67,startup,medium,high,eu,5,5.09,97.9,1,1,0,1,0,0,1,IaaS,Hybrid Cloud,Azure
241.09,startup,medium,moderate,us,58,35.41,98.7,1,1,0,1,0,0,1,PaaS,Public Cloud,GCP
699.43,webapp,low,high,us,164,111.1,97.61,1,1,0,1,0,0,1,IaaS,Private Cloud,GCP
670.2,webapp,medium,moderate,us,417,910.74,97.05,1,0,0,0,0,0,1,IaaS,Public Cloud,AWS
12533.79,enterprise,medium,basic,us,99,75.79,97.67,0,1,1,0,0,0,0,IaaS,Hybrid Cloud,Azure
126.18,startup,high,high,eu,154,34.61,97.49,1,0,0,1,0,0,1,IaaS,Public Cloud,GCP
611.75,webapp,medium,basic,eu,308,2.6,99.54,0,0,0,1,0,0,1,PaaS,Public Cloud,GCP
685.36,webapp,medium,moderate,asia,360,13.33,98.48,0,1,0,1,0,0,1,PaaS,Public Cloud,GCP
4978.79,enterprise,low,basic,asia,73,51.29,98.43,0,0,0,0,0,0,0,SaaS,Public Cloud,AWS
250.36,startup,low,basic,asia,239,233.44,95.15,0,1,0,0,0,0,1,PaaS,Public Cloud,GCP
168.35,webapp,medium,moderate,eu,111,569.19,97.78,0,0,0,0,0,0,1,PaaS,Public Cloud,AWS
514.74,webapp,high,basic,eu,40,15.7,98.48,0,1,0,1,0,1,1,PaaS,Public Cloud,GCP
5645.55,enterprise,medium,moderate,eu,320,55.67,99.65,0,0,0,0,0,0,0,IaaS,Hybrid Cloud,AWS
688.17,webapp,high,basic,us,137,22.07,96.02,0,0,0,1,0,1,1,PaaS,Public Cloud,AWS
540.62,enterprise,medium,moderate,asia,125,264.38,97.51,0,1,0,0,0,0,0,IaaS,Hybrid Cloud,AWS
6823.68,enterprise,medium,moderate,asia,411,248.35,98.71,0,0,1,0,0,0,0,IaaS,Hybrid Cloud,Azure
1221.39,webapp,medium,basic,asia,254,70.52,97.0,0,0,0,1,0,0,1,PaaS,Public Cloud,GCP
1591.74,enterprise,low,moderate,eu,420,25.97,95.62,1,1,1,0,0,0,0,IaaS,Hybrid Cloud,Azure
816.41,enterprise,medium,basic,asia,179,110.78,95.83,0,0,0,0,0,0,0,SaaS,Public Cloud,AWS
1513.88,enterprise,medium,basic,asia,215,68.3,97.13,0,1,0,0,0,0,0,IaaS,Hybrid Cloud,AWS
6102.35,webapp,high,basic,us,55,43.61,96.35,0,1,0,0,0,0,0,PaaS,Public Cloud,AWS
665.04,startup,medium,basic,eu,400,102.56,96.98,0,1,0,0,0,0,1,PaaS,Public Cloud,AWS
138.71,webapp,medium,moderate,eu,256,2.4,96.47,1,1,0,0,0,0,1,IaaS,Hybrid Cloud,Azure
192.47,webapp,medium,basic,asia,29,39.11,95.86,0,0,0,0,0,0,1,PaaS,Public Cloud,GCP
3169.49,ml,medium,moderate,eu,46,32.39,98.01,0,0,0,0,1,0,0,IaaS,Public Cloud,GCP
1676.33,enterprise,low,basic,asia,446,65.56,99.77,0,0,1,0,0,0,0,SaaS,Public Cloud,Azure
1542.41,enterprise,high,high,us,311,14.84,99.78,1,1,1,0,0,1,0,IaaS,Hybrid Cloud,Azure
2955.15,ml,medium,moderate,asia,498,39.65,97.1,1,1,0,0,1,0,0,IaaS,Hybrid Cloud,GCP
1226.58,webapp,medium,moderate,us,4,20.58,98.12,1,1,0,0,0,0,1,IaaS,Hybrid Cloud,AWS
12228.23,ml,high,moderate,asia,177,70.3,95.55,0,0,0,0,1,0,0,IaaS,Public Cloud,GCP
2119.63,webapp,low,basic,eu,425,125.6,96.75,0,0,0,1,0,0,0,PaaS,Public Cloud,Azure
128.45,webapp,medium,basic,us,29,18.65,99.43,0,1,0,1,0,0,1,PaaS,Public Cloud,GCP
243.08,startup,medium,basic,us,114,0.29,97.96,0,1,0,0,0,0,1,PaaS,Public Cloud,AWS
3622.26,enterprise,medium,moderate,eu,45,43.03,99.35,0,1,0,0,0,0,0,IaaS,Hybrid Cloud,AWS
964.52,webapp,medium,high,eu,467,79.37,99.81,1,0,0,1,0,0,1,IaaS,Private Cloud,Azure
685.67,webapp,low,high,asia,7,24.81,95.33,1,1,0,0,0,0,1,IaaS,Private Cloud,AWS
439.18,startup,high,high,us,21,3.42,96.6,1,1,0,1,0,0,1,IaaS,Public Cloud,GCP
426.04,webapp,low,high,us,222,7.3,95.59,1,0,0,1,0,0,1,IaaS,Private Cloud,GCP
239.77,startup,medium,moderate,asia,166,253.48,99.29,1,0,0,0,0,0,1,PaaS,Public Cloud,GCP
870.36,webapp,low,basic,eu,143,12.58,96.0,0,0,0,0,0,0,1,PaaS,Public Cloud,AWS
159.46,startup,high,moderate,eu,22,1227.69,97.63,1,0,0,0,0,0,1,PaaS,Public Cloud,AWS
400.75,ml,high,moderate,eu,438,26.81,95.15,0,0,0,0,1,1,0,IaaS,Public Cloud,GCP
294.27,webapp,high,basic,us,18,430.61,95.66,0,1,0,1,0,0,1,PaaS,Public Cloud,GCP
1264.34,webapp,low,moderate,us,261,35.06,96.62,1,0,0,1,0,0,1,IaaS,Private Cloud,AWS
371.12,startup,low,moderate,us,204,337.57,99.02,0,1,0,0,0,0,1,PaaS,Public Cloud,AWS
2905.91,webapp,low,basic,us,126,39.66,99.75,0,1,0,1,0,0,0,PaaS,Public Cloud,GCP
20211.99,enterprise,low,moderate,asia,119,68.42,97.48,1,1,1,0,0,0,0,IaaS,Hybrid Cloud,Azure
1355.38,ml,low,high,us,459,25.49,99.38,1,0,0,0,1,0,0,IaaS,Private Cloud,GCP
499.71,webapp,medium,moderate,us,403,12.34,96.19,0,0,0,0,0,0,1,PaaS,Public Cloud,AWS
66.38,startup,medium,moderate,eu,228,70.56,98.03,1,1,0,1,0,0,1,IaaS,Public Cloud,GCP
988.72,enterprise,medium,basic,eu,146,87.73,99.11,0,0,0,0,0,0,0,SaaS,Public Cloud,AWS
356.94,startup,high,moderate,us,375,67.28,98.18,0,0,0,1,0,1,1,PaaS,Public Cloud,GCP
7275.47,enterprise,high,basic,asia,242,27.92,99.34,0,0,1,0,0,0,0,SaaS,Public Cloud,Azure
5265.77,enterprise,medium,moderate,us,167,628.03,98.86,0,1,1,0,0,0,0,IaaS,Hybrid Cloud,Azure
1034.44,webapp,medium,basic,eu,259,5.76,99.97,0,0,0,0,0,0,1,PaaS,Public Cloud,AWS
999.93,enterprise,low,basic,asia,5,33.97,98.68,0,1,0,0,0,0,0,SaaS,Public Cloud,AWS
171.22,webapp,medium,basic,us,331,23.9,99.7,0,1,0,0,0,0,1,PaaS,Public Cloud,AWS
1528.3,enterprise,medium,moderate,asia,73,241.79,96.61,0,0,0,0,0,0,0,SaaS,Hybrid Cloud,AWS
2655.47,enterprise,medium,basic,us,482,5.09,95.4,0,1,0,0,0,0,0,IaaS,Hybrid Cloud,AWS
296.7,webapp,low,basic,eu,329,29.48,98.91,0,0,0,0,0,0,1,PaaS,Public Cloud,AWS
6186.43,enterprise,medium,moderate,asia,7,2.96,95.88,0,1,0,0,0,0,0,SaaS,Hybrid Cloud,AWS
2935.67,enterprise,medium,basic,us,483,130.18,96.33,0,1,1,0,0,0,0,IaaS,Hybrid Cloud,Azure
809.36,ml,high,basic,us,10,47.87,98.9,0,1,0,0,1,1,0,IaaS,Public Cloud,GCP
83.29,startup,high,moderate,asia,139,12.71,99.84,1,1,0,0,0,1,1,IaaS,Public Cloud,GCP
120.98,startup,high,moderate,asia,370,16.92,97.37,0,0,0,1,0,1,1,PaaS,Public Cloud,GCP
312.91,startup,high,moderate,asia,483,185.6,98.35,0,1,0,0,0,1,1,PaaS,Public Cloud,GCP
311.11,startup,medium,basic,eu,95,9.08,96.71,0,0,0,1,0,0,1,PaaS,Public Cloud,GCP
10807.36,enterprise,high,high,asia,491,28.96,96.55,1,1,1,0,0,1,0,IaaS,Hybrid Cloud,Azure
6529.16,enterprise,medium,moderate,eu,132,569.98,98.89,0,0,1,0,0,0,0,IaaS,Hybrid Cloud,Azure
1595.93,enterprise,low,moderate,eu,60,189.01,96.61,1,0,1,0,0,0,0,IaaS,Private Cloud,Azure
495.6,startup,low,moderate,asia,475,195.42,99.74,0,0,0,1,0,0,1,PaaS,Public Cloud,GCP
171.93,webapp,medium,moderate,us,70,0.73,98.15,0,1,0,1,0,0,1,PaaS,Public Cloud,GCP
433.23,startup,high,basic,eu,250,2.94,96.57,0,1,0,0,0,0,1,PaaS,Public Cloud,AWS
355.36,startup,high,basic,us,384,51.76,99.83,0,0,0,0,0,1,1,PaaS,Public Cloud,AWS
5174.82,enterprise,medium,basic,eu,112,40.4,99.3,0,0,1,0,0,0,0,SaaS,Public Cloud,Azure
1125.48,enterprise,high,basic,us,270,108.77,96.19,0,0,1,0,0,1,0,SaaS,Public Cloud,Azure
77.43,startup,high,moderate,us,72,27.91,99.57,0,0,0,1,0,1,1,PaaS,Public Cloud,GCP
123.04,startup,medium,moderate,eu,129,302.95,97.08,1,1,0,1,0,0,1,IaaS,Public Cloud,GCP
647.92,webapp,high,basic,asia,450,42.6,96.79,0,0,0,1,0,0,1,PaaS,Public Cloud,GCP
320.76,webapp,medium,high,asia,289,148.37,95.63,1,1,0,0,0,0,1,IaaS,Hybrid Cloud,GCP
2821.53,webapp,low,basic,us,437,118.02,99.35,0,1,0,1,0,0,0,PaaS,Public Cloud,GCP
2703.43,enterprise,medium,moderate,eu,369,453.76,95.21,1,1,0,0,0,0,0,IaaS,Hybrid Cloud,Azure
275.56,webapp,low,basic,us,376,189.61,95.37,0,0,0,1,0,0,1,PaaS,Public Cloud,GCP
116.53,startup,high,moderate,us,201,78.07,99.54,1,1,0,1,0,1,1,IaaS,Public Cloud,GCP
1609.09,webapp,high,basic,asia,348,37.75,97.43,0,1,0,1,0,1,1,PaaS,Public Cloud,GCP
1536.33,startup,medium,high,us,142,25.54,98.05,1,0,0,0,0,0,1,IaaS,Private Cloud,AWS
413.68,webapp,low,basic,asia,183,53.1,98.5,0,1,0,0,0,0,1,PaaS,Public Cloud,GCP
1838.93,enterprise,high,high,us,493,68.05,99.14,1,0,1,0,0,0,0,IaaS,Hybrid Cloud,Azure
237.18,webapp,medium,moderate,asia,331,59.34,95.69,0,0,0,0,0,0,1,PaaS,Public Cloud,GCP
1539.38,webapp,high,high,asia,294,14.89,99.22,1,1,0,0,0,1,1,IaaS,Hybrid Cloud,AWS
1413.92,webapp,high,moderate,asia,290,37.34,95.71,1,0,0,0,0,0,1,IaaS,Public Cloud,AWS
505.3,webapp,low,high,us,45,102.24,96.92,1,0,0,0,0,0,1,IaaS,Private Cloud,AWS
129.33,webapp,medium,basic,us,397,577.8,99.16,0,0,0,0,0,0,1,PaaS,Public Cloud,AWS
933.83,webapp,medium,moderate,asia,338,196.89,98.11,0,1,0,0,0,0,1,PaaS,Public Cloud,AWS
178.87,startup,high,basic,eu,12,13.96,98.77,0,0,0,0,0,1,1,PaaS,Public Cloud,AWS
812.44,webapp,medium,moderate,asia,48,62.45,99.97,0,0,0,1,0,0,1,PaaS,Public Cloud,GCP
765.82,webapp,high,moderate,eu,303,334.92,95.34,0,1,0,1,0,1,1,PaaS,Public Cloud,GCP
506.32,webapp,medium,moderate,us,16,136.03,98.4,0,1,0,0,0,0,1,PaaS,Public Cloud,AWS
140.02,startup,medium,high,us,233,29.68,98.79,1,0,0,1,0,0,1,IaaS,Private Cloud,GCP
604.06,webapp,medium,moderate,us,12,103.67,97.48,0,0,0,1,0,0,1,PaaS,Public Cloud,GCP
317.55,webapp,high,high,us,83,38.89,99.81,1,0,0,1,0,1,1,PaaS,Private Cloud,GCP
244.01,startup,high,moderate,eu,359,12.74,97.5,0,0,0,0,0,0,1,PaaS,Public Cloud,GCP
230.3,startup,medium,moderate,eu,393,96.03,98.69,0,1,0,0,0,0,1,PaaS,Public Cloud,AWS
281.8,startup,high,basic,us,163,61.77,97.46,0,0,0,1,0,1,1,PaaS,Public Cloud,GCP
248.56,startup,low,high,eu,233,32.1,95.09,1,0,0,1,0,0,1,IaaS,Private Cloud,GCP
282.04,webapp,low,basic,eu,124,2020.43,97.36,0,0,0,1,0,0,1,PaaS,Public Cloud,GCP
3814.27,enterprise,medium,moderate,asia,491,352.4,97.69,0,1,1,0,0,0,0,IaaS,Hybrid Cloud,Azure
717.69,enterprise,medium,basic,asia,235,36.6,98.37,0,0,1,0,0,0,0,SaaS,Public Cloud,Azure
549.51,webapp,high,basic,eu,374,121.84,96.77,0,1,0,0,0,1,1,PaaS,Public Cloud,AWS
3010.28,ml,high,high,us,476,123.94,99.62,1,0,0,0,1,1,0,IaaS,Private Cloud,GCP
320.92,startup,medium,high,asia,129,7.27,98.76,1,1,0,1,0,0,1,IaaS,Hybrid Cloud,GCP
361.31,startup,high,basic,eu,389,146.39,95.18,0,0,0,1,0,0,1,PaaS,Public Cloud,GCP
7492.44,enterprise,medium,moderate,us,221,15.03,97.96,0,1,0,0,0,0,0,IaaS,Hybrid Cloud,AWS
423.91,webapp,medium,basic,asia,181,148.3,98.82,0,0,0,0,0,0,1,PaaS,Public Cloud,GCP
267.79,webapp,high,high,eu,185,176.81,99.03,1,1,0,1,0,0,1,IaaS,Hybrid Cloud,GCP
5257.61,ml,low,basic,asia,102,182.19,98.9,0,1,0,0,1,0,0,IaaS,Public Cloud,GCP
1376.11,webapp,medium,basic,eu,271,1.42,99.52,0,0,0,1,0,0,1,PaaS,Public Cloud,GCP
924.22,webapp,medium,moderate,us,13,102.66,99.8,1,1,0,0,0,0,1,IaaS,Hybrid Cloud,AWS
2481.97,enterprise,high,moderate,us,113,50.3,95.96,0,1,1,0,0,1,0,IaaS,Hybrid Cloud,Azure
13634.24,enterprise,high,basic,asia,248,25.99,99.94,0,0,1,0,0,1,0,IaaS,Public Cloud,Azure
509.38,webapp,medium,moderate,eu,124,904.72,95.72,0,0,0,1,0,0,1,PaaS,Public Cloud,GCP
179.42,webapp,medium,moderate,eu,258,13.79,99.32,1,0,0,0,0,0,1,PaaS,Public Cloud,Azure
303.11,ml,medium,high,eu,416,14.93,98.73,1,1,0,0,1,0,0,IaaS,Hybrid Cloud,GCP
112.34,startup,high,basic,us,318,3.27,98.03,0,1,0,0,0,1,1,PaaS,Public Cloud,AWS
914.6,ml,medium,moderate,us,444,184.11,98.33,1,0,0,0,1,0,0,IaaS,Public Cloud,GCP
486.65,webapp,low,basic,asia,324,19.4,96.05,0,0,0,1,0,0,1,PaaS,Public Cloud,GCP
50.0,startup,high,basic,us,237,124.38,99.75,0,0,0,0,0,1,1,PaaS,Public Cloud,AWS
2064.76,enterprise,high,moderate,eu,87,3.48,95.89,1,0,0,0,0,0,0,IaaS,Hybrid Cloud,Azure
395.4,startup,medium,basic,asia,382,64.64,97.78,0,0,0,0,0,0,1,PaaS,Public Cloud,GCP
220.12,webapp,low,moderate,us,282,29.6,97.56,0,1,0,1,0,0,1,PaaS,Public Cloud,GCP
5308.29,enterprise,high,moderate,eu,336,32.52,96.42,0,0,1,0,0,1,0,IaaS,Public Cloud,Azure
377.93,webapp,high,moderate,us,448,411.28,99.7,0,0,0,0,0,1,1,PaaS,Public Cloud,AWS
648.76,webapp,medium,basic,asia,48,443.59,98.75,0,1,0,1,0,0,1,PaaS,Public Cloud,GCP
2229.87,ml,high,moderate,eu,470,224.07,98.78,0,0,0,0,1,1,0,IaaS,Public Cloud,GCP
186.13,webapp,high,moderate,eu,294,1454.02,98.73,0,0,0,1,0,1,1,PaaS,Public Cloud,GCP
2137.44,enterprise,low,basic,us,5,114.13,98.14,0,1,1,0,0,0,0,SaaS,Hybrid Cloud,Azure
4839.22,ml,high,high,us,287,134.79,95.03,1,0,0,0,1,1,0,IaaS,Private Cloud,GCP
904.3,startup,high,moderate,us,61,759.12,98.19,1,1,0,0,0,1,1,IaaS,Public Cloud,AWS
484.62,webapp,high,moderate,asia,189,325.15,96.86,1,0,0,1,0,1,1,PaaS,Public Cloud,GCP
573.73,webapp,medium,high,eu,417,29.93,98.04,1,1,0,1,0,0,1,IaaS,Hybrid Cloud,Azure
596.05,startup,low,moderate,eu,209,220.82,99.41,1,0,0,1,0,0,1,IaaS,Public Cloud,Azure
906.38,startup,medium,basic,asia,298,12.08,99.68,0,0,0,0,0,0,1,PaaS,Public Cloud,AWS
274.57,webapp,medium,basic,eu,39,6.54,96.51,0,1,0,0,0,0,1,PaaS,Public Cloud,AWS
426.38,webapp,high,basic,asia,223,258.21,96.53,0,1,0,0,0,1,1,PaaS,Public Cloud,GCP
481.12,startup,medium,moderate,asia,332,354.37,96.8,1,0,0,0,0,0,1,PaaS,Public Cloud,GCP
291.03,startup,medium,moderate,asia,220,10.53,95.82,1,0,0,0,0,0,1,PaaS,Public Cloud,GCP
2133.48,webapp,high,basic,asia,254,2250.9,97.94,0,1,0,1,0,1,0,PaaS,Public Cloud,GCP
2493.42,ml,high,moderate,asia,423,41.22,95.03,1,1,0,0,1,1,0,IaaS,Hybrid Cloud,GCP
5730.18,enterprise,medium,high,us,471,6.43,99.26,1,1,1,0,0,0,0,IaaS,Hybrid Cloud,Azure
660.18,webapp,low,basic,asia,416,27.96,97.78,0,1,0,1,0,0,1,PaaS,Public Cloud,GCP
91.3,startup,low,moderate,asia,273,10.56,96.48,1,0,0,1,0,0,1,PaaS,Public Cloud,GCP
3038.61,enterprise,medium,basic,asia,460,77.06,95.93,0,0,1,0,0,0,0,SaaS,Public Cloud,Azure
9634.51,ml,high,high,us,271,287.23,96.24,1,1,0,0,1,1,0,IaaS,Hybrid Cloud,GCP
605.7,webapp,high,high,us,294,712.66,98.4,1,1,0,0,0,1,1,IaaS,Hybrid Cloud,AWS
189.8,ml,low,basic,us,378,10.02,95.59,0,1,0,0,1,0,0,IaaS,Public Cloud,GCP
140.01,startup,high,high,eu,162,170.02,95.25,1,0,0,1,0,1,1,IaaS,Public Cloud,GCP
737.22,enterprise,medium,basic,us,166,5.59,99.2,0,0,0,0,0,0,0,SaaS,Public Cloud,AWS
632.81,startup,medium,moderate,eu,388,546.4,97.81,1,0,0,0,0,0,1,IaaS,Public Cloud,Azure
724.05,webapp,medium,basic,us,355,10.98,98.37,0,1,0,0,0,0,1,PaaS,Public Cloud,AWS
64.68,webapp,high,high,us,125,20.19,98.14,1,0,0,1,0,1,1,IaaS,Private Cloud,GCP
529.06,ml,medium,high,eu,96,115.48,96.07,1,1,0,0,1,0,0,IaaS,Hybrid Cloud,Azure
1470.13,enterprise,medium,basic,eu,251,197.03,98.89,0,1,0,0,0,0,0,IaaS,Hybrid Cloud,AWS
2275.2,enterprise,medium,basic,asia,425,22.9,96.17,0,1,1,0,0,0,0,IaaS,Hybrid Cloud,Azure
1708.4,startup,medium,moderate,asia,72,383.93,99.51,0,0,0,0,0,0,1,PaaS,Public Cloud,AWS
131.63,startup,medium,moderate,asia,399,149.86,95.81,0,1,0,1,0,0,1,PaaS,Public Cloud,GCP
89.0,startup,medium,basic,eu,329,10.59,96.15,0,0,0,0,0,0,1,PaaS,Public Cloud,AWS
500.18,startup,high,basic,asia,68,208.39,99.32,0,0,0,0,0,1,1,PaaS,Public Cloud,AWS
561.56,enterprise,medium,high,eu,209,69.4,99.44,1,1,0,0,0,0,0,IaaS,Hybrid Cloud,Azure
1125.05,webapp,medium,basic,us,96,162.94,96.16,0,1,0,1,0,0,1,PaaS,Public Cloud,AWS
103.89,startup,low,basic,asia,124,960.19,98.61,0,0,0,1,0,0,1,PaaS,Public Cloud,GCP
1563.27,ml,high,high,us,356,5.01,99.18,1,1,0,0,1,1,0,IaaS,Hybrid Cloud,GCP
3757.26,enterprise,low,basic,asia,109,143.99,99.46,0,1,0,0,0,0,0,IaaS,Hybrid Cloud,AWS
146.75,webapp,low,basic,asia,495,49.49,95.44,0,0,0,1,0,0,1,PaaS,Public Cloud,GCP
994.99,webapp,high,moderate,us,243,21.39,97.49,1,1,0,0,0,0,1,IaaS,Public Cloud,AWS
261.97,startup,low,moderate,asia,439,146.36,99.09,0,0,0,1,0,0,1,PaaS,Public Cloud,GCP
262.6,webapp,medium,basic,eu,51,312.21,99.55,0,0,0,0,0,0,1,PaaS,Public Cloud,AWS
362.56,webapp,high,moderate,eu,29,61.43,95.81,1,1,0,0,0,0,1,PaaS,Public Cloud,Azure
192.98,startup,high,high,eu,330,31.92,97.38,1,1,0,1,0,1,1,IaaS,Hybrid Cloud,GCP
619.86,webapp,medium,high,eu,244,65.75,99.53,1,0,0,0,0,0,1,IaaS,Private Cloud,Azure
927.3,enterprise,high,basic,asia,346,319.69,99.84,0,0,1,0,0,0,0,SaaS,Public Cloud,Azure
233.02,webapp,low,moderate,asia,210,7.85,97.21,0,1,0,1,0,0,1,PaaS,Public Cloud,GCP
1329.6,webapp,high,moderate,asia,429,995.24,99.09,1,1,0,0,0,1,1,IaaS,Hybrid Cloud,AWS
281.59,webapp,low,basic,asia,16,249.68,97.78,0,1,0,0,0,0,1,PaaS,Public Cloud,GCP
277.86,startup,medium,basic,us,453,31.47,99.74,0,0,0,0,0,0,1,PaaS,Public Cloud,AWS
1367.67,webapp,low,basic,eu,338,138.53,97.73,0,0,0,1,0,0,1,PaaS,Public Cloud,GCP
794.34,webapp,high,basic,eu,220,24.97,97.1,0,0,0,1,0,1,1,PaaS,Public Cloud,GCP
921.61,enterprise,medium,moderate,eu,77,516.02,95.81,0,0,1,0,0,0,0,IaaS,Public Cloud,Azure
181.2,webapp,high,moderate,us,101,51.74,99.55,0,1,0,0,0,0,1,PaaS,Public Cloud,AWS
737.03,startup,medium,moderate,us,429,11.2,97.93,0,1,0,1,0,0,1,IaaS,Public Cloud,GCP
256.57,webapp,medium,moderate,eu,39,73.7,98.61,1,1,0,1,0,0,1,PaaS,Hybrid Cloud,GCP
10508.75,enterprise,high,high,eu,109,12.68,99.39,1,0,0,0,0,1,0,IaaS,Hybrid Cloud,Azure
410.59,webapp,low,high,asia,474,18.0,98.9,1,1,0,1,0,0,1,IaaS,Private Cloud,GCP
99.34,webapp,high,basic,asia,444,15.64,98.91,0,1,0,0,0,1,1,PaaS,Public Cloud,GCP
1479.33,enterprise,medium,high,asia,6,205.2,98.44,1,1,1,0,0,0,0,IaaS,Hybrid Cloud,Azure
847.37,enterprise,high,high,eu,59,17.46,98.23,1,1,1,0,0,0,0,IaaS,Hybrid Cloud,Azure
288.94,webapp,medium,high,asia,116,87.54,97.34,1,1,0,1,0,0,1,IaaS,Hybrid Cloud,GCP
5023.13,enterprise,medium,high,eu,472,59.75,99.97,1,1,0,0,0,0,0,IaaS,Hybrid Cloud,Azure
1506.06,webapp,high,moderate,us,485,32.35,99.09,1,0,0,0,0,0,1,IaaS,Public Cloud,AWS
176.46,startup,high,high,eu,162,68.31,99.63,1,0,0,0,0,1,1,IaaS,Public Cloud,AWS
928.68,webapp,medium,moderate,asia,286,293.44,98.88,0,1,0,0,0,0,1,IaaS,Public Cloud,AWS
130.08,startup,low,basic,asia,185,20.32,96.88,0,1,0,1,0,0,1,PaaS,Public Cloud,GCP
282.83,startup,medium,basic,eu,421,385.64,95.86,0,0,0,1,0,0,1,PaaS,Public Cloud,GCP
2042.53,webapp,high,basic,us,485,111.82,97.05,0,1,0,0,0,1,0,PaaS,Public Cloud,AWS
1608.89,webapp,high,moderate,eu,154,23.38,98.83,1,1,0,0,0,1,1,IaaS,Hybrid Cloud,AWS
4527.96,enterprise,medium,basic,us,74,60.86,97.82,0,1,1,0,0,0,0,SaaS,Hybrid Cloud,Azure
1341.55,webapp,low,moderate,asia,25,78.08,98.04,0,0,0,0,0,0,1,PaaS,Public Cloud,AWS
1207.74,webapp,low,basic,us,45,10.53,98.79,0,0,0,1,0,0,1,PaaS,Public Cloud,GCP
96.57,webapp,high,moderate,us,76,112.68,99.05,0,0,0,1,0,0,1,PaaS,Public Cloud,GCP
368.77,webapp,medium,basic,us,334,6.53,96.46,0,1,0,0,0,0,1,PaaS,Public Cloud,AWS
80.94,startup,low,basic,us,337,9.29,99.19,0,0,0,0,0,0,1,PaaS,Public Cloud,AWS
1376.68,enterprise,medium,moderate,asia,480,29.42,99.34,0,1,1,0,0,0,0,IaaS,Hybrid Cloud,Azure
136.28,startup,medium,moderate,eu,14,930.44,96.32,1,0,0,0,0,0,1,PaaS,Public Cloud,Azure
498.37,startup,low,moderate,eu,392,43.37,95.12,0,0,0,0,0,0,1,PaaS,Public Cloud,AWS
378.01,enterprise,high,basic,eu,422,56.98,99.17,0,1,0,0,0,1,0,SaaS,Public Cloud,AWS
2616.76,enterprise,medium,high,eu,283,160.24,96.89,1,1,1,0,0,0,0,IaaS,Hybrid Cloud,Azure
162.11,webapp,high,basic,eu,381,10.14,99.42,0,0,0,0,0,1,1,PaaS,Public Cloud,AWS
126.54,startup,low,moderate,us,392,71.85,95.82,0,0,0,0,0,0,1,PaaS,Public Cloud,AWS
788.2,startup,medium,high,asia,32,107.01,95.8,1,0,0,0,0,0,1,IaaS,Private Cloud,AWS
693.42,webapp,low,moderate,us,421,53.57,96.26,0,1,0,0,0,0,1,IaaS,Public Cloud,AWS
279.68,startup,high,basic,asia,78,102.11,95.5,0,0,0,1,0,0,1,PaaS,Public Cloud,GCP
150.33,webapp,high,moderate,eu,63,7.94,97.96,0,0,0,0,0,0,1,PaaS,Public Cloud,AWS
223.93,startup,high,basic,eu,168,30.5,96.55,0,0,0,1,0,1,1,PaaS,Public Cloud,GCP
2842.77,ml,medium,basic,us,312,139.45,96.1,0,0,0,0,1,0,0,IaaS,Public Cloud,GCP
1836.88,enterprise,high,basic,us,34,12.82,99.09,0,0,1,0,0,0,0,SaaS,Public Cloud,Azure
437.3,webapp,medium,moderate,us,334,347.17,98.95,1,0,0,1,0,0,1,PaaS,Public Cloud,GCP
544.29,webapp,medium,high,asia,233,21.34,97.23,1,1,0,0,0,0,1,IaaS,Hybrid Cloud,AWS
2530.6,webapp,high,high,asia,431,984.92,98.74,1,0,0,1,0,1,0,IaaS,Private Cloud,GCP
1272.62,enterprise,high,basic,us,271,3.11,95.16,0,0,1,0,0,1,0,SaaS,Public Cloud,Azure
253.74,startup,high,moderate,us,477,34.35,99.62,1,0,0,0,0,0,1,PaaS,Public Cloud,AWS
179.63,webapp,high,basic,eu,404,220.11,96.15,0,0,0,1,0,0,1,PaaS,Public Cloud,GCP
50.0,startup,medium,high,asia,382,607.78,99.07,1,0,0,0,0,0,1,IaaS,Private Cloud,GCP
153.21,startup,high,moderate,us,24,8.49,99.32,1,0,0,0,0,0,1,PaaS,Public Cloud,AWS
431.32,startup,high,moderate,asia,439,80.72,99.91,1,1,0,0,0,0,1,IaaS,Public Cloud,GCP
50.77,startup,medium,moderate,asia,297,48.22,95.62,1,0,0,0,0,0,1,PaaS,Public Cloud,GCP
1234.4,startup,medium,high,us,278,21.8,99.11,1,0,0,1,0,0,1,IaaS,Private Cloud,AWS
4360.71,enterprise,medium,high,us,189,22.79,95.38,1,0,0,0,0,0,0,IaaS,Private Cloud,AWS
159.78,startup,medium,basic,eu,3,110.26,98.26,0,1,0,0,0,0,1,PaaS,Public Cloud,AWS
8793.09,enterprise,high,moderate,asia,492,27.53,97.96,1,1,1,0,0,1,0,IaaS,Hybrid Cloud,Azure
1863.48,enterprise,low,basic,asia,436,54.22,99.34,0,1,1,0,0,0,0,IaaS,Hybrid Cloud,Azure
2126.76,webapp,low,moderate,eu,93,385.45,97.73,0,1,0,1,0,0,0,PaaS,Hybrid Cloud,Azure
415.57,startup,high,moderate,asia,221,11.18,96.76,0,0,0,1,0,1,1,PaaS,Public Cloud,GCP
235.5,startup,high,high,us,117,32.87,95.17,1,0,0,0,0,1,1,IaaS,Public Cloud,AWS
420.06,startup,medium,moderate,asia,218,25.49,97.02,1,0,0,0,0,0,1,PaaS,Public Cloud,GCP
612.26,ml,low,high,eu,333,131.23,96.5,1,0,0,0,1,0,0,IaaS,Private Cloud,Azure
4515.07,enterprise,medium,basic,eu,90,234.85,97.84,0,1,1,0,0,0,0,SaaS,Hybrid Cloud,Azure
222.08,webapp,medium,moderate,asia,32,69.6,99.69,0,1,0,1,0,0,1,PaaS,Public Cloud,GCP
376.0,webapp,low,high,asia,270,186.46,95.88,1,0,0,1,0,0,1,IaaS,Private Cloud,GCP
1903.02,enterprise,medium,basic,us,286,313.56,95.46,0,0,1,0,0,0,0,SaaS,Public Cloud,Azure
480.36,webapp,high,moderate,eu,485,10.7,97.91,0,0,0,1,0,1,1,PaaS,Public Cloud,GCP
159.48,webapp,medium,basic,eu,329,56.47,95.96,0,1,0,1,0,0,1,PaaS,Public Cloud,GCP
337.68,webapp,medium,basic,us,282,522.29,95.15,0,0,0,0,0,0,1,PaaS,Public Cloud,AWS
2360.17,enterprise,high,basic,eu,330,2856.24,95.41,0,0,0,0,0,1,0,SaaS,Public Cloud,AWS
446.26,webapp,high,high,eu,34,35.09,95.14,1,1,0,0,0,1,1,IaaS,Hybrid Cloud,Azure
142.67,startup,medium,high,eu,143,17.89,97.05,1,0,0,0,0,0,1,IaaS,Private Cloud,Azure
1168.52,webapp,high,high,us,283,45.4,98.85,1,0,0,1,0,1,1,IaaS,Private Cloud,AWS
106.46,webapp,medium,basic,asia,488,56.13,97.83,0,1,0,1,0,0,1,PaaS,Public Cloud,GCP
113.35,startup,high,moderate,us,313,56.44,95.36,1,0,0,1,0,1,1,PaaS,Public Cloud,GCP
546.26,webapp,high,high,eu,368,71.6,99.37,1,0,0,1,0,0,1,IaaS,Private Cloud,Azure
616.83,webapp,low,moderate,asia,245,55.86,99.06,1,0,0,1,0,0,1,IaaS,Private Cloud,GCP
872.54,webapp,medium,moderate,us,409,1973.04,95.53,0,1,0,0,0,0,1,IaaS,Public Cloud,AWS
138.89,startup,medium,high,eu,137,464.5,96.69,1,0,0,0,0,0,1,IaaS,Private Cloud,Azure
121.07,startup,low,high,eu,116,309.63,97.72,1,0,0,1,0,0,1,IaaS,Private Cloud,GCP
273.61,webapp,low,basic,asia,244,152.69,98.18,0,1,0,0,0,0,1,PaaS,Public Cloud,GCP
1894.72,ml,medium,moderate,us,75,797.22,95.16,1,1,0,0,1,0,0,IaaS,Hybrid Cloud,GCP
237.68,startup,low,basic,asia,241,5515.35,97.8,0,0,0,0,0,0,1,PaaS,Public Cloud,AWS
113.93,startup,medium,moderate,eu,274,95.01,99.2,0,0,0,1,0,0,1,PaaS,Public Cloud,GCP
206.43,webapp,high,high,eu,328,6.92,95.76,1,1,0,1,0,0,1,IaaS,Hybrid Cloud,GCP
56.21,startup,medium,high,asia,407,7.16,99.59,1,0,0,1,0,0,1,IaaS,Private Cloud,GCP
109.31,startup,medium,moderate,asia,284,233.77,96.08,0,1,0,0,0,0,1,PaaS,Public Cloud,GCP
3424.81,enterprise,medium,moderate,asia,237,319.21,97.81,1,1,0,0,0,0,0,IaaS,Hybrid Cloud,AWS
2013.88,enterprise,medium,basic,eu,302,58.64,95.82,0,0,1,0,0,0,0,SaaS,Public Cloud,Azure
586.01,webapp,medium,basic,eu,65,1974.69,95.38,0,0,0,0,0,0,1,PaaS,Public Cloud,AWS
1094.49,enterprise,high,moderate,asia,333,294.84,99.02,1,1,1,0,0,1,0,IaaS,Hybrid Cloud,Azure
92.62,startup,high,moderate,asia,224,108.24,99.55,0,0,0,1,0,1,1,PaaS,Public Cloud,GCP
1322.36,enterprise,medium,high,eu,382,41.2,99.58,1,0,1,0,0,0,0,IaaS,Private Cloud,Azure
836.83,enterprise,low,basic,asia,426,28.26,99.42,0,1,1,0,0,0,0,IaaS,Public Cloud,Azure
2893.39,enterprise,medium,moderate,us,92,554.86,96.89,1,1,1,0,0,0,0,IaaS,Hybrid Cloud,Azure
80.35,startup,low,basic,asia,422,703.56,98.42,0,1,0,1,0,0,1,PaaS,Public Cloud,GCP
5677.64,enterprise,medium,moderate,us,40,26.55,98.11,0,0,1,0,0,0,0,IaaS,Hybrid Cloud,Azure
1973.99,ml,low,moderate,us,93,9.51,96.0,0,0,0,0,1,0,0,IaaS,Private Cloud,GCP
1899.45,enterprise,high,basic,asia,196,140.92,95.93,0,0,1,0,0,0,0,SaaS,Public Cloud,Azure
613.42,webapp,low,high,us,457,2.36,95.43,1,0,0,1,0,0,1,IaaS,Private Cloud,AWS
2564.16,enterprise,high,basic,eu,153,672.19,95.95,0,1,0,0,0,1,0,IaaS,Public Cloud,AWS
1204.92,ml,medium,moderate,eu,466,75.24,97.18,0,1,0,0,1,0,0,IaaS,Hybrid Cloud,GCP
591.35,webapp,medium,high,asia,185,11.72,95.64,1,0,0,1,0,0,1,IaaS,Private Cloud,GCP
6007.51,enterprise,low,moderate,eu,302,163.95,95.86,1,1,1,0,0,0,0,IaaS,Hybrid Cloud,Azure
573.08,webapp,high,high,asia,198,34.8,97.05,1,1,0,1,0,1,1,IaaS,Hybrid Cloud,GCP
673.34,startup,medium,moderate,eu,149,26.63,98.78,0,1,0,0,0,0,1,IaaS,Public Cloud,AWS
330.34,startup,high,basic,us,337,136.28,95.36,0,1,0,0,0,1,1,PaaS,Public Cloud,AWS
4312.6,enterprise,medium,basic,eu,340,104.78,97.72,0,1,1,0,0,0,0,IaaS,Hybrid Cloud,Azure
1120.2,enterprise,low,high,us,125,16.32,96.68,1,0,1,0,0,0,0,IaaS,Private Cloud,Azure
14468.56,enterprise,medium,high,us,483,29.0,97.04,1,0,1,0,0,0,0,IaaS,Private Cloud,Azure
453.34,startup,high,moderate,eu,204,4.25,98.68,0,1,0,0,0,0,1,PaaS,Public Cloud,AWS
279.88,webapp,medium,basic,asia,369,35.2,95.49,0,0,0,1,0,0,1,PaaS,Public Cloud,GCP
498.67,webapp,high,moderate,eu,215,168.91,96.17,0,0,0,0,0,1,1,PaaS,Public Cloud,AWS
2089.92,enterprise,medium,moderate,eu,68,7.77,97.53,0,1,1,0,0,0,0,IaaS,Hybrid Cloud,Azure
296.53,startup,low,moderate,us,322,15.61,96.32,0,1,0,0,0,0,1,PaaS,Public Cloud,AWS
2802.82,enterprise,low,high,us,331,345.01,97.3,1,1,1,0,0,0,0,IaaS,Hybrid Cloud,Azure
1014.34,ml,low,basic,asia,110,29.29,99.55,0,1,0,0,1,0,0,IaaS,Public Cloud,GCP
82.99,webapp,medium,basic,eu,245,36.47,96.91,0,1,0,0,0,0,1,PaaS,Public Cloud,AWS
1213.95,enterprise,medium,moderate,us,63,70.25,96.59,1,1,1,0,0,0,0,IaaS,Hybrid Cloud,Azure
333.65,startup,low,moderate,eu,150,15.8,97.68,1,1,0,1,0,0,1,IaaS,Public Cloud,GCP
902.2,webapp,low,basic,us,133,19.53,96.88,0,0,0,0,0,0,1,PaaS,Public Cloud,AWS
700.93,startup,low,moderate,us,191,74.87,99.29,1,0,0,0,0,0,1,IaaS,Public Cloud,AWS
1966.96,startup,high,basic,asia,116,142.49,95.68,0,0,0,1,0,0,1,PaaS,Public Cloud,GCP
304.45,startup,medium,moderate,us,339,12.22,96.94,0,1,0,1,0,0,1,PaaS,Public Cloud,GCP
287.47,startup,high,moderate,us,17,48.59,96.6,1,1,0,0,0,1,1,PaaS,Public Cloud,AWS
5764.83,enterprise,medium,basic,asia,447,772.6,98.86,0,0,1,0,0,0,0,SaaS,Public Cloud,Azure
1423.56,webapp,medium,basic,us,163,193.25,97.52,0,0,0,0,0,0,1,PaaS,Public Cloud,AWS
779.18,startup,high,basic,eu,73,223.18,98.05,0,1,0,0,0,1,1,PaaS,Public Cloud,AWS
631.16,ml,low,basic,eu,409,69.77,96.9,0,0,0,0,1,0,0,IaaS,Public Cloud,GCP
3154.48,enterprise,high,high,asia,334,10.16,99.57,1,0,1,0,0,1,0,IaaS,Private Cloud,Azure
1362.15,webapp,medium,moderate,us,349,16.94,99.43,0,0,0,1,0,0,1,PaaS,Public Cloud,AWS
405.08,webapp,low,basic,us,470,97.17,98.14,0,0,0,0,0,0,1,PaaS,Public Cloud,AWS
220.69,startup,low,basic,eu,48,74.75,97.15,0,1,0,1,0,0,1,PaaS,Public Cloud,GCP
63.91,webapp,low,moderate,eu,2,39.89,99.0,1,0,0,0,0,0,1,PaaS,Public Cloud,Azure
489.72,startup,medium,high,eu,226,139.72,96.23,1,0,0,0,0,0,1,IaaS,Private Cloud,Azure
10824.46,enterprise,high,moderate,eu,119,57.59,97.44,0,0,1,0,0,1,0,IaaS,Public Cloud,Azure
2349.05,enterprise,medium,moderate,us,322,1.72,97.46,0,0,1,0,0,0,0,IaaS,Hybrid Cloud,Azure
2621.72,webapp,low,high,asia,31,353.71,95.47,1,1,0,0,0,0,0,IaaS,Private Cloud,AWS
93.48,startup,medium,high,asia,57,6.14,97.23,1,0,0,1,0,0,1,PaaS,Private Cloud,GCP
375.82,webapp,medium,moderate,asia,175,21.18,99.43,1,0,0,0,0,0,1,PaaS,Public Cloud,GCP
4959.83,enterprise,low,high,eu,227,52.06,95.47,1,0,1,0,0,0,0,IaaS,Private Cloud,Azure
245.22,enterprise,medium,basic,us,205,87.31,99.26,0,0,1,0,0,0,0,SaaS,Public Cloud,Azure
131.93,startup,medium,moderate,us,476,45.96,97.53,1,0,0,1,0,0,1,PaaS,Public Cloud,GCP
624.3,ml,high,moderate,asia,234,16.54,98.91,0,1,0,0,1,1,0,IaaS,Public Cloud,GCP
172.57,webapp,low,basic,eu,485,8.54,95.31,0,0,0,1,0,0,1,PaaS,Public Cloud,GCP
711.86,webapp,medium,basic,us,480,5.91,98.67,0,1,0,0,0,0,1,PaaS,Public Cloud,AWS
3763.78,enterprise,medium,moderate,us,9,62.89,98.37,0,1,1,0,0,0,0,SaaS,Hybrid Cloud,Azure
4541.67,enterprise,low,moderate,eu,437,359.14,95.89,1,0,0,0,0,0,0,IaaS,Private Cloud,Azure
648.74,webapp,high,high,us,17,247.67,99.18,1,1,0,1,0,0,1,IaaS,Hybrid Cloud,GCP
836.96,webapp,medium,high,eu,465,162.8,95.95,1,0,0,1,0,0,1,IaaS,Private Cloud,Azure
782.09,webapp,high,basic,asia,110,168.02,97.61,0,0,0,0,0,1,1,PaaS,Public Cloud,AWS
5305.25,enterprise,medium,moderate,asia,143,5.68,95.63,0,1,1,0,0,0,0,IaaS,Hybrid Cloud,Azure
54.46,startup,medium,basic,asia,27,16.61,98.19,0,0,0,0,0,0,1,PaaS,Public Cloud,GCP
3931.81,ml,medium,basic,asia,59,76.86,98.63,0,0,0,0,1,0,0,IaaS,Public Cloud,GCP
6686.67,enterprise,high,moderate,eu,116,152.57,99.32,1,0,1,0,0,1,0,IaaS,Hybrid Cloud,Azure
318.67,webapp,high,moderate,eu,281,50.96,98.19,0,0,0,0,0,1,1,PaaS,Public Cloud,AWS
276.76,webapp,medium,basic,us,357,340.69,96.19,0,0,0,1,0,0,1,PaaS,Public Cloud,GCP
6307.8,ml,medium,moderate,eu,35,43.34,95.92,0,0,0,0,1,0,0,IaaS,Public Cloud,GCP
4438.37,enterprise,high,basic,eu,144,88.34,96.25,0,1,1,0,0,0,0,IaaS,Public Cloud,Azure
158.0,webapp,medium,basic,eu,135,6.99,97.99,0,1,0,1,0,0,1,PaaS,Public Cloud,GCP
807.39,webapp,high,moderate,eu,367,3055.46,99.12,0,0,0,1,0,1,1,PaaS,Public Cloud,AWS
830.38,webapp,medium,high,asia,139,262.83,97.68,1,0,0,0,0,0,1,IaaS,Private Cloud,AWS
363.69,startup,high,high,us,376,49.7,95.56,1,0,0,1,0,1,1,IaaS,Public Cloud,GCP
1246.39,startup,medium,high,eu,348,93.44,99.99,1,0,0,1,0,0,1,IaaS,Private Cloud,Azure
234.68,startup,high,moderate,asia,91,3.37,97.41,0,1,0,0,0,1,1,PaaS,Public Cloud,GCP
149.44,startup,high,moderate,eu,154,83.79,95.51,0,0,0,1,0,0,1,PaaS,Public Cloud,GCP
6903.8,enterprise,low,basic,eu,29,639.2,96.07,0,0,1,0,0,0,0,SaaS,Public Cloud,Azure
214.15,webapp,low,moderate,eu,303,46.04,96.35,0,1,0,0,0,0,1,PaaS,Public Cloud,GCP
176.32,startup,medium,moderate,us,485,150.0,96.04,0,0,0,1,0,0,1,PaaS,Public Cloud,GCP
2510.72,enterprise,high,moderate,asia,254,283.65,97.8,0,0,1,0,0,1,0,IaaS,Public Cloud,Azure
899.66,enterprise,low,high,eu,465,2.46,98.69,1,0,1,0,0,0,0,IaaS,Private Cloud,Azure
429.63,webapp,medium,moderate,eu,265,20.88,98.45,0,1,0,0,0,0,1,PaaS,Public Cloud,GCP
97.62,startup,high,basic,asia,180,283.36,95.63,0,1,0,1,0,1,1,PaaS,Public Cloud,GCP
1161.88,ml,low,basic,us,235,161.07,95.34,0,1,0,0,1,0,0,IaaS,Public Cloud,GCP
1091.94,enterprise,medium,moderate,asia,480,30.84,99.68,0,1,0,0,0,0,0,IaaS,Hybrid Cloud,AWS
314.55,webapp,medium,basic,eu,271,19.99,96.75,0,0,0,0,0,0,1,PaaS,Public Cloud,GCP
4588.46,enterprise,medium,basic,us,498,3.99,98.34,0,0,1,0,0,0,0,SaaS,Public Cloud,Azure
653.9,webapp,low,basic,eu,330,184.73,97.54,0,0,0,0,0,0,1,PaaS,Public Cloud,AWS
1539.33,enterprise,medium,moderate,eu,178,112.81,96.29,1,0,0,0,0,0,0,IaaS,Hybrid Cloud,Azure
101.35,startup,high,moderate,asia,382,53.39,96.7,0,1,0,0,0,1,1,PaaS,Public Cloud,GCP
202.65,webapp,medium,basic,us,219,137.98,95.49,0,0,0,1,0,0,1,PaaS,Public Cloud,GCP
8988.61,ml,high,moderate,eu,348,211.28,97.23,1,1,0,0,1,0,0,IaaS,Hybrid Cloud,GCP
2361.02,webapp,low,moderate,us,222,928.88,98.51,0,0,0,1,0,0,0,PaaS,Public Cloud,GCP
134.98,webapp,high,high,eu,391,38.94,97.12,1,0,0,0,0,1,1,IaaS,Private Cloud,AWS
6921.0,enterprise,medium,moderate,us,160,52.92,97.1,0,0,1,0,0,0,0,IaaS,Hybrid Cloud,Azure
837.74,enterprise,medium,moderate,us,97,546.88,96.02,1,1,1,0,0,0,0,IaaS,Hybrid Cloud,Azure
184.83,webapp,low,moderate,us,347,36.51,97.56,0,0,0,1,0,0,1,PaaS,Public Cloud,GCP
1288.16,ml,low,moderate,us,408,15.36,96.44,0,1,0,0,1,0,0,IaaS,Hybrid Cloud,GCP
172.99,webapp,low,moderate,us,415,91.8,95.47,0,0,0,1,0,0,1,PaaS,Public Cloud,GCP
238.21,webapp,high,high,asia,143,39.05,99.79,1,0,0,0,0,0,1,IaaS,Private Cloud,GCP
411.18,startup,low,moderate,us,459,8.12,95.99,0,1,0,0,0,0,1,PaaS,Public Cloud,AWS
6766.5,enterprise,high,moderate,asia,443,40.72,95.04,1,0,0,0,0,1,0,IaaS,Hybrid Cloud,AWS
474.42,webapp,medium,moderate,eu,314,39.45,99.9,1,0,0,1,0,0,1,PaaS,Public Cloud,GCP
114.56,webapp,low,high,eu,107,19.17,97.77,1,1,0,1,0,0,1,IaaS,Private Cloud,GCP
944.52,webapp,medium,high,eu,108,12.04,97.2,1,0,0,1,0,0,1,IaaS,Private Cloud,Azure
309.41,startup,low,moderate,asia,485,844.71,99.51,1,1,0,1,0,0,1,IaaS,Public Cloud,GCP
1500.78,ml,medium,moderate,us,266,358.51,98.23,1,1,0,0,1,0,0,IaaS,Hybrid Cloud,GCP
9470.41,enterprise,low,basic,us,364,264.58,96.94,0,1,1,0,0,0,0,IaaS,Hybrid Cloud,Azure
473.5,webapp,low,basic,us,111,5.96,97.15,0,0,0,1,0,0,1,PaaS,Public Cloud,GCP
563.06,webapp,low,moderate,asia,159,41.23,99.48,0,1,0,1,0,0,1,IaaS,Public Cloud,GCP
256.85,webapp,low,high,eu,53,180.41,97.35,1,0,0,1,0,0,1,IaaS,Private Cloud,GCP
298.27,startup,medium,high,eu,110,53.81,98.76,1,0,0,0,0,0,1,IaaS,Private Cloud,Azure
52.63,startup,medium,basic,asia,54,37.96,96.92,0,0,0,1,0,0,1,PaaS,Public Cloud,GCP
606.1,webapp,medium,moderate,us,274,65.71,99.95,1,0,0,1,0,0,1,IaaS,Public Cloud,GCP
5156.54,enterprise,high,high,asia,28,7.59,99.58,1,0,1,0,0,0,0,IaaS,Private Cloud,Azure
1586.29,enterprise,medium,moderate,us,196,34.92,96.97,0,1,0,0,0,0,0,IaaS,Hybrid Cloud,AWS
3265.79,enterprise,low,basic,eu,258,37.61,99.86,0,1,1,0,0,0,0,IaaS,Hybrid Cloud,Azure
1484.33,enterprise,low,basic,eu,189,78.6,98.43,0,0,1,0,0,0,0,SaaS,Public Cloud,Azure
6181.73,enterprise,low,moderate,eu,490,27.84,97.59,0,0,1,0,0,0,0,IaaS,Private Cloud,Azure
141.67,webapp,medium,moderate,asia,201,17.91,98.24,1,0,0,0,0,0,1,PaaS,Public Cloud,GCP
1923.81,ml,low,high,us,498,775.89,97.18,1,1,0,0,1,0,0,IaaS,Private Cloud,GCP
752.66,startup,medium,basic,asia,483,661.88,98.29,0,0,0,1,0,0,1,PaaS,Public Cloud,GCP
333.6,webapp,high,basic,us,150,15.48,95.72,0,0,0,1,0,0,1,PaaS,Public Cloud,GCP
371.12,startup,medium,moderate,us,407,42.46,96.1,0,1,0,1,0,0,1,PaaS,Public Cloud,GCP
50.0,webapp,high,high,asia,207,14.66,96.69,1,0,0,0,0,1,1,IaaS,Private Cloud,GCP
1072.35,webapp,high,moderate,us,384,46.79,99.67,0,0,0,1,0,0,1,PaaS,Public Cloud,GCP
2358.37,webapp,medium,moderate,eu,300,1250.9,99.47,0,1,0,0,0,0,0,PaaS,Hybrid Cloud,AWS
2358.31,webapp,medium,moderate,eu,387,62.05,97.1,0,0,0,1,0,0,0,PaaS,Public Cloud,Azure
245.7,webapp,low,high,eu,40,53.09,96.38,1,0,0,0,0,0,1,PaaS,Private Cloud,Azure
87.74,webapp,high,basic,asia,118,6.01,95.9,0,1,0,0,0,1,1,PaaS,Public Cloud,GCP
553.8,webapp,medium,high,eu,112,1.2,95.81,1,1,0,1,0,0,1,IaaS,Hybrid Cloud,Azure
7056.64,enterprise,medium,moderate,us,491,23.68,99.63,0,1,0,0,0,0,0,IaaS,Hybrid Cloud,AWS
10402.04,enterprise,medium,moderate,us,494,52.79,97.25,0,0,0,0,0,0,0,IaaS,Hybrid Cloud,AWS
109.89,startup,medium,moderate,asia,401,24.77,95.22,0,0,0,0,0,0,1,PaaS,Public Cloud,GCP
251.94,startup,medium,high,eu,121,341.48,97.33,1,1,0,1,0,0,1,IaaS,Hybrid Cloud,GCP
248.25,startup,low,high,us,101,335.63,95.9,1,1,0,0,0,0,1,IaaS,Private Cloud,AWS
1736.83,ml,medium,basic,asia,342,85.08,97.31,0,0,0,0,1,0,0,IaaS,Public Cloud,GCP
461.03,webapp,medium,basic,us,131,251.65,95.29,0,1,0,1,0,0,1,PaaS,Public Cloud,GCP
21322.98,enterprise,medium,basic,asia,434,438.34,98.95,0,0,1,0,0,0,0,IaaS,Public Cloud,Azure
1719.2,enterprise,high,basic,eu,254,40.08,99.98,0,0,1,0,0,0,0,SaaS,Public Cloud,Azure
570.29,webapp,low,moderate,us,49,48.3,95.35,0,0,0,1,0,0,1,PaaS,Public Cloud,GCP
2409.06,enterprise,medium,high,eu,185,138.51,96.45,1,0,0,0,0,0,0,IaaS,Private Cloud,Azure
122.92,startup,low,high,eu,409,24.25,99.94,1,0,0,1,0,0,1,IaaS,Private Cloud,GCP
356.29,webapp,high,basic,us,301,138.91,98.44,0,1,0,0,0,0,1,PaaS,Public Cloud,AWS
1471.28,webapp,low,basic,eu,405,16.52,99.74,0,1,0,1,0,0,1,PaaS,Public Cloud,GCP
281.8,startup,medium,moderate,asia,53,107.43,96.81,0,1,0,0,0,0,1,PaaS,Public Cloud,GCP
1166.77,enterprise,low,basic,us,215,7.8,99.13,0,0,1,0,0,0,0,SaaS,Public Cloud,Azure
2952.19,enterprise,high,basic,eu,187,241.65,96.55,0,1,0,0,0,0,0,IaaS,Public Cloud,Azure
98.36,startup,medium,moderate,us,74,5.83,98.63,1,0,0,1,0,0,1,PaaS,Public Cloud,GCP
703.97,webapp,medium,moderate,asia,121,70.43,99.6,0,0,0,0,0,0,1,PaaS,Public Cloud,AWS
200.08,startup,high,high,eu,467,129.66,95.96,1,1,0,0,0,1,1,IaaS,Hybrid Cloud,Azure
6074.84,ml,medium,high,asia,21,114.2,97.0,1,1,0,0,1,0,0,IaaS,Hybrid Cloud,GCP
2640.19,webapp,low,moderate,asia,71,2.61,98.6,0,1,0,0,0,0,0,PaaS,Hybrid Cloud,GCP
733.49,startup,high,moderate,asia,417,67.56,96.0,0,1,0,1,0,1,1,PaaS,Public Cloud,GCP
1556.11,enterprise,low,moderate,us,456,25.8,95.93,0,0,1,0,0,0,0,IaaS,Private Cloud,Azure
392.4,startup,medium,high,asia,332,73.16,96.72,1,0,0,0,0,0,1,IaaS,Private Cloud,GCP
272.05,webapp,low,moderate,asia,327,1483.39,99.97,0,1,0,0,0,0,1,PaaS,Public Cloud,AWS
241.87,startup,medium,moderate,eu,84,23.51,97.86,1,1,0,0,0,0,1,PaaS,Public Cloud,Azure
6027.75,enterprise,high,moderate,us,67,3.75,98.24,1,1,1,0,0,1,0,IaaS,Hybrid Cloud,Azure
562.31,startup,high,high,eu,76,11.84,98.94,1,1,0,0,0,1,1,IaaS,Public Cloud,AWS
393.35,enterprise,high,moderate,us,142,39.85,96.44,1,0,1,0,0,1,0,IaaS,Public Cloud,Azure
942.94,webapp,high,basic,asia,372,88.18,95.9,0,0,0,0,0,0,1,PaaS,Public Cloud,AWS
799.96,ml,medium,high,us,310,299.84,96.85,1,0,0,0,1,0,0,IaaS,Private Cloud,GCP
222.72,startup,medium,moderate,asia,111,14.74,98.43,1,0,0,1,0,0,1,PaaS,Public Cloud,GCP
1070.96,webapp,high,moderate,eu,340,36.54,96.59,1,1,0,1,0,1,1,IaaS,Hybrid Cloud,Azure
150.19,webapp,high,high,us,35,38.16,96.94,1,0,0,1,0,0,1,IaaS,Private Cloud,GCP
398.73,webapp,high,moderate,eu,380,38.03,98.53,0,0,0,1,0,1,1,PaaS,Public Cloud,GCP
359.25,startup,medium,moderate,eu,394,48.95,95.88,0,1,0,0,0,0,1,PaaS,Public Cloud,AWS
2113.66,ml,low,basic,eu,351,135.97,96.16,0,0,0,0,1,0,0,IaaS,Public Cloud,GCP
134.35,webapp,medium,basic,asia,207,106.41,97.26,0,0,0,1,0,0,1,PaaS,Public Cloud,GCP
1206.67,enterprise,medium,basic,us,274,7.36,96.74,0,0,1,0,0,0,0,SaaS,Public Cloud,Azure
532.17,webapp,low,moderate,asia,67,4.16,98.16,0,0,0,0,0,0,1,PaaS,Public Cloud,AWS
434.94,webapp,low,moderate,us,414,118.87,95.33,0,0,0,1,0,0,1,PaaS,Public Cloud,GCP
3323.9,webapp,medium,moderate,asia,140,236.69,97.05,0,0,0,1,0,0,0,PaaS,Public Cloud,GCP
2801.48,webapp,medium,moderate,eu,364,109.1,96.66,0,0,0,0,0,0,0,PaaS,Public Cloud,Azure
435.97,ml,medium,basic,eu,372,61.92,99.25,0,0,0,0,1,0,0,IaaS,Public Cloud,GCP
556.69,startup,low,high,eu,373,825.06,98.94,1,0,0,0,0,0,1,IaaS,Private Cloud,Azure
360.71,enterprise,medium,moderate,us,147,61.37,96.33,1,0,1,0,0,0,0,IaaS,Hybrid Cloud,Azure
3520.95,enterprise,low,moderate,us,474,26.55,96.92,0,1,0,0,0,0,0,IaaS,Hybrid Cloud,AWS
744.22,ml,high,basic,us,244,117.71,98.09,0,0,0,0,1,1,0,IaaS,Public Cloud,GCP
418.74,webapp,high,basic,us,48,63.46,97.66,0,0,0,0,0,1,1,PaaS,Public Cloud,AWS
256.77,webapp,low,moderate,asia,314,5.08,97.82,0,1,0,1,0,0,1,PaaS,Public Cloud,GCP
678.78,startup,high,moderate,eu,422,203.23,99.43,1,1,0,0,0,0,1,IaaS,Public Cloud,Azure
4107.56,ml,medium,basic,us,258,20.63,98.94,0,1,0,0,1,0,0,IaaS,Public Cloud,GCP
529.37,webapp,medium,basic,us,499,26.85,97.95,0,1,0,0,0,0,1,PaaS,Public Cloud,AWS
144.49,startup,medium,moderate,eu,221,13.39,96.61,1,0,0,1,0,0,1,PaaS,Public Cloud,GCP
6557.02,enterprise,high,basic,asia,455,616.35,97.38,0,1,1,0,0,1,0,IaaS,Public Cloud,Azure
16488.87,ml,high,basic,asia,302,11.41,99.02,0,0,0,0,1,1,0,IaaS,Public Cloud,GCP
835.8,webapp,low,basic,us,3,10.12,97.64,0,0,0,0,0,0,1,PaaS,Public Cloud,AWS
164.64,webapp,medium,moderate,asia,9,9.52,97.72,1,1,0,1,0,0,1,PaaS,Hybrid Cloud,GCP
130.73,startup,medium,moderate,eu,140,479.44,98.83,1,0,0,1,0,0,1,PaaS,Public Cloud,GCP
1001.38,webapp,low,high,asia,79,109.08,96.96,1,0,0,0,0,0,1,IaaS,Private Cloud,AWS
291.96,webapp,high,basic,us,293,24.78,99.47,0,1,0,0,0,1,1,PaaS,Public Cloud,AWS
160.27,webapp,low,basic,eu,32,9.38,96.04,0,1,0,1,0,0,1,PaaS,Public Cloud,GCP
409.42,webapp,medium,moderate,asia,263,242.09,97.62,0,0,0,1,0,0,1,PaaS,Public Cloud,GCP
348.85,startup,medium,high,us,123,71.75,96.59,1,1,0,0,0,0,1,IaaS,Hybrid Cloud,AWS
543.35,webapp,medium,basic,eu,9,11.43,96.28,0,1,0,0,0,0,1,PaaS,Public Cloud,AWS
147.56,webapp,low,high,eu,429,23.95,98.99,1,0,0,1,0,0,1,IaaS,Private Cloud,GCP
1515.68,webapp,medium,basic,asia,487,81.82,98.8,0,1,0,0,0,0,1,PaaS,Public Cloud,AWS
1199.61,webapp,medium,basic,asia,380,30.82,95.73,0,1,0,1,0,0,1,PaaS,Public Cloud,GCP
85.93,startup,high,basic,us,464,102.07,95.91,0,1,0,0,0,1,1,PaaS,Public Cloud,AWS
367.91,webapp,medium,moderate,eu,271,124.34,96.5,1,1,0,0,0,0,1,IaaS,Hybrid Cloud,Azure
9217.39,enterprise,low,basic,us,122,3.99,98.81,0,0,0,0,0,0,0,SaaS,Public Cloud,AWS
4839.11,enterprise,high,moderate,asia,192,17.72,97.14,0,0,1,0,0,0,0,IaaS,Public Cloud,Azure
496.11,webapp,high,moderate,eu,360,282.36,96.45,0,1,0,1,0,1,1,PaaS,Public Cloud,GCP
4189.25,enterprise,medium,high,us,202,17.58,95.43,1,1,0,0,0,0,0,IaaS,Hybrid Cloud,AWS
93.81,webapp,low,high,asia,18,40.74,98.0,1,0,0,1,0,0,1,PaaS,Private Cloud,GCP
231.26,webapp,medium,high,eu,343,25.98,97.07,1,1,0,0,0,0,1,IaaS,Hybrid Cloud,Azure
5959.94,enterprise,medium,moderate,asia,100,32.81,96.04,1,0,0,0,0,0,0,IaaS,Hybrid Cloud,AWS
892.15,startup,low,high,us,366,17.19,99.15,1,1,0,0,0,0,1,IaaS,Private Cloud,AWS
1304.64,ml,low,high,asia,308,308.38,96.26,1,1,0,0,1,0,0,IaaS,Private Cloud,GCP
190.36,webapp,high,high,asia,134,199.71,97.93,1,1,0,1,0,1,1,IaaS,Hybrid Cloud,GCP
3291.49,enterprise,low,high,asia,479,24.17,98.52,1,0,1,0,0,0,0,IaaS,Private Cloud,Azure
2368.19,webapp,medium,basic,eu,319,147.73,95.61,0,1,0,0,0,0,0,PaaS,Public Cloud,Azure
197.84,webapp,medium,basic,eu,280,35.18,96.36,0,1,0,0,0,0,1,PaaS,Public Cloud,GCP
321.72,ml,medium,high,eu,158,21.0,96.08,1,0,0,0,1,0,0,IaaS,Private Cloud,GCP
8614.92,enterprise,high,moderate,asia,451,130.29,97.94,0,0,1,0,0,0,0,IaaS,Public Cloud,Azure
14773.09,enterprise,medium,high,us,367,30.2,96.84,1,1,0,0,0,0,0,IaaS,Hybrid Cloud,AWS
50.0,startup,medium,moderate,asia,250,11.7,95.8,0,1,0,1,0,0,1,PaaS,Public Cloud,GCP
122.3,startup,medium,moderate,eu,271,52.22,98.11,0,0,0,1,0,0,1,PaaS,Public Cloud,GCP
1395.1,webapp,low,moderate,eu,86,289.6,99.16,0,0,0,1,0,0,1,PaaS,Public Cloud,GCP
1470.46,enterprise,high,basic,eu,383,160.68,99.55,0,1,0,0,0,0,0,IaaS,Public Cloud,Azure
424.53,webapp,medium,basic,eu,173,8.18,96.49,0,1,0,1,0,0,1,PaaS,Public Cloud,GCP
432.62,webapp,medium,moderate,us,405,551.67,96.74,0,0,0,1,0,0,1,PaaS,Public Cloud,GCP
74.52,startup,medium,moderate,eu,39,12.62,95.69,0,0,0,1,0,0,1,PaaS,Public Cloud,GCP
124.35,webapp,high,moderate,us,338,44.39,95.21,0,0,0,0,0,1,1,PaaS,Public Cloud,AWS
1665.11,webapp,medium,high,eu,369,6.08,95.23,1,1,0,0,0,0,1,IaaS,Hybrid Cloud,Azure
2521.58,webapp,low,high,asia,75,61.84,96.81,1,1,0,1,0,0,0,IaaS,Private Cloud,GCP
756.44,webapp,high,moderate,asia,99,23.47,99.9,0,1,0,1,0,0,1,PaaS,Public Cloud,GCP
224.84,webapp,high,moderate,asia,317,386.05,95.22,1,1,0,0,0,0,1,IaaS,Public Cloud,GCP
563.62,webapp,high,moderate,asia,37,40.35,99.44,1,0,0,1,0,0,1,PaaS,Public Cloud,GCP
1926.55,enterprise,medium,moderate,eu,353,272.47,97.94,1,0,1,0,0,0,0,IaaS,Hybrid Cloud,Azure
707.15,webapp,high,moderate,asia,79,39.32,98.1,0,0,0,1,0,0,1,PaaS,Public Cloud,GCP
119.43,startup,medium,basic,asia,365,129.05,99.93,0,1,0,1,0,0,1,PaaS,Public Cloud,GCP
3317.95,enterprise,medium,high,us,112,31.0,99.82,1,0,0,0,0,0,0,IaaS,Private Cloud,AWS
362.5,webapp,medium,basic,eu,244,252.89,95.87,0,0,0,1,0,0,1,PaaS,Public Cloud,GCP
261.03,startup,low,basic,us,34,9.03,96.76,0,1,0,1,0,0,1,PaaS,Public Cloud,GCP
386.35,startup,low,high,asia,45,16.09,97.31,1,1,0,1,0,0,1,IaaS,Private Cloud,GCP
2742.89,enterprise,medium,moderate,asia,39,3.89,97.47,0,0,0,0,0,0,0,SaaS,Hybrid Cloud,AWS
183.31,webapp,medium,high,asia,143,58.37,96.29,1,1,0,0,0,0,1,IaaS,Hybrid Cloud,GCP
773.83,webapp,low,high,eu,414,599.52,96.46,1,1,0,0,0,0,1,IaaS,Private Cloud,Azure
109.21,startup,low,basic,eu,460,5.5,98.47,0,1,0,1,0,0,1,PaaS,Public Cloud,GCP
140.36,webapp,high,high,us,50,405.92,96.9,1,0,0,1,0,1,1,PaaS,Private Cloud,GCP
222.3,startup,high,basic,us,410,13.98,96.4,0,0,0,1,0,1,1,PaaS,Public Cloud,GCP
607.77,ml,high,moderate,eu,290,16.28,96.03,0,0,0,0,1,1,0,IaaS,Public Cloud,GCP
200.83,startup,low,moderate,asia,21,3.04,99.02,0,1,0,1,0,0,1,PaaS,Public Cloud,GCP
9442.76,ml,high,basic,asia,134,56.82,95.37,0,1,0,0,1,1,0,IaaS,Public Cloud,GCP
301.13,startup,medium,high,us,404,27.67,97.89,1,0,0,1,0,0,1,IaaS,Private Cloud,GCP
176.82,startup,medium,moderate,us,159,16.51,99.6,1,0,0,1,0,0,1,PaaS,Public Cloud,GCP
319.48,webapp,low,moderate,us,488,154.31,95.06,0,1,0,1,0,0,1,PaaS,Public Cloud,GCP
4114.62,ml,low,high,us,161,30.19,95.41,1,0,0,0,1,0,0,IaaS,Private Cloud,GCP
194.35,webapp,high,moderate,us,9,48.58,95.55,0,0,0,1,0,0,1,PaaS,Public Cloud,GCP
17094.13,enterprise,high,high,eu,431,39.37,99.62,1,1,0,0,0,1,0,IaaS,Hybrid Cloud,Azure
383.54,enterprise,medium,basic,asia,325,11.84,98.95,0,0,0,0,0,0,0,SaaS,Public Cloud,GCP
4996.82,enterprise,medium,high,asia,66,80.35,99.48,1,1,1,0,0,0,0,IaaS,Hybrid Cloud,Azure
819.14,webapp,medium,basic,us,375,268.44,95.02,0,0,0,0,0,0,1,PaaS,Public Cloud,AWS
294.11,startup,high,moderate,us,489,261.96,97.24,1,1,0,0,0,1,1,IaaS,Public Cloud,AWS
3217.9,webapp,high,high,asia,66,65.96,97.82,1,0,0,0,0,1,0,IaaS,Private Cloud,AWS
161.5,webapp,high,moderate,asia,430,39.77,99.91,1,0,0,0,0,0,1,PaaS,Public Cloud,GCP
641.2,ml,high,moderate,us,376,663.73,99.31,0,0,0,0,1,1,0,IaaS,Public Cloud,GCP
2934.3,webapp,medium,basic,eu,307,9.18,95.88,0,1,0,1,0,0,0,PaaS,Public Cloud,Azure
394.17,startup,low,moderate,asia,178,87.18,95.38,0,1,0,1,0,0,1,PaaS,Public Cloud,GCP
114.76,startup,low,basic,eu,156,15.25,99.25,0,1,0,1,0,0,1,PaaS,Public Cloud,GCP
292.63,startup,medium,moderate,us,47,2.62,96.95,0,0,0,1,0,0,1,PaaS,Public Cloud,GCP
190.68,startup,high,moderate,us,428,63.73,97.42,0,0,0,1,0,1,1,PaaS,Public Cloud,GCP
466.96,startup,high,moderate,eu,235,51.5,96.57,1,0,0,1,0,0,1,PaaS,Public Cloud,GCP
646.9,webapp,low,basic,eu,449,515.5,97.42,0,0,0,0,0,0,1,PaaS,Public Cloud,AWS
1305.78,enterprise,high,basic,eu,413,98.27,95.57,0,0,0,0,0,0,0,SaaS,Public Cloud,Azure
34950.74,enterprise,high,moderate,eu,227,72.3,96.85,0,0,1,0,0,0,0,IaaS,Hybrid Cloud,Azure
1681.24,webapp,high,basic,eu,158,111.57,95.41,0,0,0,0,0,1,1,PaaS,Public Cloud,AWS
857.02,webapp,medium,high,eu,411,131.71,95.86,1,1,0,1,0,0,1,IaaS,Hybrid Cloud,Azure
11859.68,ml,low,moderate,eu,254,148.59,95.97,1,1,0,0,1,0,0,IaaS,Hybrid Cloud,Azure
160.67,webapp,high,basic,us,169,44.12,97.73,0,1,0,0,0,0,1,PaaS,Public Cloud,AWS
988.51,webapp,low,high,us,277,25.96,99.24,1,1,0,1,0,0,1,IaaS,Private Cloud,GCP
254.58,startup,high,basic,us,12,10.33,97.67,0,0,0,1,0,1,1,PaaS,Public Cloud,GCP
3084.4,ml,medium,basic,us,10,4.83,97.29,0,0,0,0,1,0,0,IaaS,Public Cloud,GCP
6202.79,ml,low,basic,eu,220,64.81,98.47,0,0,0,0,1,0,0,IaaS,Public Cloud,GCP
185.42,startup,high,high,eu,282,471.32,96.09,1,0,0,1,0,1,1,IaaS,Public Cloud,GCP
2348.18,enterprise,high,basic,asia,376,81.68,99.19,0,0,0,0,0,1,0,SaaS,Public Cloud,AWS
895.62,enterprise,medium,basic,us,439,517.45,96.12,0,0,0,0,0,0,0,SaaS,Public Cloud,AWS
375.94,enterprise,medium,high,asia,119,25.29,98.26,1,0,0,0,0,0,0,IaaS,Private Cloud,GCP
902.22,ml,low,basic,us,141,236.34,98.21,0,1,0,0,1,0,0,IaaS,Public Cloud,GCP
7847.36,enterprise,low,moderate,asia,451,393.08,98.62,0,0,0,0,0,0,0,IaaS,Private Cloud,AWS
256.71,startup,medium,basic,asia,72,65.74,97.44,0,0,0,0,0,0,1,PaaS,Public Cloud,GCP
664.85,startup,medium,moderate,us,97,34.89,95.5,1,1,0,1,0,0,1,IaaS,Public Cloud,AWS
562.66,webapp,low,basic,eu,230,185.06,96.43,0,0,0,1,0,0,1,PaaS,Public Cloud,GCP
101.69,startup,low,high,eu,160,72.15,99.61,1,0,0,0,0,0,1,IaaS,Private Cloud,Azure
217.35,startup,medium,moderate,us,12,29.64,98.6,0,1,0,0,0,0,1,PaaS,Public Cloud,AWS
5937.12,enterprise,low,high,us,9,172.11,95.75,1,1,1,0,0,0,0,IaaS,Hybrid Cloud,Azure
8673.29,enterprise,medium,basic,eu,207,6.73,97.75,0,0,0,0,0,0,0,SaaS,Public Cloud,AWS
728.05,webapp,medium,basic,asia,471,10.42,96.29,0,0,0,0,0,0,1,PaaS,Public Cloud,AWS
4689.9,enterprise,low,moderate,asia,163,103.91,95.27,1,1,0,0,0,0,0,IaaS,Hybrid Cloud,AWS
4218.84,ml,medium,moderate,asia,273,9.4,96.88,0,0,0,0,1,0,0,IaaS,Public Cloud,GCP
123.15,startup,high,moderate,eu,117,24.06,98.0,0,0,0,1,0,0,1,PaaS,Public Cloud,GCP
288.75,startup,medium,high,us,114,39.27,97.53,1,1,0,0,0,0,1,IaaS,Hybrid Cloud,AWS
707.29,ml,medium,basic,eu,428,75.32,95.87,0,0,0,0,1,0,0,IaaS,Public Cloud,GCP
1489.36,startup,medium,basic,us,391,5.41,97.05,0,1,0,1,0,0,1,PaaS,Public Cloud,GCP
609.44,webapp,medium,moderate,us,31,738.53,98.32,1,1,0,0,0,0,1,IaaS,Hybrid Cloud,AWS
238.87,startup,medium,basic,eu,19,67.36,97.05,0,1,0,0,0,0,1,PaaS,Public Cloud,GCP
687.58,startup,high,basic,us,320,86.53,98.34,0,0,0,1,0,0,1,PaaS,Public Cloud,GCP
5002.94,ml,low,moderate,eu,147,153.97,99.4,1,0,0,0,1,0,0,IaaS,Private Cloud,Azure
5047.27,enterprise,medium,basic,us,493,206.7,99.41,0,0,1,0,0,0,0,SaaS,Public Cloud,Azure
759.21,startup,medium,high,eu,496,33.89,95.18,1,0,0,1,0,0,1,IaaS,Private Cloud,Azure
242.7,startup,low,moderate,eu,137,83.31,99.86,0,1,0,0,0,0,1,PaaS,Public Cloud,GCP
1437.53,webapp,high,moderate,eu,146,65.51,97.74,0,0,0,0,0,0,1,PaaS,Public Cloud,AWS
2305.99,enterprise,medium,moderate,eu,447,319.72,95.87,1,0,1,0,0,0,0,IaaS,Hybrid Cloud,Azure
193.74,startup,high,high,us,146,42.12,96.9,1,0,0,0,0,1,1,IaaS,Public Cloud,AWS
158.63,webapp,low,high,eu,334,29.77,99.87,1,1,0,1,0,0,1,IaaS,Private Cloud,GCP
295.63,startup,high,high,us,321,44.93,95.44,1,0,0,1,0,1,1,IaaS,Public Cloud,GCP
1384.02,webapp,low,high,asia,162,3.09,97.06,1,1,0,1,0,0,1,IaaS,Private Cloud,GCP
1538.72,ml,low,moderate,asia,51,35.1,95.26,0,0,0,0,1,0,0,IaaS,Private Cloud,GCP
2798.1,enterprise,medium,basic,eu,381,48.53,96.68,0,0,1,0,0,0,0,SaaS,Public Cloud,Azure
56.66,startup,medium,moderate,asia,359,5.84,98.24,1,0,0,0,0,0,1,PaaS,Public Cloud,GCP
372.98,startup,high,basic,asia,42,4.49,95.55,0,0,0,0,0,1,1,PaaS,Public Cloud,GCP
1433.36,webapp,low,moderate,asia,391,28.65,96.69,0,0,0,0,0,0,1,PaaS,Private Cloud,AWS
1157.26,startup,high,high,eu,32,13.62,95.86,1,1,0,1,0,0,1,IaaS,Hybrid Cloud,Azure
528.36,startup,low,moderate,asia,384,23.61,98.26,1,0,0,1,0,0,1,IaaS,Public Cloud,GCP
178.87,startup,medium,basic,us,112,3.24,95.58,0,0,0,0,0,0,1,PaaS,Public Cloud,AWS
170.89,webapp,low,moderate,eu,456,23.46,97.54,1,0,0,1,0,0,1,PaaS,Private Cloud,GCP
282.27,webapp,low,moderate,eu,347,1021.27,99.33,1,0,0,1,0,0,1,PaaS,Private Cloud,GCP
2284.9,enterprise,medium,high,eu,383,295.43,96.16,1,1,0,0,0,0,0,IaaS,Hybrid Cloud,Azure
3346.91,enterprise,medium,moderate,us,393,76.68,97.74,0,0,0,0,0,0,0,IaaS,Hybrid Cloud,AWS
181.86,startup,low,high,eu,249,90.39,99.66,1,0,0,1,0,0,1,IaaS,Private Cloud,GCP
1073.98,ml,medium,moderate,eu,424,8.26,98.88,1,0,0,0,1,0,0,IaaS,Private Cloud,Azure
4665.41,enterprise,medium,high,us,207,70.54,97.71,1,0,0,0,0,0,0,IaaS,Private Cloud,AWS
75.05,startup,medium,moderate,asia,103,128.03,96.93,0,0,0,1,0,0,1,PaaS,Public Cloud,GCP
5751.72,enterprise,medium,high,us,177,469.19,96.13,1,1,0,0,0,0,0,IaaS,Hybrid Cloud,AWS
2169.22,ml,medium,basic,asia,423,103.83,99.3,0,1,0,0,1,0,0,IaaS,Public Cloud,GCP
730.62,webapp,medium,high,eu,371,38.26,98.39,1,0,0,1,0,0,1,IaaS,Private Cloud,Azure
121.79,startup,medium,basic,us,364,296.75,97.02,0,0,0,0,0,0,1,PaaS,Public Cloud,AWS
2923.35,enterprise,low,basic,eu,468,17.28,95.11,0,1,0,0,0,0,0,IaaS,Hybrid Cloud,AWS
588.96,webapp,medium,basic,asia,382,230.51,96.14,0,0,0,1,0,0,1,PaaS,Public Cloud,GCP
160.87,startup,high,moderate,asia,135,48.58,95.2,1,1,0,0,0,0,1,IaaS,Public Cloud,GCP
170.64,webapp,medium,moderate,asia,446,28.04,98.59,1,0,0,1,0,0,1,PaaS,Public Cloud,GCP
1124.29,webapp,high,moderate,asia,329,37.03,99.85,0,0,0,1,0,1,1,PaaS,Public Cloud,GCP
184.03,ml,medium,high,us,47,16.85,95.84,1,1,0,0,1,0,0,IaaS,Hybrid Cloud,GCP
709.67,startup,high,basic,us,59,83.34,98.93,0,0,0,0,0,1,1,PaaS,Public Cloud,AWS
2083.98,enterprise,high,basic,asia,194,92.15,98.28,0,1,1,0,0,1,0,IaaS,Public Cloud,Azure
1119.12,ml,low,basic,eu,167,122.83,99.68,0,0,0,0,1,0,0,IaaS,Public Cloud,GCP
139.82,startup,medium,basic,asia,146,16.1,96.4,0,0,0,0,0,0,1,PaaS,Public Cloud,GCP
3043.22,ml,high,high,us,368,52.21,98.98,1,0,0,0,1,0,0,IaaS,Private Cloud,GCP
2040.92,webapp,medium,basic,eu,144,8.02,96.98,0,0,0,0,0,0,0,PaaS,Public Cloud,Azure
198.78,startup,medium,basic,asia,211,173.87,95.62,0,0,0,1,0,0,1,PaaS,Public Cloud,GCP
4199.62,enterprise,high,high,eu,397,132.16,97.5,1,0,1,0,0,0,0,IaaS,Hybrid Cloud,Azure
391.18,webapp,medium,high,eu,182,43.94,95.19,1,0,0,0,0,0,1,IaaS,Private Cloud,Azure
50.0,startup,medium,moderate,us,258,85.58,97.58,1,0,0,1,0,0,1,PaaS,Public Cloud,GCP
1691.51,webapp,high,moderate,asia,326,56.69,96.05,1,0,0,1,0,0,1,IaaS,Public Cloud,GCP
2503.78,enterprise,low,basic,asia,85,17.79,96.81,0,0,0,0,0,0,0,SaaS,Public Cloud,AWS
1498.32,webapp,medium,basic,eu,95,14.63,99.79,0,0,0,0,0,0,1,PaaS,Public Cloud,AWS
101.33,webapp,medium,high,eu,50,56.38,97.43,1,1,0,1,0,0,1,IaaS,Hybrid Cloud,GCP
1026.38,webapp,low,moderate,us,362,367.43,99.43,0,0,0,1,0,0,1,PaaS,Private Cloud,AWS
97.47,startup,low,high,eu,248,204.99,98.36,1,0,0,0,0,0,1,IaaS,Private Cloud,Azure
149.77,startup,medium,basic,eu,463,340.74,95.6,0,0,0,1,0,0,1,PaaS,Public Cloud,GCP
3091.08,ml,medium,moderate,eu,320,703.57,99.84,0,0,0,0,1,0,0,IaaS,Public Cloud,GCP
166.9,startup,high,basic,us,330,59.73,96.85,0,1,0,0,0,1,1,PaaS,Public Cloud,AWS
729.31,webapp,medium,basic,eu,101,656.81,97.34,0,0,0,1,0,0,1,PaaS,Public Cloud,GCP
4965.42,enterprise,medium,high,asia,113,31.74,97.48,1,0,0,0,0,0,0,IaaS,Private Cloud,AWS
143.4,startup,low,basic,eu,103,2.18,97.16,0,0,0,1,0,0,1,PaaS,Public Cloud,GCP
2229.46,webapp,high,high,asia,346,7.81,96.33,1,0,0,1,0,0,0,IaaS,Private Cloud,GCP
1356.81,ml,medium,high,asia,425,55.38,98.52,1,0,0,0,1,0,0,IaaS,Private Cloud,GCP
553.57,startup,high,high,us,419,44.9,98.38,1,0,0,1,0,1,1,IaaS,Public Cloud,AWS
17478.12,enterprise,low,basic,asia,115,89.55,96.05,0,1,0,0,0,0,0,IaaS,Hybrid Cloud,AWS
759.51,enterprise,medium,high,asia,295,281.98,97.24,1,1,0,0,0,0,0,IaaS,Hybrid Cloud,AWS
501.4,enterprise,low,moderate,eu,269,3.37,98.26,0,0,0,0,0,0,0,IaaS,Public Cloud,Azure
412.51,webapp,high,high,us,152,16.35,95.69,1,0,0,0,0,0,1,IaaS,Private Cloud,AWS
374.04,startup,medium,basic,asia,204,5.28,99.37,0,1,0,1,0,0,1,PaaS,Public Cloud,GCP
3115.13,enterprise,high,moderate,us,201,122.69,97.75,0,0,1,0,0,1,0,IaaS,Public Cloud,Azure
166.65,startup,medium,basic,eu,210,57.12,95.61,0,0,0,1,0,0,1,PaaS,Public Cloud,GCP
1318.22,webapp,low,basic,eu,174,10.04,95.04,0,0,0,0,0,0,1,PaaS,Public Cloud,AWS
429.88,webapp,high,high,asia,438,349.65,97.0,1,1,0,0,0,1,1,IaaS,Hybrid Cloud,GCP
457.47,startup,high,basic,asia,157,71.24,96.07,0,1,0,1,0,0,1,PaaS,Public Cloud,GCP
263.41,webapp,low,high,eu,188,22.91,98.72,1,0,0,0,0,0,1,IaaS,Private Cloud,Azure
146.38,startup,medium,high,asia,136,71.98,99.66,1,1,0,0,0,0,1,IaaS,Hybrid Cloud,GCP
3320.25,ml,high,basic,us,67,0.95,96.8,0,1,0,0,1,1,0,IaaS,Public Cloud,GCP
1035.87,webapp,medium,basic,asia,134,88.3,98.39,0,1,0,0,0,0,1,PaaS,Public Cloud,AWS
382.9,startup,medium,moderate,eu,320,464.5,97.25,0,1,0,1,0,0,1,PaaS,Public Cloud,GCP
319.85,webapp,low,moderate,eu,117,21.32,99.9,0,0,0,0,0,0,1,PaaS,Public Cloud,GCP
3235.94,enterprise,high,high,eu,368,112.68,96.95,1,1,1,0,0,1,0,IaaS,Hybrid Cloud,Azure
381.72,webapp,medium,basic,us,315,15.97,99.39,0,1,0,0,0,0,1,PaaS,Public Cloud,AWS
3038.03,enterprise,high,moderate,eu,7,57.93,98.07,1,0,0,0,0,1,0,IaaS,Hybrid Cloud,Azure
50.0,startup,medium,basic,eu,83,51.99,99.37,0,0,0,1,0,0,1,PaaS,Public Cloud,GCP
2108.32,enterprise,low,basic,asia,204,10.5,98.28,0,0,0,0,0,0,0,SaaS,Public Cloud,AWS
1842.17,startup,low,moderate,us,301,3.37,97.66,0,1,0,1,0,0,1,IaaS,Public Cloud,GCP
3057.48,ml,high,high,us,295,13.79,96.55,1,1,0,0,1,1,0,IaaS,Hybrid Cloud,GCP
482.14,webapp,low,basic,us,80,53.42,96.37,0,1,0,0,0,0,1,PaaS,Public Cloud,AWS
1511.13,webapp,high,moderate,eu,436,192.21,99.29,1,1,0,1,0,1,1,IaaS,Hybrid Cloud,Azure
170.91,startup,low,moderate,asia,31,63.57,96.45,1,1,0,1,0,0,1,PaaS,Public Cloud,GCP
136.33,startup,medium,basic,us,340,5.59,97.41,0,0,0,1,0,0,1,PaaS,Public Cloud,GCP
604.5,webapp,high,moderate,asia,368,610.95,99.45,0,0,0,1,0,0,1,PaaS,Public Cloud,GCP
4320.19,enterprise,low,moderate,us,146,18.13,96.16,1,1,0,0,0,0,0,IaaS,Hybrid Cloud,AWS
117.57,startup,high,moderate,eu,220,29.97,96.02,0,0,0,0,0,1,1,PaaS,Public Cloud,AWS
1773.41,enterprise,low,basic,us,366,55.2,96.29,0,0,1,0,0,0,0,SaaS,Public Cloud,Azure
2846.94,startup,high,moderate,eu,464,2019.48,99.54,0,1,0,1,0,1,0,IaaS,Public Cloud,AWS
182.13,startup,medium,moderate,us,351,187.07,99.17,1,0,0,1,0,0,1,PaaS,Public Cloud,GCP
237.88,startup,low,moderate,us,236,144.8,98.7,0,0,0,1,0,0,1,PaaS,Public Cloud,GCP
184.5,webapp,high,moderate,asia,278,33.47,98.73,0,0,0,0,0,0,1,PaaS,Public Cloud,GCP
112.12,startup,high,basic,eu,466,257.1,97.43,0,0,0,1,0,1,1,PaaS,Public Cloud,GCP
234.37,startup,medium,moderate,us,135,17.92,96.77,0,1,0,1,0,0,1,PaaS,Public Cloud,GCP
148.58,startup,medium,basic,us,455,33.21,99.65,0,0,0,0,0,0,1,PaaS,Public Cloud,AWS
1168.54,startup,high,basic,eu,407,379.64,98.19,0,0,0,0,0,1,1,PaaS,Public Cloud,AWS
63.42,startup,high,moderate,asia,364,117.27,99.46,0,0,0,1,0,0,1,PaaS,Public Cloud,GCP
181.14,startup,high,high,asia,277,80.78,97.01,1,0,0,1,0,1,1,IaaS,Public Cloud,GCP
345.17,webapp,medium,high,us,159,296.79,96.65,1,0,0,0,0,0,1,IaaS,Private Cloud,AWS
5022.46,enterprise,medium,moderate,us,492,21.69,96.38,0,0,0,0,0,0,0,IaaS,Hybrid Cloud,AWS
66.22,startup,low,basic,asia,159,23.12,98.07,0,1,0,0,0,0,1,PaaS,Public Cloud,GCP
95.87,startup,low,basic,us,9,731.56,99.79,0,0,0,0,0,0,1,SaaS,Public Cloud,AWS
90.82,webapp,low,high,eu,262,136.41,95.78,1,0,0,1,0,0,1,IaaS,Private Cloud,GCP
3520.4,webapp,medium,high,us,44,24.16,95.78,1,0,0,1,0,0,0,IaaS,Private Cloud,GCP
110.44,startup,medium,moderate,us,107,196.74,95.44,1,0,0,0,0,0,1,PaaS,Public Cloud,AWS
286.11,webapp,medium,high,us,477,75.85,96.74,1,0,0,0,0,0,1,IaaS,Private Cloud,AWS
418.12,webapp,low,high,us,134,57.68,96.71,1,0,0,0,0,0,1,IaaS,Private Cloud,AWS
1003.6,webapp,medium,basic,asia,103,119.2,95.83,0,1,0,1,0,0,1,PaaS,Public Cloud,GCP
42436.34,enterprise,medium,high,asia,270,212.28,96.07,1,1,0,0,0,0,0,IaaS,Hybrid Cloud,AWS
411.76,startup,medium,moderate,us,390,640.72,98.27,0,0,0,0,0,0,1,PaaS,Public Cloud,AWS
206.99,startup,high,basic,asia,143,12.6,96.55,0,1,0,1,0,1,1,PaaS,Public Cloud,GCP
5673.15,enterprise,low,moderate,eu,398,80.17,98.07,1,0,1,0,0,0,0,IaaS,Private Cloud,Azure
366.2,webapp,medium,moderate,eu,168,54.64,95.97,0,1,0,0,0,0,1,PaaS,Public Cloud,GCP
4050.43,enterprise,medium,moderate,asia,378,450.63,98.06,0,0,0,0,0,0,0,IaaS,Hybrid Cloud,AWS
185.17,webapp,low,moderate,eu,119,6.93,96.51,1,0,0,1,0,0,1,PaaS,Public Cloud,GCP
307.15,startup,medium,moderate,asia,202,990.76,96.87,0,1,0,0,0,0,1,PaaS,Public Cloud,GCP
299.8,startup,medium,high,us,64,245.98,97.98,1,0,0,1,0,0,1,PaaS,Private Cloud,GCP
344.6,ml,medium,high,asia,263,67.99,96.07,1,0,0,0,1,0,0,IaaS,Private Cloud,GCP
333.68,webapp,medium,moderate,eu,380,7.73,97.75,0,0,0,0,0,0,1,PaaS,Public Cloud,AWS
152.94,startup,low,high,asia,138,10.41,95.56,1,0,0,0,0,0,1,IaaS,Private Cloud,GCP
694.98,webapp,medium,moderate,us,186,89.21,97.45,1,0,0,1,0,0,1,IaaS,Public Cloud,GCP
59.13,webapp,low,moderate,asia,425,7.6,96.02,0,0,0,1,0,0,1,PaaS,Public Cloud,GCP
602.92,enterprise,medium,high,asia,286,91.86,97.31,1,1,0,0,0,0,0,IaaS,Hybrid Cloud,AWS
1297.81,ml,medium,moderate,asia,35,28.66,97.74,1,0,0,0,1,0,0,IaaS,Private Cloud,GCP
2269.25,ml,medium,high,us,262,63.85,97.74,1,0,0,0,1,0,0,IaaS,Private Cloud,GCP
269.15,startup,high,high,asia,79,1.59,97.85,1,0,0,1,0,1,1,PaaS,Public Cloud,GCP
180.13,startup,medium,moderate,asia,275,8.74,95.58,0,0,0,0,0,0,1,PaaS,Public Cloud,GCP
392.4,webapp,low,basic,asia,131,151.25,99.57,0,1,0,0,0,0,1,PaaS,Public Cloud,GCP
2456.27,enterprise,low,basic,asia,2,53.23,96.38,0,0,1,0,0,0,0,SaaS,Public Cloud,Azure
675.86,webapp,medium,moderate,us,261,430.24,99.06,1,0,0,1,0,0,1,IaaS,Public Cloud,AWS
343.79,enterprise,low,basic,us,447,4.64,96.49,0,0,0,0,0,0,0,SaaS,Public Cloud,AWS
122.93,startup,medium,high,eu,298,53.69,97.19,1,1,0,0,0,0,1,IaaS,Hybrid Cloud,Azure
1673.19,webapp,high,high,asia,380,11.98,96.74,1,0,0,0,0,0,1,IaaS,Private Cloud,AWS
99.87,startup,medium,moderate,asia,164,18.17,98.12,0,0,0,0,0,0,1,PaaS,Public Cloud,GCP
793.76,startup,medium,moderate,us,63,11.31,99.91,0,1,0,0,0,0,1,PaaS,Public Cloud,AWS
449.08,startup,medium,basic,eu,444,10.3,99.6,0,0,0,0,0,0,1,PaaS,Public Cloud,AWS
1081.5,webapp,medium,basic,eu,16,47.61,99.59,0,0,0,0,0,0,1,PaaS,Public Cloud,AWS
4556.22,enterprise,medium,moderate,us,478,47.19,99.72,0,1,1,0,0,0,0,IaaS,Hybrid Cloud,Azure
8398.53,enterprise,medium,moderate,us,352,140.94,98.1,0,1,0,0,0,0,0,IaaS,Hybrid Cloud,AWS
630.23,enterprise,high,high,asia,231,13.73,95.55,1,1,0,0,0,1,0,IaaS,Hybrid Cloud,AWS
858.13,webapp,high,moderate,us,32,44.6,98.44,0,0,0,0,0,0,1,PaaS,Public Cloud,AWS
233.62,startup,high,high,us,390,9.58,98.22,1,1,0,0,0,1,1,IaaS,Hybrid Cloud,AWS
3074.35,enterprise,medium,moderate,eu,475,226.93,97.8,0,1,1,0,0,0,0,IaaS,Hybrid Cloud,Azure
2632.12,enterprise,medium,moderate,us,394,200.48,98.25,0,1,1,0,0,0,0,IaaS,Hybrid Cloud,Azure
238.81,startup,high,high,us,288,118.3,95.78,1,0,0,1,0,1,1,IaaS,Public Cloud,GCP
312.74,startup,low,high,asia,314,53.39,99.0,1,0,0,0,0,0,1,IaaS,Private Cloud,GCP
434.49,startup,low,moderate,us,64,36.39,96.37,1,1,0,1,0,0,1,PaaS,Public Cloud,GCP
1221.11,webapp,low,moderate,eu,489,10.15,97.96,0,0,0,1,0,0,1,PaaS,Private Cloud,GCP
738.44,ml,low,moderate,asia,2,4.87,99.12,0,0,0,0,1,0,0,IaaS,Public Cloud,GCP
407.76,webapp,medium,moderate,us,401,33.73,98.46,0,0,0,0,0,0,1,PaaS,Public Cloud,AWS
3306.77,enterprise,high,basic,us,371,346.75,95.86,0,0,1,0,0,0,0,SaaS,Public Cloud,Azure
136.03,startup,medium,basic,us,32,165.19,96.62,0,0,0,1,0,0,1,PaaS,Public Cloud,GCP
325.54,webapp,medium,moderate,eu,339,18.35,97.51,0,1,0,0,0,0,1,PaaS,Public Cloud,GCP
3477.15,ml,medium,high,eu,470,2.43,95.06,1,1,0,0,1,0,0,IaaS,Hybrid Cloud,Azure
24333.74,enterprise,medium,basic,eu,468,5.34,95.49,0,1,1,0,0,0,0,IaaS,Hybrid Cloud,Azure
2247.18,startup,medium,basic,asia,397,4.05,97.14,0,0,0,0,0,0,0,PaaS,Public Cloud,AWS
227.41,startup,high,basic,asia,186,540.32,95.05,0,0,0,0,0,1,1,PaaS,Public Cloud,GCP
1864.67,webapp,medium,moderate,asia,425,160.84,98.73,1,0,0,0,0,0,1,IaaS,Hybrid Cloud,AWS
2253.57,ml,low,basic,asia,84,275.09,96.63,0,0,0,0,1,0,0,IaaS,Public Cloud,GCP
6542.12,enterprise,low,high,eu,60,9.74,98.91,1,0,0,0,0,0,0,IaaS,Private Cloud,Azure
217.51,startup,low,high,us,374,51.51,99.62,1,0,0,1,0,0,1,IaaS,Private Cloud,GCP
144.47,ml,medium,moderate,eu,223,45.08,98.56,1,0,0,0,1,0,0,IaaS,Public Cloud,GCP
31071.73,enterprise,medium,moderate,eu,193,121.72,97.72,0,1,1,0,0,0,0,IaaS,Hybrid Cloud,Azure
126.39,webapp,medium,high,eu,248,28.02,97.73,1,1,0,1,0,0,1,IaaS,Hybrid Cloud,GCP
614.07,startup,high,moderate,asia,143,1993.55,99.97,0,0,0,0,0,1,1,PaaS,Public Cloud,AWS
13005.38,enterprise,low,basic,eu,444,396.79,99.02,0,1,1,0,0,0,0,IaaS,Hybrid Cloud,Azure
252.52,startup,medium,moderate,us,348,64.47,96.73,0,0,0,0,0,0,1,PaaS,Public Cloud,AWS
337.82,webapp,medium,moderate,us,428,164.71,95.73,1,0,0,0,0,0,1,PaaS,Public Cloud,AWS
1805.03,ml,medium,basic,us,55,63.91,97.5,0,1,0,0,1,0,0,IaaS,Public Cloud,GCP
1005.18,webapp,high,moderate,eu,151,79.7,97.34,1,1,0,1,0,1,1,IaaS,Hybrid Cloud,Azure
248.48,webapp,high,moderate,eu,192,219.23,95.63,0,0,0,0,0,0,1,PaaS,Public Cloud,GCP
231.65,webapp,medium,moderate,eu,492,320.26,98.24,0,1,0,0,0,0,1,PaaS,Public Cloud,AWS
307.38,webapp,high,moderate,us,252,135.29,96.6,0,0,0,0,0,1,1,PaaS,Public Cloud,AWS
136.57,startup,high,basic,asia,232,55.4,98.3,0,0,0,0,0,1,1,PaaS,Public Cloud,GCP
454.78,webapp,medium,moderate,eu,107,6.74,98.0,0,0,0,1,0,0,1,PaaS,Public Cloud,GCP
493.31,startup,medium,moderate,us,100,121.65,97.44,0,1,0,0,0,0,1,PaaS,Public Cloud,AWS
55.6,webapp,high,moderate,us,12,34.33,97.55,0,0,0,0,0,0,1,PaaS,Public Cloud,AWS
2475.37,enterprise,low,high,eu,46,20.72,98.39,1,1,1,0,0,0,0,IaaS,Hybrid Cloud,Azure
112.99,webapp,medium,high,asia,55,143.89,98.34,1,1,0,0,0,0,1,IaaS,Hybrid Cloud,GCP
1160.32,enterprise,high,moderate,asia,87,12.39,97.8,0,0,1,0,0,1,0,IaaS,Public Cloud,Azure
2501.49,enterprise,low,high,asia,480,0.66,96.65,1,1,1,0,0,0,0,IaaS,Private Cloud,Azure
536.53,startup,high,moderate,us,98,14.77,96.87,0,0,0,0,0,1,1,PaaS,Public Cloud,AWS
5219.47,enterprise,high,moderate,asia,401,49.6,98.1,0,0,1,0,0,1,0,IaaS,Public Cloud,Azure
351.94,startup,low,moderate,us,77,11.84,97.47,0,0,0,1,0,0,1,PaaS,Public Cloud,GCP
5686.86,enterprise,low,basic,us,156,103.35,99.78,0,0,0,0,0,0,0,SaaS,Public Cloud,AWS
2100.92,enterprise,medium,basic,asia,74,20.76,98.35,0,0,1,0,0,0,0,SaaS,Public Cloud,Azure
665.51,startup,medium,high,eu,153,111.15,95.11,1,0,0,1,0,0,1,IaaS,Private Cloud,Azure
124.02,startup,low,basic,eu,302,68.5,97.77,0,0,0,0,0,0,1,PaaS,Public Cloud,GCP
261.93,startup,medium,basic,asia,340,117.31,96.76,0,1,0,1,0,0,1,PaaS,Public Cloud,GCP
1305.33,enterprise,low,high,asia,42,170.57,98.15,1,0,0,0,0,0,0,IaaS,Private Cloud,Azure
345.7,startup,low,basic,asia,35,90.53,96.11,0,1,0,0,0,0,1,PaaS,Public Cloud,GCP
455.46,webapp,low,high,eu,21,41.08,98.6,1,1,0,1,0,0,1,IaaS,Private Cloud,GCP
2811.78,ml,medium,high,us,438,84.42,95.9,1,0,0,0,1,0,0,IaaS,Private Cloud,GCP
507.22,enterprise,medium,moderate,asia,498,19.0,96.86,0,0,1,0,0,0,0,IaaS,Public Cloud,Azure
114.69,startup,low,high,eu,370,25.19,97.73,1,1,0,1,0,0,1,IaaS,Private Cloud,GCP
199.71,startup,high,moderate,asia,81,48.53,95.97,1,0,0,1,0,0,1,PaaS,Public Cloud,GCP
287.77,webapp,medium,basic,eu,441,28.01,98.69,0,0,0,1,0,0,1,PaaS,Public Cloud,GCP
471.11,startup,low,moderate,asia,388,178.53,97.49,1,1,0,1,0,0,1,IaaS,Public Cloud,GCP
1063.08,ml,high,moderate,eu,441,375.17,96.62,0,1,0,0,1,0,0,IaaS,Public Cloud,GCP
2015.86,enterprise,high,moderate,us,124,1.84,95.31,0,1,0,0,0,0,0,IaaS,Hybrid Cloud,AWS
606.68,webapp,medium,basic,asia,69,54.96,99.01,0,0,0,0,0,0,1,PaaS,Public Cloud,AWS
383.89,webapp,medium,moderate,us,10,3688.71,98.9,1,1,0,0,0,0,1,PaaS,Hybrid Cloud,AWS
404.75,startup,medium,basic,asia,398,181.18,96.79,0,0,0,1,0,0,1,PaaS,Public Cloud,GCP
314.22,webapp,high,basic,us,196,62.5,98.91,0,0,0,1,0,0,1,PaaS,Public Cloud,GCP
419.25,webapp,low,basic,us,108,59.73,96.98,0,0,0,1,0,0,1,PaaS,Public Cloud,GCP
62.91,webapp,high,moderate,eu,432,1.25,95.54,0,0,0,0,0,1,1,PaaS,Public Cloud,AWS
302.87,webapp,low,moderate,asia,331,48.2,99.91,0,0,0,0,0,0,1,PaaS,Public Cloud,GCP
343.15,webapp,high,moderate,eu,388,166.96,97.14,1,0,0,0,0,0,1,PaaS,Public Cloud,Azure
162.55,webapp,medium,moderate,us,162,35.49,95.38,0,1,0,1,0,0,1,PaaS,Public Cloud,GCP
421.99,startup,medium,moderate,eu,60,219.79,97.34,1,1,0,1,0,0,1,PaaS,Public Cloud,GCP
12880.06,enterprise,medium,moderate,eu,351,506.06,99.6,0,0,0,0,0,0,0,IaaS,Hybrid Cloud,Azure
3419.65,enterprise,high,high,eu,499,23.55,97.29,1,1,0,0,0,0,0,IaaS,Hybrid Cloud,Azure
2908.15,webapp,medium,basic,us,44,22.8,98.9,0,1,0,0,0,0,0,PaaS,Public Cloud,AWS
1694.68,webapp,medium,moderate,asia,345,17.16,96.84,1,0,0,0,0,0,1,IaaS,Hybrid Cloud,AWS
6990.89,enterprise,high,moderate,us,165,10.53,97.26,0,0,1,0,0,0,0,IaaS,Public Cloud,Azure
484.29,webapp,high,basic,eu,360,200.38,95.48,0,1,0,0,0,1,1,PaaS,Public Cloud,AWS
1132.09,webapp,high,basic,asia,29,52.01,96.26,0,0,0,1,0,1,1,PaaS,Public Cloud,GCP
173.48,startup,medium,basic,eu,456,465.03,95.76,0,0,0,1,0,0,1,PaaS,Public Cloud,GCP
199.97,startup,high,moderate,us,319,72.53,99.25,1,0,0,0,0,1,1,PaaS,Public Cloud,AWS
338.42,webapp,high,moderate,eu,476,241.41,99.72,1,1,0,0,0,1,1,IaaS,Public Cloud,AWS
9726.22,enterprise,medium,high,asia,95,40.48,95.51,1,0,1,0,0,0,0,IaaS,Private Cloud,Azure
934.47,webapp,high,moderate,eu,43,107.84,96.21,0,1,0,0,0,0,1,PaaS,Public Cloud,AWS
541.83,startup,high,basic,eu,261,4.15,95.14,0,0,0,1,0,1,1,PaaS,Public Cloud,GCP
50.0,webapp,high,moderate,us,422,11.98,96.02,0,0,0,0,0,1,1,PaaS,Public Cloud,AWS
69.63,startup,medium,basic,eu,47,235.83,99.98,0,0,0,1,0,0,1,PaaS,Public Cloud,GCP
232.47,startup,low,basic,us,165,4.12,98.9,0,1,0,1,0,0,1,PaaS,Public Cloud,GCP
514.96,webapp,high,moderate,eu,180,73.9,98.07,1,1,0,0,0,0,1,IaaS,Public Cloud,Azure
93.44,startup,low,high,us,287,476.38,96.55,1,1,0,0,0,0,1,IaaS,Private Cloud,AWS
7923.7,enterprise,low,moderate,eu,325,77.42,99.44,1,1,1,0,0,0,0,IaaS,Hybrid Cloud,Azure
189.04,startup,medium,moderate,asia,255,292.15,95.55,0,0,0,0,0,0,1,PaaS,Public Cloud,GCP
99.56,startup,low,basic,us,108,40.22,97.98,0,0,0,1,0,0,1,PaaS,Public Cloud,GCP
2087.54,ml,medium,high,us,270,160.03,97.47,1,1,0,0,1,0,0,IaaS,Hybrid Cloud,GCP
1012.09,webapp,medium,basic,eu,441,27.38,97.41,0,1,0,0,0,0,1,PaaS,Public Cloud,AWS
211.64,startup,high,moderate,us,413,226.27,98.42,0,0,0,0,0,0,1,PaaS,Public Cloud,AWS
1459.38,ml,medium,moderate,us,380,167.98,95.75,0,1,0,0,1,0,0,IaaS,Hybrid Cloud,GCP
560.57,webapp,medium,basic,us,367,17.55,97.68,0,1,0,1,0,0,1,PaaS,Public Cloud,GCP
304.05,startup,medium,moderate,eu,343,10.18,98.43,1,0,0,1,0,0,1,PaaS,Public Cloud,GCP
4192.58,webapp,medium,moderate,us,297,48.96,98.6,0,1,0,1,0,0,0,IaaS,Hybrid Cloud,GCP
7199.35,enterprise,high,moderate,us,167,58.25,96.01,0,1,1,0,0,0,0,IaaS,Hybrid Cloud,Azure
225.41,startup,low,high,asia,186,10.94,96.12,1,0,0,1,0,0,1,IaaS,Private Cloud,GCP
16856.39,enterprise,medium,basic,eu,210,780.14,96.63,0,1,0,0,0,0,0,IaaS,Hybrid Cloud,AWS
5851.48,enterprise,high,high,us,484,21.27,98.7,1,0,0,0,0,1,0,IaaS,Hybrid Cloud,AWS
118.89,startup,low,basic,asia,337,24.28,98.41,0,1,0,0,0,0,1,PaaS,Public Cloud,GCP
200.31,webapp,low,high,eu,70,101.63,98.14,1,1,0,1,0,0,1,IaaS,Private Cloud,GCP
1950.61,ml,high,basic,us,261,2.26,97.3,0,1,0,0,1,1,0,IaaS,Public Cloud,GCP
323.77,webapp,high,moderate,asia,11,3.6,97.34,0,1,0,1,0,0,1,PaaS,Public Cloud,GCP
918.41,webapp,medium,moderate,asia,17,25.68,97.71,1,0,0,1,0,0,1,PaaS,Public Cloud,GCP
1395.03,ml,low,moderate,asia,40,2.36,98.14,0,0,0,0,1,0,0,IaaS,Private Cloud,GCP
276.7,startup,high,high,eu,385,342.19,95.29,1,0,0,1,0,1,1,IaaS,Public Cloud,GCP
51.07,startup,medium,moderate,eu,92,275.69,97.85,1,0,0,0,0,0,1,PaaS,Public Cloud,Azure
366.91,startup,medium,moderate,asia,128,531.58,96.87,0,0,0,1,0,0,1,PaaS,Public Cloud,GCP
260.51,startup,medium,moderate,us,247,31.34,95.31,1,0,0,0,0,0,1,PaaS,Public Cloud,AWS
700.46,startup,medium,basic,eu,256,39.33,97.16,0,1,0,1,0,0,1,PaaS,Public Cloud,GCP
92.97,startup,medium,high,eu,62,194.21,97.58,1,1,0,1,0,0,1,IaaS,Hybrid Cloud,GCP
531.04,webapp,medium,moderate,eu,434,474.82,96.97,0,0,0,0,0,0,1,PaaS,Public Cloud,AWS
5836.81,enterprise,low,basic,asia,416,43.74,97.55,0,0,1,0,0,0,0,SaaS,Public Cloud,Azure
3297.37,webapp,high,basic,eu,57,107.66,98.89,0,1,0,0,0,0,0,PaaS,Public Cloud,Azure
759.26,startup,high,moderate,us,18,196.52,96.6,1,0,0,1,0,1,1,PaaS,Public Cloud,AWS
4466.09,ml,low,basic,asia,460,13.61,97.73,0,0,0,0,1,0,0,IaaS,Public Cloud,GCP
521.0,webapp,high,moderate,asia,450,143.34,98.03,1,0,0,0,0,1,1,IaaS,Public Cloud,AWS
1051.88,webapp,high,high,eu,201,42.36,98.74,1,1,0,0,0,0,1,IaaS,Hybrid Cloud,Azure
436.56,webapp,low,moderate,asia,498,135.32,95.15,1,0,0,1,0,0,1,PaaS,Private Cloud,GCP
2462.47,enterprise,medium,high,asia,303,223.31,99.6,1,0,0,0,0,0,0,IaaS,Private Cloud,Azure
8570.06,enterprise,medium,basic,asia,361,24.92,95.36,0,1,0,0,0,0,0,IaaS,Hybrid Cloud,AWS
1015.98,webapp,high,basic,us,435,15.82,95.01,0,1,0,1,0,1,1,PaaS,Public Cloud,AWS
188.25,webapp,medium,high,eu,177,28.3,95.61,1,0,0,1,0,0,1,IaaS,Private Cloud,GCP
673.47,ml,low,moderate,us,351,22.91,98.96,1,1,0,0,1,0,0,IaaS,Hybrid Cloud,GCP
21562.49,enterprise,high,basic,eu,219,6.79,95.46,0,0,0,0,0,1,0,IaaS,Public Cloud,AWS
156.27,startup,medium,moderate,eu,43,3.85,95.8,0,1,0,0,0,0,1,PaaS,Public Cloud,AWS
399.93,startup,medium,basic,eu,140,31.82,98.34,0,0,0,1,0,0,1,PaaS,Public Cloud,GCP
345.1,startup,high,basic,asia,444,25.36,97.01,0,1,0,1,0,0,1,PaaS,Public Cloud,GCP
992.94,startup,medium,moderate,eu,274,8.58,96.05,1,0,0,0,0,0,1,IaaS,Public Cloud,Azure
19158.6,enterprise,high,moderate,asia,125,52.15,95.56,0,1,0,0,0,1,0,IaaS,Hybrid Cloud,AWS
134.5,startup,medium,basic,asia,219,48.84,98.71,0,0,0,0,0,0,1,PaaS,Public Cloud,GCP
1411.02,enterprise,high,high,asia,450,184.09,95.99,1,1,1,0,0,0,0,IaaS,Hybrid Cloud,Azure
550.19,startup,high,basic,asia,254,172.61,97.06,0,0,0,0,0,0,1,PaaS,Public Cloud,AWS
508.12,startup,low,high,asia,258,510.53,98.25,1,1,0,0,0,0,1,IaaS,Private Cloud,AWS
457.0,webapp,high,moderate,eu,123,59.35,98.79,0,1,0,1,0,0,1,PaaS,Public Cloud,GCP
5100.67,enterprise,low,moderate,asia,473,172.69,96.67,0,0,1,0,0,0,0,IaaS,Hybrid Cloud,Azure
223.2,webapp,medium,basic,asia,478,220.36,99.71,0,0,0,1,0,0,1,PaaS,Public Cloud,GCP
161.86,webapp,medium,moderate,eu,7,589.44,96.07,1,1,0,1,0,0,1,PaaS,Hybrid Cloud,GCP
449.04,startup,medium,high,eu,75,45.57,96.74,1,1,0,0,0,0,1,IaaS,Hybrid Cloud,Azure
244.74,startup,high,high,us,209,115.95,99.48,1,0,0,0,0,1,1,IaaS,Public Cloud,AWS
532.56,startup,medium,moderate,us,334,307.35,95.05,1,0,0,1,0,0,1,IaaS,Public Cloud,AWS
94.56,startup,low,moderate,us,214,6.98,96.52,0,0,0,1,0,0,1,PaaS,Public Cloud,GCP
758.88,webapp,medium,moderate,asia,290,36.33,98.04,1,1,0,0,0,0,1,IaaS,Hybrid Cloud,AWS
1245.16,ml,medium,moderate,asia,373,524.04,99.76,1,0,0,0,1,0,0,IaaS,Hybrid Cloud,GCP
430.76,ml,high,high,us,428,31.17,95.87,1,1,0,0,1,0,0,IaaS,Hybrid Cloud,GCP
355.74,webapp,high,high,asia,76,13.84,98.13,1,1,0,0,0,0,1,IaaS,Hybrid Cloud,GCP
6382.67,enterprise,medium,moderate,us,368,346.88,95.95,1,0,0,0,0,0,0,IaaS,Hybrid Cloud,AWS
346.14,webapp,medium,moderate,asia,375,96.01,98.7,1,1,0,1,0,0,1,IaaS,Hybrid Cloud,GCP
476.92,webapp,low,high,eu,369,35.53,96.1,1,0,0,0,0,0,1,IaaS,Private Cloud,Azure
5799.94,ml,medium,high,us,209,257.42,97.42,1,1,0,0,1,0,0,IaaS,Hybrid Cloud,GCP
3335.22,ml,low,basic,us,434,20.13,99.21,0,1,0,0,1,0,0,IaaS,Public Cloud,GCP
2867.44,enterprise,medium,moderate,asia,8,528.37,97.9,0,1,1,0,0,0,0,SaaS,Hybrid Cloud,Azure
11492.46,enterprise,low,moderate,us,127,107.4,98.24,0,0,0,0,0,0,0,IaaS,Private Cloud,AWS
158.88,startup,low,basic,eu,418,119.44,95.92,0,1,0,1,0,0,1,PaaS,Public Cloud,GCP
1059.74,enterprise,high,basic,asia,412,83.26,98.87,0,0,0,0,0,1,0,SaaS,Public Cloud,AWS
264.65,startup,medium,moderate,us,387,336.49,96.21,0,0,0,0,0,0,1,PaaS,Public Cloud,AWS
451.85,webapp,medium,moderate,asia,412,92.26,96.7,0,0,0,0,0,0,1,PaaS,Public Cloud,GCP
1324.66,ml,medium,moderate,asia,416,5.93,99.65,1,0,0,0,1,0,0,IaaS,Private Cloud,GCP
417.66,startup,medium,moderate,us,355,10.03,95.13,0,1,0,0,0,0,1,PaaS,Public Cloud,AWS
59.4,startup,low,moderate,eu,407,31.51,97.14,1,0,0,1,0,0,1,PaaS,Public Cloud,GCP
12015.16,enterprise,medium,basic,asia,170,16.0,99.84,0,1,0,0,0,0,0,IaaS,Hybrid Cloud,AWS
447.92,startup,high,basic,asia,78,14.61,99.47,0,0,0,1,0,0,1,PaaS,Public Cloud,GCP
1942.74,webapp,medium,moderate,asia,187,13.13,95.52,0,0,0,1,0,0,1,PaaS,Public Cloud,GCP
1125.6,webapp,medium,moderate,us,380,65.57,98.64,1,1,0,0,0,0,1,IaaS,Hybrid Cloud,AWS
1103.42,ml,medium,high,eu,431,16.87,96.96,1,1,0,0,1,0,0,IaaS,Hybrid Cloud,Azure
480.5,webapp,low,moderate,eu,206,11.88,98.26,0,0,0,0,0,0,1,PaaS,Public Cloud,AWS
14728.6,enterprise,medium,high,asia,431,20.15,99.9,1,0,1,0,0,0,0,IaaS,Private Cloud,Azure
680.62,webapp,medium,moderate,eu,100,72.99,96.39,0,0,0,0,0,0,1,PaaS,Public Cloud,AWS
267.97,webapp,medium,moderate,us,13,25.78,96.86,0,0,0,1,0,0,1,PaaS,Public Cloud,GCP
653.74,webapp,high,high,us,399,12.17,96.85,1,0,0,0,0,1,1,IaaS,Private Cloud,AWS
612.5,webapp,medium,basic,us,144,7.51,95.36,0,1,0,1,0,0,1,PaaS,Public Cloud,GCP
4814.8,ml,low,moderate,asia,286,181.71,98.13,0,1,0,0,1,0,0,IaaS,Hybrid Cloud,GCP
131.6,enterprise,medium,moderate,us,308,243.3,98.3,1,0,1,0,0,0,0,IaaS,Public Cloud,Azure
1370.43,webapp,high,basic,asia,413,6.35,99.73,0,0,0,1,0,1,1,PaaS,Public Cloud,GCP
233.24,webapp,high,high,asia,197,417.07,95.42,1,1,0,0,0,1,1,IaaS,Hybrid Cloud,GCP
457.5,ml,low,high,eu,223,112.73,95.24,1,1,0,0,1,0,0,IaaS,Private Cloud,GCP
1809.32,enterprise,high,moderate,us,86,26.52,97.65,0,1,0,0,0,0,0,IaaS,Hybrid Cloud,AWS
535.04,webapp,high,basic,asia,165,16.3,98.68,0,1,0,0,0,1,1,PaaS,Public Cloud,AWS
269.62,startup,medium,moderate,asia,229,120.63,97.98,1,0,0,1,0,0,1,PaaS,Public Cloud,GCP
479.74,ml,high,basic,us,314,638.43,96.47,0,1,0,0,1,1,0,IaaS,Public Cloud,GCP
1403.76,ml,high,high,asia,475,1269.42,98.85,1,1,0,0,1,1,0,IaaS,Hybrid Cloud,GCP
3264.93,enterprise,medium,basic,eu,348,160.87,97.54,0,0,1,0,0,0,0,SaaS,Public Cloud,Azure
1130.24,ml,low,moderate,asia,39,187.05,99.45,0,1,0,0,1,0,0,IaaS,Hybrid Cloud,GCP
1237.22,ml,medium,moderate,us,193,68.18,98.3,1,0,0,0,1,0,0,IaaS,Hybrid Cloud,GCP
1099.87,startup,low,basic,eu,298,54.27,99.73,0,0,0,1,0,0,1,PaaS,Public Cloud,GCP
13040.3,enterprise,high,basic,asia,382,130.7,97.93,0,0,1,0,0,0,0,IaaS,Public Cloud,Azure
2558.59,enterprise,medium,basic,eu,473,2.38,95.37,0,0,0,0,0,0,0,SaaS,Public Cloud,Azure
241.43,startup,low,basic,eu,139,16.94,97.29,0,1,0,0,0,0,1,PaaS,Public Cloud,AWS
1972.07,enterprise,medium,high,asia,31,536.05,95.75,1,0,0,0,0,0,0,IaaS,Private Cloud,AWS
300.24,webapp,medium,moderate,asia,34,12.89,98.98,1,0,0,0,0,0,1,PaaS,Public Cloud,GCP
752.58,startup,low,basic,asia,475,28.45,98.77,0,0,0,1,0,0,1,PaaS,Public Cloud,GCP
1786.03,enterprise,medium,basic,asia,276,11.38,98.96,0,1,1,0,0,0,0,IaaS,Hybrid Cloud,Azure
5468.2,enterprise,medium,moderate,us,332,29.43,97.86,0,1,1,0,0,0,0,IaaS,Hybrid Cloud,Azure
494.43,startup,medium,high,asia,496,82.42,98.19,1,0,0,0,0,0,1,IaaS,Private Cloud,GCP
533.62,startup,high,moderate,eu,328,7.76,99.48,1,0,0,1,0,1,1,IaaS,Public Cloud,Azure
1152.73,webapp,medium,moderate,eu,58,37.49,96.43,0,1,0,1,0,0,1,PaaS,Hybrid Cloud,GCP
350.74,startup,medium,high,eu,191,18.8,97.84,1,0,0,0,0,0,1,IaaS,Private Cloud,Azure
1065.86,ml,medium,basic,asia,404,96.42,99.67,0,0,0,0,1,0,0,IaaS,Public Cloud,GCP
211.27,webapp,high,moderate,asia,281,6.8,96.32,0,1,0,1,0,0,1,PaaS,Public Cloud,GCP
228.15,startup,high,high,eu,10,12.57,96.8,1,1,0,0,0,1,1,IaaS,Public Cloud,AWS
641.97,webapp,medium,high,eu,344,537.7,97.57,1,0,0,0,0,0,1,IaaS,Private Cloud,Azure
1118.18,enterprise,low,moderate,eu,366,82.76,95.37,1,0,0,0,0,0,0,IaaS,Private Cloud,Azure
1723.33,ml,medium,moderate,us,177,240.08,95.1,1,1,0,0,1,0,0,IaaS,Hybrid Cloud,GCP
779.2,startup,medium,basic,eu,76,78.9,95.34,0,1,0,1,0,0,1,PaaS,Public Cloud,GCP
9345.49,enterprise,medium,basic,us,384,628.8,99.28,0,0,1,0,0,0,0,SaaS,Public Cloud,Azure
179.38,startup,medium,moderate,eu,21,24.13,96.66,0,1,0,1,0,0,1,PaaS,Public Cloud,GCP
225.96,webapp,medium,high,asia,74,396.44,95.66,1,0,0,0,0,0,1,IaaS,Private Cloud,GCP
366.1,startup,medium,high,asia,41,148.77,97.48,1,1,0,1,0,0,1,IaaS,Hybrid Cloud,GCP
292.5,webapp,medium,high,eu,221,79.91,98.42,1,1,0,0,0,0,1,IaaS,Hybrid Cloud,Azure
77.58,startup,high,moderate,eu,338,137.3,96.6,0,1,0,1,0,0,1,PaaS,Public Cloud,GCP
678.2,webapp,medium,high,us,234,48.28,97.77,1,1,0,1,0,0,1,IaaS,Hybrid Cloud,GCP
2126.61,enterprise,high,moderate,us,334,122.28,98.76,1,0,0,0,0,0,0,IaaS,Hybrid Cloud,AWS
393.83,webapp,medium,basic,us,71,12.53,96.21,0,0,0,0,0,0,1,PaaS,Public Cloud,AWS
4812.79,ml,medium,high,eu,4,180.24,96.43,1,0,0,0,1,0,0,IaaS,Private Cloud,Azure
618.12,webapp,medium,moderate,eu,135,29.22,97.41,0,0,0,1,0,0,1,PaaS,Public Cloud,GCP
1819.76,webapp,medium,basic,eu,126,219.89,98.27,0,1,0,1,0,0,1,PaaS,Public Cloud,GCP
904.77,startup,medium,basic,eu,3,40.64,95.6,0,1,0,1,0,0,1,PaaS,Public Cloud,GCP
111.55,startup,high,moderate,eu,46,459.22,95.1,0,1,0,0,0,1,1,PaaS,Public Cloud,AWS
151.8,webapp,low,moderate,eu,240,68.96,97.42,0,1,0,0,0,0,1,PaaS,Public Cloud,GCP
293.91,webapp,high,high,asia,329,63.45,96.71,1,0,0,1,0,1,1,IaaS,Private Cloud,GCP
8308.71,enterprise,low,high,asia,114,47.64,96.68,1,1,1,0,0,0,0,IaaS,Hybrid Cloud,Azure
212.91,webapp,low,high,us,388,92.95,96.25,1,0,0,1,0,0,1,IaaS,Private Cloud,GCP
5714.09,enterprise,low,basic,us,253,60.79,97.73,0,1,1,0,0,0,0,IaaS,Hybrid Cloud,Azure
966.3,startup,high,moderate,us,260,16.75,96.51,1,1,0,1,0,1,1,IaaS,Public Cloud,AWS
1531.73,webapp,medium,moderate,us,138,51.74,99.93,1,1,0,1,0,0,1,IaaS,Hybrid Cloud,GCP
371.95,webapp,high,moderate,us,42,15.66,95.71,1,0,0,1,0,1,1,PaaS,Public Cloud,GCP
303.27,webapp,medium,basic,eu,357,222.46,99.27,0,0,0,1,0,0,1,PaaS,Public Cloud,GCP
162.08,webapp,medium,high,us,253,369.11,97.62,1,0,0,1,0,0,1,IaaS,Private Cloud,GCP
408.4,startup,medium,basic,us,351,18.52,98.19,0,1,0,0,0,0,1,PaaS,Public Cloud,AWS
233.76,startup,medium,basic,us,141,17.52,99.83,0,0,0,1,0,0,1,PaaS,Public Cloud,GCP
225.9,startup,high,basic,us,245,277.98,95.35,0,0,0,0,0,0,1,PaaS,Public Cloud,AWS
1148.46,webapp,high,moderate,us,112,181.75,98.63,0,0,0,1,0,1,1,PaaS,Public Cloud,AWS
339.16,startup,medium,basic,asia,99,47.05,97.2,0,1,0,1,0,0,1,PaaS,Public Cloud,GCP
4806.2,enterprise,low,moderate,eu,418,69.62,95.68,1,0,1,0,0,0,0,IaaS,Private Cloud,Azure
317.08,webapp,low,high,asia,95,151.13,95.8,1,0,0,0,0,0,1,IaaS,Private Cloud,GCP
5018.4,enterprise,low,basic,asia,129,78.89,96.06,0,0,1,0,0,0,0,SaaS,Public Cloud,Azure
1518.21,startup,medium,high,asia,239,6.58,98.75,1,1,0,1,0,0,1,IaaS,Hybrid Cloud,GCP
5722.54,enterprise,low,basic,asia,98,31.48,95.06,0,0,1,0,0,0,0,SaaS,Public Cloud,Azure
240.54,startup,medium,high,eu,317,169.76,99.38,1,0,0,1,0,0,1,IaaS,Private Cloud,GCP
511.58,webapp,medium,basic,asia,237,229.25,98.03,0,1,0,0,0,0,1,PaaS,Public Cloud,AWS
267.4,startup,medium,moderate,asia,142,1.06,95.64,1,0,0,0,0,0,1,PaaS,Public Cloud,GCP
365.06,ml,medium,high,us,128,84.93,99.83,1,1,0,0,1,0,0,IaaS,Hybrid Cloud,GCP
5773.57,enterprise,low,basic,asia,270,21.07,97.76,0,0,0,0,0,0,0,SaaS,Public Cloud,AWS
268.08,webapp,low,high,asia,280,9.08,96.45,1,0,0,0,0,0,1,IaaS,Private Cloud,GCP
370.87,startup,high,moderate,eu,39,19.55,97.9,1,1,0,0,0,1,1,PaaS,Public Cloud,AWS
501.68,enterprise,high,basic,asia,276,82.07,97.81,0,1,1,0,0,0,0,IaaS,Public Cloud,Azure
231.06,startup,high,basic,asia,387,6.37,96.06,0,0,0,1,0,0,1,PaaS,Public Cloud,GCP
691.2,webapp,high,high,eu,270,21.12,97.53,1,0,0,0,0,1,1,IaaS,Private Cloud,AWS
316.1,ml,medium,high,eu,388,115.18,95.87,1,1,0,0,1,0,0,IaaS,Hybrid Cloud,GCP
989.62,enterprise,high,high,eu,149,129.36,98.67,1,1,1,0,0,0,0,IaaS,Hybrid Cloud,Azure
947.43,enterprise,medium,basic,eu,386,46.56,98.32,0,0,0,0,0,0,0,SaaS,Public Cloud,AWS
1420.9,enterprise,low,high,us,92,32.63,99.58,1,0,1,0,0,0,0,IaaS,Private Cloud,Azure
208.33,webapp,medium,moderate,us,298,160.04,95.87,0,0,0,0,0,0,1,PaaS,Public Cloud,AWS
60.4,startup,high,moderate,us,98,10.94,95.09,1,1,0,1,0,0,1,PaaS,Public Cloud,GCP
67.79,startup,high,moderate,eu,407,10.82,98.49,1,0,0,1,0,1,1,PaaS,Public Cloud,GCP
1938.27,enterprise,medium,high,eu,344,217.03,95.53,1,0,0,0,0,0,0,IaaS,Private Cloud,Azure
493.45,startup,medium,moderate,us,222,35.5,97.44,0,1,0,1,0,0,1,PaaS,Public Cloud,GCP
1758.52,enterprise,medium,moderate,asia,161,49.37,98.87,0,1,1,0,0,0,0,IaaS,Hybrid Cloud,Azure
185.09,startup,high,moderate,asia,395,13.3,98.0,0,1,0,1,0,0,1,PaaS,Public Cloud,GCP
270.54,startup,high,moderate,us,25,68.15,98.22,1,1,0,0,0,1,1,PaaS,Public Cloud,AWS
188.42,startup,low,basic,eu,130,49.73,97.2,0,0,0,0,0,0,1,PaaS,Public Cloud,GCP
773.59,webapp,medium,moderate,eu,254,12.68,99.9,1,0,0,1,0,0,1,IaaS,Public Cloud,Azure
722.29,webapp,medium,basic,us,257,675.18,97.64,0,1,0,0,0,0,1,PaaS,Public Cloud,AWS
1349.7,enterprise,high,basic,us,383,392.95,96.85,0,1,1,0,0,1,0,IaaS,Public Cloud,Azure
398.36,startup,high,basic,us,7,3.91,99.87,0,1,0,0,0,0,1,SaaS,Public Cloud,AWS
574.52,webapp,low,basic,us,174,590.45,96.39,0,0,0,0,0,0,1,PaaS,Public Cloud,AWS
1294.17,enterprise,high,high,asia,100,49.71,99.78,1,0,1,0,0,1,0,IaaS,Hybrid Cloud,Azure
306.84,webapp,medium,high,us,362,0.48,96.19,1,0,0,1,0,0,1,IaaS,Private Cloud,GCP
538.67,webapp,low,moderate,eu,37,70.38,99.21,1,1,0,0,0,0,1,IaaS,Hybrid Cloud,Azure
264.12,webapp,medium,moderate,eu,13,18.74,98.36,0,0,0,0,0,0,1,PaaS,Public Cloud,GCP
657.22,enterprise,medium,basic,us,231,29.35,98.82,0,0,1,0,0,0,0,SaaS,Public Cloud,Azure
305.28,webapp,high,high,asia,14,5.21,99.59,1,1,0,0,0,1,1,IaaS,Hybrid Cloud,GCP
5185.76,enterprise,high,moderate,eu,405,110.09,97.37,1,1,1,0,0,1,0,IaaS,Hybrid Cloud,Azure
232.19,startup,low,moderate,eu,148,65.9,98.4,1,1,0,1,0,0,1,IaaS,Public Cloud,GCP
1607.93,enterprise,low,basic,asia,94,155.69,96.7,0,0,1,0,0,0,0,SaaS,Public Cloud,Azure
186.24,startup,medium,high,eu,350,30.92,97.07,1,0,0,1,0,0,1,IaaS,Private Cloud,GCP
1657.81,ml,medium,moderate,asia,228,67.76,97.98,0,1,0,0,1,0,0,IaaS,Hybrid Cloud,GCP
758.4,webapp,high,moderate,eu,291,67.02,99.05,1,0,0,1,0,1,1,IaaS,Public Cloud,Azure
53.47,startup,low,moderate,asia,274,61.86,95.63,0,0,0,1,0,0,1,PaaS,Public Cloud,GCP
109.97,startup,medium,basic,asia,478,10.21,95.58,0,0,0,0,0,0,1,PaaS,Public Cloud,GCP
73.78,webapp,low,high,us,251,35.72,98.55,1,1,0,0,0,0,1,IaaS,Private Cloud,AWS
423.99,webapp,low,moderate,eu,58,46.21,97.25,1,0,0,1,0,0,1,PaaS,Public Cloud,GCP
649.07,startup,medium,moderate,us,126,19.8,99.48,0,0,0,1,0,0,1,PaaS,Public Cloud,GCP
272.3,webapp,high,moderate,us,366,80.02,97.42,1,1,0,0,0,1,1,IaaS,Public Cloud,AWS
16900.01,ml,low,moderate,us,208,150.41,99.38,1,0,0,0,1,0,0,IaaS,Private Cloud,GCP
333.09,webapp,high,moderate,eu,298,14.17,99.2,0,0,0,0,0,0,1,PaaS,Public Cloud,GCP
221.69,webapp,medium,high,eu,111,1.82,97.16,1,1,0,0,0,0,1,IaaS,Hybrid Cloud,Azure
2695.39,webapp,medium,moderate,us,459,33.64,98.85,1,1,0,1,0,0,0,IaaS,Hybrid Cloud,GCP
2317.0,enterprise,low,high,asia,426,107.92,95.53,1,0,0,0,0,0,0,IaaS,Private Cloud,Azure
548.4,startup,high,moderate,asia,334,84.44,95.31,0,1,0,1,0,1,1,IaaS,Public Cloud,GCP
355.0,webapp,high,basic,asia,483,28.46,95.23,0,0,0,0,0,0,1,PaaS,Public Cloud,GCP
2818.07,webapp,low,high,us,328,66.59,98.06,1,0,0,0,0,0,0,IaaS,Private Cloud,AWS
431.98,ml,low,basic,us,99,121.68,96.42,0,0,0,0,1,0,0,SaaS,Public Cloud,GCP
4067.72,enterprise,medium,high,eu,245,8.26,95.23,1,0,0,0,0,0,0,IaaS,Private Cloud,Azure
366.46,startup,high,moderate,asia,412,70.62,96.34,0,1,0,1,0,1,1,PaaS,Public Cloud,GCP
1487.47,enterprise,high,basic,us,265,20.17,95.65,0,0,0,0,0,1,0,SaaS,Public Cloud,AWS
22844.11,enterprise,low,basic,us,475,415.6,97.93,0,1,1,0,0,0,0,IaaS,Hybrid Cloud,Azure
5926.21,enterprise,medium,moderate,asia,114,55.43,99.06,1,0,1,0,0,0,0,IaaS,Hybrid Cloud,Azure
353.34,startup,low,basic,asia,252,384.74,97.71,0,1,0,0,0,0,1,PaaS,Public Cloud,GCP
12918.28,enterprise,medium,moderate,eu,340,54.39,99.97,0,0,1,0,0,0,0,IaaS,Hybrid Cloud,Azure
7997.63,enterprise,high,basic,us,335,36.22,95.76,0,1,0,0,0,0,0,IaaS,Public Cloud,AWS
129.86,startup,medium,moderate,us,357,149.29,97.17,0,0,0,1,0,0,1,PaaS,Public Cloud,GCP
7278.01,enterprise,high,basic,eu,167,208.23,97.81,0,0,1,0,0,0,0,SaaS,Public Cloud,Azure
509.79,startup,low,moderate,us,314,92.6,99.47,0,1,0,0,0,0,1,PaaS,Public Cloud,AWS
254.02,webapp,high,high,asia,477,56.34,97.89,1,0,0,0,0,1,1,IaaS,Private Cloud,GCP
124.53,startup,medium,basic,us,375,96.84,95.49,0,1,0,1,0,0,1,PaaS,Public Cloud,GCP
1707.78,enterprise,high,high,asia,79,1337.11,95.03,1,1,1,0,0,1,0,IaaS,Hybrid Cloud,Azure
2898.29,enterprise,high,basic,eu,132,21.67,96.47,0,0,1,0,0,1,0,SaaS,Public Cloud,Azure
9230.45,enterprise,medium,basic,eu,137,43.45,99.56,0,0,1,0,0,0,0,SaaS,Public Cloud,Azure
503.38,ml,low,moderate,asia,377,262.84,96.23,1,1,0,0,1,0,0,IaaS,Hybrid Cloud,GCP
2062.3,enterprise,high,basic,eu,118,7.8,96.7,0,0,0,0,0,0,0,SaaS,Public Cloud,Azure
112.45,startup,medium,high,asia,88,448.7,97.85,1,1,0,1,0,0,1,IaaS,Hybrid Cloud,GCP
173.51,startup,medium,basic,us,330,87.62,99.42,0,1,0,1,0,0,1,PaaS,Public Cloud,GCP
2283.24,enterprise,medium,basic,eu,491,37.97,96.36,0,0,0,0,0,0,0,SaaS,Public Cloud,AWS
57.54,startup,medium,moderate,us,155,6.17,99.4,0,1,0,0,0,0,1,PaaS,Public Cloud,AWS
969.26,enterprise,medium,moderate,us,265,7.59,97.37,0,0,0,0,0,0,0,IaaS,Public Cloud,AWS
1395.35,enterprise,low,moderate,eu,265,5.17,96.38,1,1,1,0,0,0,0,IaaS,Hybrid Cloud,Azure
382.92,startup,medium,basic,eu,227,28.18,96.48,0,1,0,0,0,0,1,PaaS,Public Cloud,GCP
1783.97,enterprise,high,basic,us,218,9.53,98.81,0,1,1,0,0,0,0,IaaS,Public Cloud,Azure
3469.65,enterprise,high,basic,asia,425,67.5,96.61,0,0,1,0,0,1,0,SaaS,Public Cloud,Azure
82.66,webapp,low,basic,asia,301,128.62,95.34,0,0,0,1,0,0,1,PaaS,Public Cloud,GCP
784.19,webapp,medium,high,us,64,319.91,95.43,1,0,0,0,0,0,1,IaaS,Private Cloud,AWS
2084.18,enterprise,medium,high,asia,280,38.86,99.13,1,1,1,0,0,0,0,IaaS,Hybrid Cloud,Azure
891.77,webapp,low,basic,asia,392,19.06,96.6,0,1,0,1,0,0,1,PaaS,Public Cloud,GCP
477.82,webapp,high,basic,eu,212,17.61,99.34,0,0,0,0,0,1,1,PaaS,Public Cloud,AWS
1564.78,webapp,low,high,eu,428,89.33,95.69,1,1,0,1,0,0,1,IaaS,Private Cloud,Azure
1265.89,webapp,medium,high,asia,451,93.0,95.33,1,0,0,1,0,0,1,IaaS,Private Cloud,GCP
268.67,webapp,high,basic,asia,51,14.67,99.51,0,0,0,1,0,0,1,PaaS,Public Cloud,GCP
311.95,webapp,medium,basic,eu,208,25.62,99.67,0,0,0,0,0,0,1,PaaS,Public Cloud,AWS
2173.04,enterprise,medium,moderate,asia,126,111.93,97.5,0,1,1,0,0,0,0,IaaS,Hybrid Cloud,Azure
251.06,startup,medium,moderate,asia,242,276.07,99.5,0,0,0,1,0,0,1,PaaS,Public Cloud,GCP
1031.42,webapp,low,high,us,72,859.95,96.91,1,0,0,0,0,0,1,IaaS,Private Cloud,AWS
593.8,webapp,high,basic,us,200,113.04,95.33,0,0,0,1,0,1,1,PaaS,Public Cloud,AWS
807.3,webapp,low,moderate,eu,277,0.88,97.84,1,1,0,1,0,0,1,IaaS,Hybrid Cloud,Azure
72.83,startup,low,moderate,us,19,97.21,96.95,0,0,0,1,0,0,1,PaaS,Public Cloud,GCP
4038.92,enterprise,high,moderate,us,138,44.46,98.94,1,0,1,0,0,1,0,IaaS,Hybrid Cloud,Azure
1019.52,ml,high,basic,eu,135,249.67,99.78,0,0,0,0,1,1,0,IaaS,Public Cloud,GCP
1483.1,ml,medium,high,eu,234,765.82,95.67,1,0,0,0,1,0,0,IaaS,Private Cloud,Azure
119.44,startup,high,basic,eu,62,328.45,99.45,0,0,0,1,0,0,1,PaaS,Public Cloud,GCP
4353.85,enterprise,high,basic,us,396,285.81,96.52,0,1,1,0,0,1,0,IaaS,Public Cloud,Azure
450.97,webapp,medium,high,asia,478,409.33,97.64,1,0,0,1,0,0,1,IaaS,Private Cloud,GCP
626.96,webapp,medium,high,asia,17,525.81,97.85,1,0,0,1,0,0,1,IaaS,Private Cloud,GCP
694.47,webapp,medium,high,eu,393,186.28,99.74,1,0,0,1,0,0,1,IaaS,Private Cloud,Azure
121.32,startup,medium,basic,us,223,169.85,96.71,0,1,0,1,0,0,1,PaaS,Public Cloud,GCP
657.09,ml,medium,moderate,us,114,58.07,99.6,0,0,0,0,1,0,0,IaaS,Public Cloud,GCP
744.92,startup,medium,basic,eu,169,11.53,99.34,0,0,0,0,0,0,1,PaaS,Public Cloud,AWS
314.47,startup,medium,moderate,us,118,37.85,96.82,0,0,0,1,0,0,1,PaaS,Public Cloud,GCP
332.13,startup,low,basic,us,53,51.06,99.93,0,1,0,1,0,0,1,PaaS,Public Cloud,GCP
1462.92,enterprise,low,moderate,us,343,86.6,95.15,1,1,1,0,0,0,0,IaaS,Hybrid Cloud,Azure
293.16,webapp,high,basic,eu,352,28.57,98.75,0,1,0,1,0,1,1,PaaS,Public Cloud,GCP
326.91,startup,high,moderate,eu,241,41.32,99.8,0,0,0,0,0,1,1,PaaS,Public Cloud,AWS
50.0,startup,medium,basic,us,153,15.73,97.14,0,0,0,1,0,0,1,PaaS,Public Cloud,GCP
394.89,webapp,medium,high,asia,286,131.0,99.65,1,0,0,1,0,0,1,IaaS,Private Cloud,GCP
721.31,webapp,high,basic,asia,462,121.94,97.08,0,0,0,1,0,0,1,PaaS,Public Cloud,GCP
1091.26,enterprise,high,moderate,asia,189,20.5,95.96,1,0,1,0,0,1,0,IaaS,Hybrid Cloud,Azure
126.57,startup,medium,moderate,eu,174,18.44,99.72,0,0,0,1,0,0,1,PaaS,Public Cloud,GCP
10501.95,ml,medium,basic,eu,294,127.97,97.93,0,0,0,0,1,0,0,IaaS,Public Cloud,GCP
719.59,webapp,medium,basic,asia,352,196.95,95.89,0,1,0,0,0,0,1,PaaS,Public Cloud,AWS
4578.67,enterprise,medium,basic,eu,417,8.15,98.08,0,1,0,0,0,0,0,IaaS,Hybrid Cloud,AWS
271.35,webapp,medium,moderate,us,86,42.35,95.68,0,0,0,1,0,0,1,PaaS,Public Cloud,GCP
1010.8,startup,medium,high,eu,194,22.76,96.21,1,0,0,1,0,0,1,IaaS,Private Cloud,Azure
224.38,startup,high,moderate,asia,311,127.7,99.42,1,0,0,0,0,1,1,PaaS,Public Cloud,GCP
450.83,startup,high,moderate,us,476,0.83,96.07,1,0,0,0,0,1,1,PaaS,Public Cloud,AWS
98.85,startup,medium,basic,asia,332,29.28,95.98,0,1,0,0,0,0,1,PaaS,Public Cloud,GCP
2923.08,ml,high,moderate,asia,303,2.61,95.39,0,1,0,0,1,0,0,IaaS,Hybrid Cloud,GCP
384.23,webapp,medium,moderate,us,156,39.73,99.8,1,0,0,0,0,0,1,PaaS,Public Cloud,AWS
616.55,webapp,high,moderate,asia,203,24.21,97.56,0,0,0,0,0,0,1,PaaS,Public Cloud,AWS
478.43,startup,high,basic,asia,276,54.97,99.83,0,0,0,0,0,0,1,PaaS,Public Cloud,GCP
233.45,ml,low,basic,asia,245,16.16,96.0,0,0,0,0,1,0,0,SaaS,Public Cloud,GCP
771.66,startup,medium,moderate,eu,90,76.96,95.01,1,1,0,0,0,0,1,IaaS,Public Cloud,Azure
712.75,webapp,medium,moderate,us,491,11.51,97.41,1,0,0,1,0,0,1,IaaS,Public Cloud,GCP
420.11,webapp,medium,high,asia,70,13.95,95.78,1,0,0,0,0,0,1,IaaS,Private Cloud,GCP
27032.24,enterprise,medium,high,us,411,25.41,96.14,1,0,1,0,0,0,0,IaaS,Private Cloud,Azure
1588.25,enterprise,high,moderate,asia,225,407.31,97.51,0,1,1,0,0,1,0,IaaS,Hybrid Cloud,Azure
477.45,webapp,low,high,eu,91,301.65,97.79,1,1,0,0,0,0,1,IaaS,Private Cloud,Azure
229.89,webapp,high,basic,asia,480,4.83,96.68,0,0,0,0,0,1,1,PaaS,Public Cloud,GCP
227.44,startup,high,high,asia,30,204.53,98.95,1,0,0,0,0,1,1,IaaS,Public Cloud,GCP
173.54,webapp,low,basic,us,416,17.74,97.81,0,0,0,1,0,0,1,PaaS,Public Cloud,GCP
920.84,startup,high,basic,us,320,75.33,96.41,0,0,0,1,0,1,1,PaaS,Public Cloud,AWS
281.36,ml,medium,basic,us,200,143.89,97.99,0,0,0,0,1,0,0,IaaS,Public Cloud,GCP
832.35,webapp,medium,high,asia,387,9.05,97.94,1,0,0,0,0,0,1,IaaS,Private Cloud,AWS
592.81,webapp,low,moderate,asia,391,4.51,95.14,0,1,0,0,0,0,1,PaaS,Public Cloud,AWS
3979.4,ml,high,basic,asia,75,23.42,97.92,0,1,0,0,1,0,0,IaaS,Public Cloud,GCP
1221.85,ml,medium,high,eu,281,86.46,98.62,1,0,0,0,1,0,0,IaaS,Private Cloud,Azure
440.1,startup,medium,basic,asia,478,81.43,95.91,0,1,0,0,0,0,1,PaaS,Public Cloud,GCP
1191.58,webapp,medium,moderate,us,463,156.5,95.41,1,1,0,0,0,0,1,IaaS,Hybrid Cloud,AWS
503.22,webapp,high,high,us,64,1127.18,99.84,1,0,0,0,0,0,1,IaaS,Private Cloud,AWS
6187.61,enterprise,high,basic,eu,13,91.63,97.91,0,0,1,0,0,0,0,SaaS,Public Cloud,Azure
188.07,startup,low,high,asia,474,246.86,98.3,1,0,0,0,0,0,1,IaaS,Private Cloud,GCP
273.1,webapp,medium,high,asia,364,105.86,97.18,1,0,0,1,0,0,1,IaaS,Private Cloud,GCP
7346.64,enterprise,high,moderate,asia,21,28.34,96.91,1,0,0,0,0,0,0,IaaS,Hybrid Cloud,AWS
1831.72,enterprise,medium,basic,us,227,34.13,97.58,0,1,1,0,0,0,0,IaaS,Hybrid Cloud,Azure
514.14,webapp,medium,moderate,eu,106,310.87,97.13,0,1,0,0,0,0,1,IaaS,Public Cloud,AWS
488.95,webapp,high,high,asia,273,25.72,97.97,1,0,0,1,0,1,1,IaaS,Private Cloud,GCP
298.2,startup,high,moderate,asia,414,1063.57,99.89,0,1,0,0,0,1,1,PaaS,Public Cloud,AWS
111.45,webapp,medium,high,eu,159,27.27,95.97,1,0,0,0,0,0,1,IaaS,Private Cloud,Azure
307.52,startup,medium,moderate,us,231,46.38,99.99,1,1,0,1,0,0,1,IaaS,Public Cloud,GCP
77.11,startup,medium,high,asia,293,53.27,96.45,1,0,0,0,0,0,1,IaaS,Private Cloud,GCP
5019.58,ml,medium,basic,eu,300,18.76,98.45,0,1,0,0,1,0,0,IaaS,Public Cloud,GCP
176.42,startup,high,basic,asia,389,630.13,99.34,0,0,0,1,0,0,1,PaaS,Public Cloud,GCP
451.66,webapp,medium,basic,us,190,36.81,98.86,0,0,0,0,0,0,1,PaaS,Public Cloud,AWS
3021.94,enterprise,high,moderate,asia,167,4.5,96.77,1,0,1,0,0,0,0,IaaS,Hybrid Cloud,Azure
66.69,startup,medium,basic,eu,128,1.67,97.53,0,0,0,1,0,0,1,PaaS,Public Cloud,GCP
1326.57,enterprise,medium,basic,us,198,107.72,99.5,0,0,1,0,0,0,0,SaaS,Public Cloud,Azure
518.87,startup,medium,moderate,asia,94,141.55,95.45,0,0,0,0,0,0,1,PaaS,Public Cloud,AWS
4546.52,enterprise,medium,basic,asia,461,6.48,97.09,0,0,1,0,0,0,0,SaaS,Public Cloud,Azure
592.87,webapp,high,basic,asia,69,27.61,99.04,0,0,0,1,0,0,1,PaaS,Public Cloud,GCP
750.13,webapp,high,high,eu,218,4.32,99.3,1,1,0,1,0,1,1,IaaS,Hybrid Cloud,Azure
389.76,webapp,high,high,asia,237,210.3,97.47,1,0,0,0,0,0,1,IaaS,Private Cloud,GCP
2085.63,webapp,medium,moderate,us,38,16.03,99.06,0,0,0,1,0,0,0,PaaS,Public Cloud,GCP
245.3,startup,low,moderate,asia,25,120.86,97.91,0,1,0,0,0,0,1,PaaS,Public Cloud,GCP
231.49,startup,high,moderate,asia,120,57.25,95.11,0,0,0,1,0,0,1,PaaS,Public Cloud,GCP
127.14,startup,low,moderate,eu,13,226.65,96.39,1,0,0,1,0,0,1,PaaS,Public Cloud,GCP
264.66,startup,high,basic,asia,252,19.0,95.11,0,1,0,1,0,0,1,PaaS,Public Cloud,GCP
405.36,webapp,high,basic,eu,200,77.2,99.02,0,1,0,1,0,1,1,PaaS,Public Cloud,GCP
1028.77,enterprise,medium,moderate,us,125,275.47,98.86,0,1,0,0,0,0,0,IaaS,Hybrid Cloud,AWS
4178.19,enterprise,low,basic,us,440,1177.29,99.21,0,1,1,0,0,0,0,IaaS,Hybrid Cloud,Azure
1633.4,enterprise,high,basic,asia,402,718.6,99.4,0,1,1,0,0,1,0,IaaS,Public Cloud,Azure
512.57,enterprise,medium,moderate,us,311,50.07,95.96,1,0,0,0,0,0,0,IaaS,Public Cloud,AWS
379.52,webapp,medium,moderate,eu,106,44.2,97.43,1,0,0,1,0,0,1,PaaS,Public Cloud,GCP
1816.65,webapp,low,moderate,us,29,53.58,97.26,1,1,0,1,0,0,1,IaaS,Hybrid Cloud,AWS
415.21,webapp,medium,high,us,165,10.68,96.77,1,1,0,1,0,0,1,IaaS,Hybrid Cloud,GCP
8225.47,ml,high,high,us,213,7.77,99.44,1,1,0,0,1,0,0,IaaS,Hybrid Cloud,GCP
263.24,startup,low,high,asia,149,128.96,98.38,1,1,0,1,0,0,1,IaaS,Private Cloud,GCP
354.95,startup,low,high,eu,51,76.86,98.7,1,1,0,0,0,0,1,IaaS,Private Cloud,Azure
135.08,startup,medium,moderate,asia,115,13.33,96.5,1,0,0,0,0,0,1,PaaS,Public Cloud,GCP
1011.21,enterprise,low,moderate,us,216,571.15,96.89,0,1,1,0,0,0,0,IaaS,Hybrid Cloud,Azure
2551.45,enterprise,medium,moderate,eu,165,218.7,95.8,0,0,0,0,0,0,0,IaaS,Hybrid Cloud,Azure
563.43,webapp,high,high,eu,480,32.97,97.03,1,0,0,1,0,0,1,IaaS,Private Cloud,Azure
2750.73,enterprise,medium,high,eu,348,238.59,98.32,1,1,1,0,0,0,0,IaaS,Hybrid Cloud,Azure
305.64,startup,medium,basic,eu,221,48.72,96.83,0,1,0,1,0,0,1,PaaS,Public Cloud,GCP
1100.62,webapp,medium,basic,eu,186,1362.63,97.82,0,0,0,1,0,0,1,PaaS,Public Cloud,AWS
109.04,startup,medium,moderate,eu,155,151.68,96.12,1,1,0,0,0,0,1,IaaS,Public Cloud,Azure
348.95,webapp,low,basic,asia,244,104.56,95.31,0,1,0,0,0,0,1,PaaS,Public Cloud,GCP
115.51,webapp,medium,basic,eu,225,69.09,95.1,0,0,0,1,0,0,1,PaaS,Public Cloud,GCP
642.77,startup,medium,moderate,asia,146,3.83,99.36,0,1,0,0,0,0,1,IaaS,Public Cloud,AWS
174.31,webapp,low,high,us,198,9.59,99.23,1,1,0,1,0,0,1,IaaS,Private Cloud,GCP
873.95,webapp,high,basic,eu,172,167.27,95.57,0,0,0,0,0,1,1,PaaS,Public Cloud,AWS
75.77,startup,low,basic,eu,112,145.68,96.52,0,1,0,0,0,0,1,PaaS,Public Cloud,GCP
1176.84,enterprise,medium,basic,us,353,21.85,95.48,0,0,0,0,0,0,0,SaaS,Public Cloud,AWS
605.68,webapp,medium,basic,asia,370,39.33,98.74,0,1,0,1,0,0,1,PaaS,Public Cloud,GCP
82.86,ml,high,basic,us,379,469.64,99.16,0,0,0,0,1,1,0,IaaS,Public Cloud,GCP
146.06,startup,low,basic,us,10,401.07,99.27,0,0,0,1,0,0,1,PaaS,Public Cloud,GCP
929.25,webapp,medium,basic,asia,283,8.87,95.46,0,0,0,0,0,0,1,PaaS,Public Cloud,AWS
174.59,startup,low,basic,us,491,1278.19,96.65,0,0,0,0,0,0,1,PaaS,Public Cloud,AWS
263.53,startup,high,basic,eu,168,10.63,95.95,0,1,0,1,0,0,1,PaaS,Public Cloud,GCP
2885.29,enterprise,low,moderate,asia,68,1224.14,96.86,1,0,0,0,0,0,0,IaaS,Private Cloud,AWS
1547.41,webapp,high,basic,us,101,121.34,97.48,0,0,0,1,0,1,1,PaaS,Public Cloud,AWS
107.38,webapp,high,basic,eu,454,93.46,97.64,0,0,0,1,0,0,1,PaaS,Public Cloud,GCP
3085.07,enterprise,high,moderate,us,13,47.36,97.71,1,0,1,0,0,1,0,IaaS,Hybrid Cloud,Azure
2554.5,enterprise,medium,high,eu,495,56.2,99.12,1,1,0,0,0,0,0,IaaS,Hybrid Cloud,Azure
160.96,startup,medium,basic,asia,1,672.52,95.07,0,1,0,0,0,0,1,PaaS,Public Cloud,GCP
472.29,startup,medium,basic,eu,85,116.69,99.45,0,0,0,1,0,0,1,PaaS,Public Cloud,GCP
248.88,startup,medium,basic,us,169,44.33,96.23,0,1,0,1,0,0,1,PaaS,Public Cloud,GCP
470.18,ml,low,moderate,asia,333,87.44,96.28,1,1,0,0,1,0,0,IaaS,Hybrid Cloud,GCP
2055.39,ml,medium,moderate,us,463,119.77,95.08,1,0,0,0,1,0,0,IaaS,Hybrid Cloud,GCP
8436.73,enterprise,high,moderate,us,13,184.66,97.21,1,0,0,0,0,1,0,IaaS,Hybrid Cloud,AWS
4108.99,enterprise,high,moderate,asia,460,5.61,96.4,0,0,1,0,0,1,0,IaaS,Public Cloud,Azure
112.2,startup,medium,high,us,164,564.57,96.52,1,1,0,0,0,0,1,IaaS,Hybrid Cloud,AWS
144.86,startup,medium,moderate,us,302,80.06,99.65,0,0,0,0,0,0,1,PaaS,Public Cloud,AWS
3038.36,webapp,low,moderate,asia,429,39.47,95.61,0,0,0,0,0,0,0,PaaS,Private Cloud,AWS
9689.55,enterprise,medium,basic,asia,221,287.63,99.52,0,0,0,0,0,0,0,SaaS,Public Cloud,AWS
3626.31,webapp,low,basic,us,470,56.01,97.57,0,0,0,1,0,0,0,PaaS,Public Cloud,GCP
486.22,webapp,medium,basic,asia,121,77.22,96.13,0,1,0,0,0,0,1,PaaS,Public Cloud,GCP
3915.79,enterprise,high,moderate,eu,61,7.37,97.13,1,0,1,0,0,1,0,IaaS,Hybrid Cloud,Azure
326.65,webapp,high,moderate,eu,300,121.97,95.75,0,0,0,0,0,0,1,PaaS,Public Cloud,GCP
15054.16,enterprise,high,moderate,eu,343,11.02,98.38,1,0,0,0,0,0,0,IaaS,Hybrid Cloud,Azure
798.08,ml,medium,moderate,eu,431,40.16,95.97,0,0,0,0,1,0,0,IaaS,Public Cloud,GCP
795.32,webapp,medium,moderate,eu,117,197.92,95.77,1,0,0,0,0,0,1,IaaS,Public Cloud,Azure
125.05,startup,high,basic,us,351,12.57,95.51,0,0,0,0,0,1,1,PaaS,Public Cloud,AWS
756.78,ml,high,basic,eu,435,90.86,97.53,0,1,0,0,1,0,0,IaaS,Public Cloud,GCP
1458.32,enterprise,high,basic,asia,447,87.76,96.8,0,1,0,0,0,0,0,IaaS,Public Cloud,AWS
1702.91,webapp,low,moderate,asia,55,1109.8,99.09,1,0,0,1,0,0,1,PaaS,Private Cloud,GCP
200.42,startup,medium,basic,eu,100,26.75,97.12,0,1,0,1,0,0,1,PaaS,Public Cloud,GCP
2188.43,ml,low,high,asia,207,31.2,98.35,1,0,0,0,1,0,0,IaaS,Private Cloud,GCP
541.83,webapp,high,moderate,us,113,29.83,99.99,0,0,0,0,0,0,1,PaaS,Public Cloud,AWS
839.48,webapp,medium,high,us,411,49.36,95.49,1,0,0,0,0,0,1,IaaS,Private Cloud,AWS
370.32,startup,high,moderate,eu,199,173.61,95.44,0,0,0,1,0,1,1,PaaS,Public Cloud,GCP
7759.07,enterprise,high,basic,asia,418,15.57,98.66,0,1,1,0,0,0,0,IaaS,Public Cloud,Azure
3888.88,enterprise,medium,basic,eu,422,43.63,98.64,0,0,1,0,0,0,0,SaaS,Public Cloud,Azure
77.71,startup,high,moderate,eu,342,293.53,98.01,0,0,0,1,0,1,1,PaaS,Public Cloud,GCP
1303.09,enterprise,high,moderate,eu,372,176.04,98.84,1,0,1,0,0,1,0,IaaS,Hybrid Cloud,Azure
2753.71,webapp,high,high,us,30,55.37,95.64,1,0,0,1,0,1,0,IaaS,Private Cloud,AWS
643.07,webapp,medium,moderate,asia,438,24.8,98.34,1,0,0,0,0,0,1,IaaS,Public Cloud,AWS
332.4,webapp,medium,moderate,us,388,17.14,95.38,0,0,0,0,0,0,1,PaaS,Public Cloud,AWS
156.93,startup,medium,moderate,eu,409,17.64,98.15,1,1,0,1,0,0,1,IaaS,Public Cloud,GCP
292.85,startup,high,moderate,asia,422,42.15,99.39,0,0,0,0,0,1,1,PaaS,Public Cloud,GCP
10246.34,ml,low,basic,eu,164,1.12,98.32,0,0,0,0,1,0,0,IaaS,Public Cloud,GCP
67.81,startup,high,moderate,eu,174,31.17,95.0,0,1,0,1,0,1,1,PaaS,Public Cloud,GCP
580.71,startup,low,high,eu,157,8.61,98.04,1,0,0,0,0,0,1,IaaS,Private Cloud,Azure
1765.68,ml,low,moderate,eu,35,33.75,98.5,1,0,0,0,1,0,0,IaaS,Private Cloud,Azure
593.92,webapp,high,moderate,us,339,1376.62,96.37,1,0,0,0,0,1,1,IaaS,Public Cloud,AWS
18018.04,enterprise,low,high,asia,195,73.77,97.98,1,1,0,0,0,0,0,IaaS,Private Cloud,Azure
474.61,webapp,high,high,eu,210,102.96,96.56,1,0,0,1,0,1,1,IaaS,Private Cloud,GCP
1957.22,webapp,medium,basic,eu,33,7.11,99.91,0,1,0,0,0,0,1,PaaS,Public Cloud,AWS
1245.28,startup,low,moderate,asia,210,117.27,98.48,0,0,0,1,0,0,1,PaaS,Public Cloud,GCP
1829.96,enterprise,medium,basic,us,400,48.57,98.17,0,1,0,0,0,0,0,IaaS,Hybrid Cloud,AWS
635.54,startup,high,basic,eu,68,3.36,97.92,0,0,0,0,0,1,1,PaaS,Public Cloud,AWS
6435.24,enterprise,high,basic,us,239,104.38,95.67,0,0,0,0,0,0,0,SaaS,Public Cloud,AWS
288.23,startup,low,high,asia,178,96.0,95.38,1,0,0,0,0,0,1,IaaS,Private Cloud,GCP
1145.7,ml,medium,basic,eu,212,102.15,99.66,0,1,0,0,1,0,0,IaaS,Public Cloud,GCP
186.75,startup,medium,basic,eu,474,442.89,98.7,0,1,0,0,0,0,1,PaaS,Public Cloud,GCP
1352.79,ml,medium,moderate,us,12,126.08,96.69,1,0,0,0,1,0,0,IaaS,Private Cloud,GCP
315.55,ml,high,moderate,asia,347,27.24,99.65,1,1,0,0,1,0,0,IaaS,Public Cloud,GCP
325.67,webapp,low,basic,asia,24,143.48,95.93,0,0,0,0,0,0,1,PaaS,Public Cloud,GCP
459.98,webapp,high,moderate,us,153,10.26,96.93,1,0,0,0,0,1,1,PaaS,Public Cloud,AWS
527.79,startup,medium,moderate,eu,488,70.1,97.53,1,1,0,1,0,0,1,IaaS,Public Cloud,Azure
7254.16,ml,medium,high,eu,64,25.07,96.05,1,1,0,0,1,0,0,IaaS,Hybrid Cloud,Azure
242.98,webapp,medium,high,us,292,56.12,98.13,1,0,0,0,0,0,1,IaaS,Private Cloud,AWS
942.8,ml,high,moderate,eu,384,2.57,97.51,0,1,0,0,1,1,0,IaaS,Public Cloud,GCP
2568.84,ml,medium,high,eu,379,73.03,96.0,1,0,0,0,1,0,0,IaaS,Private Cloud,Azure
493.63,webapp,high,basic,eu,53,35.14,95.11,0,0,0,1,0,0,1,PaaS,Public Cloud,GCP
348.87,startup,medium,moderate,eu,442,156.82,99.49,0,1,0,0,0,0,1,PaaS,Public Cloud,AWS
61.73,startup,high,moderate,asia,147,90.65,98.89,0,0,0,0,0,1,1,PaaS,Public Cloud,GCP
185.51,startup,high,basic,eu,270,3.16,96.39,0,1,0,1,0,1,1,PaaS,Public Cloud,GCP
2871.13,enterprise,medium,moderate,asia,260,415.89,95.78,1,0,1,0,0,0,0,IaaS,Hybrid Cloud,Azure
428.62,webapp,high,basic,eu,291,34.73,96.4,0,0,0,1,0,1,1,PaaS,Public Cloud,GCP
451.52,startup,medium,basic,eu,484,41.49,99.21,0,0,0,1,0,0,1,PaaS,Public Cloud,GCP
293.22,startup,medium,high,us,192,7.51,96.93,1,0,0,1,0,0,1,IaaS,Private Cloud,GCP
333.28,startup,medium,moderate,eu,301,117.3,98.91,0,1,0,1,0,0,1,PaaS,Public Cloud,GCP
7977.36,enterprise,medium,high,asia,155,7.43,99.0,1,0,0,0,0,0,0,IaaS,Private Cloud,Azure
512.32,startup,high,basic,us,491,52.09,98.95,0,1,0,1,0,1,1,PaaS,Public Cloud,AWS
3535.75,ml,low,high,eu,232,17.95,95.55,1,0,0,0,1,0,0,IaaS,Private Cloud,Azure
253.55,startup,medium,basic,eu,127,3.85,99.9,0,1,0,1,0,0,1,PaaS,Public Cloud,GCP
2901.28,ml,low,moderate,eu,64,6.83,97.03,1,0,0,0,1,0,0,IaaS,Private Cloud,Azure
547.86,webapp,high,basic,eu,448,8.67,97.31,0,1,0,1,0,1,1,PaaS,Public Cloud,GCP
231.67,startup,high,basic,us,18,27.08,97.63,0,0,0,1,0,0,1,PaaS,Public Cloud,GCP
570.67,startup,low,moderate,asia,204,55.03,98.24,0,0,0,0,0,0,1,PaaS,Public Cloud,AWS
140.79,webapp,high,high,us,264,26.66,96.55,1,0,0,1,0,1,1,IaaS,Private Cloud,GCP
517.47,enterprise,medium,moderate,eu,473,445.98,95.58,1,0,1,0,0,0,0,IaaS,Hybrid Cloud,Azure
362.56,webapp,medium,high,asia,7,234.38,96.1,1,0,0,0,0,0,1,PaaS,Private Cloud,GCP
552.66,ml,medium,basic,eu,428,1093.8,99.48,0,0,0,0,1,0,0,IaaS,Public Cloud,GCP
170.23,webapp,medium,basic,eu,131,3.47,96.44,0,0,0,1,0,0,1,PaaS,Public Cloud,GCP
132.12,startup,low,moderate,eu,288,107.52,96.25,0,1,0,1,0,0,1,PaaS,Public Cloud,GCP
766.97,enterprise,low,high,asia,445,692.96,98.79,1,0,1,0,0,0,0,IaaS,Private Cloud,Azure
13046.2,enterprise,medium,basic,us,431,27.97,99.15,0,1,1,0,0,0,0,IaaS,Hybrid Cloud,Azure
2780.73,enterprise,medium,moderate,eu,416,75.43,98.11,0,0,1,0,0,0,0,IaaS,Hybrid Cloud,Azure
414.19,startup,medium,high,us,352,200.93,95.99,1,0,0,1,0,0,1,IaaS,Private Cloud,GCP
818.43,startup,medium,basic,asia,197,65.33,95.1,0,0,0,1,0,0,1,PaaS,Public Cloud,GCP
656.11,startup,high,moderate,asia,65,71.36,99.49,1,0,0,1,0,1,1,PaaS,Public Cloud,GCP
749.58,webapp,medium,basic,us,250,17.06,97.95,0,1,0,1,0,0,1,PaaS,Public Cloud,AWS
3536.74,enterprise,low,basic,eu,264,17.23,98.88,0,0,0,0,0,0,0,SaaS,Public Cloud,AWS
157.17,webapp,low,moderate,asia,282,12.95,96.9,1,1,0,1,0,0,1,IaaS,Hybrid Cloud,GCP
180.94,webapp,low,basic,asia,337,35.61,99.89,0,0,0,0,0,0,1,PaaS,Public Cloud,GCP
7109.28,enterprise,high,basic,eu,404,100.43,98.0,0,1,0,0,0,0,0,IaaS,Public Cloud,Azure
142.35,startup,medium,basic,eu,96,124.69,97.12,0,0,0,0,0,0,1,PaaS,Public Cloud,GCP
7090.24,enterprise,high,basic,asia,61,29.79,96.57,0,1,1,0,0,0,0,SaaS,Public Cloud,Azure
59.74,startup,medium,high,eu,133,22.05,95.17,1,0,0,1,0,0,1,IaaS,Private Cloud,GCP
206.94,startup,medium,moderate,eu,317,212.84,96.44,0,1,0,1,0,0,1,PaaS,Public Cloud,GCP
407.37,ml,high,high,eu,65,15.11,99.34,1,1,0,0,1,0,0,IaaS,Hybrid Cloud,GCP
4822.74,enterprise,medium,high,us,455,5.61,95.03,1,0,0,0,0,0,0,IaaS,Private Cloud,AWS
740.31,webapp,low,high,asia,54,2.99,97.55,1,1,0,1,0,0,1,IaaS,Private Cloud,GCP
1072.58,ml,low,moderate,asia,418,73.28,95.57,1,0,0,0,1,0,0,IaaS,Private Cloud,GCP
428.41,webapp,medium,moderate,asia,162,18.41,99.56,1,0,0,1,0,0,1,PaaS,Public Cloud,GCP
869.69,enterprise,low,moderate,asia,468,8.03,95.39,1,1,1,0,0,0,0,IaaS,Hybrid Cloud,Azure
122.92,startup,medium,high,asia,47,87.68,97.6,1,1,0,0,0,0,1,IaaS,Hybrid Cloud,GCP
367.57,startup,high,high,asia,422,75.43,98.23,1,1,0,1,0,1,1,IaaS,Hybrid Cloud,GCP
429.44,webapp,medium,high,us,333,12.04,96.35,1,0,0,1,0,0,1,IaaS,Private Cloud,GCP
12975.56,enterprise,medium,high,us,244,738.58,95.51,1,0,1,0,0,0,0,IaaS,Private Cloud,Azure
497.8,webapp,high,basic,eu,12,26.11,99.78,0,0,0,0,0,1,1,PaaS,Public Cloud,AWS
578.02,webapp,high,basic,us,47,15.43,96.21,0,1,0,0,0,1,1,PaaS,Public Cloud,AWS
1773.8,ml,medium,basic,asia,427,1617.04,99.73,0,0,0,0,1,0,0,IaaS,Public Cloud,GCP
14497.97,enterprise,low,high,asia,122,700.31,95.44,1,0,1,0,0,0,0,IaaS,Private Cloud,Azure
950.02,enterprise,medium,moderate,us,174,267.89,96.05,0,1,1,0,0,0,0,IaaS,Hybrid Cloud,Azure
2167.01,ml,low,basic,us,248,111.17,97.05,0,0,0,0,1,0,0,IaaS,Public Cloud,GCP
83.09,webapp,medium,moderate,asia,459,149.5,95.14,0,1,0,0,0,0,1,PaaS,Public Cloud,GCP
2194.25,ml,medium,moderate,eu,339,56.26,95.33,0,0,0,0,1,0,0,IaaS,Public Cloud,GCP
2057.36,enterprise,medium,basic,us,425,3.34,99.4,0,1,1,0,0,0,0,IaaS,Hybrid Cloud,Azure
1885.35,enterprise,high,basic,eu,45,13.74,99.2,0,1,1,0,0,1,0,SaaS,Public Cloud,Azure
745.62,enterprise,low,basic,eu,216,14.92,97.02,0,0,0,0,0,0,0,SaaS,Public Cloud,Azure
185.9,webapp,low,moderate,us,375,80.09,95.32,1,0,0,0,0,0,1,PaaS,Public Cloud,AWS
657.79,webapp,high,basic,eu,64,993.58,98.87,0,0,0,0,0,1,1,PaaS,Public Cloud,AWS
999.34,ml,medium,basic,us,220,48.92,98.88,0,1,0,0,1,0,0,IaaS,Public Cloud,GCP
4462.42,enterprise,medium,moderate,asia,86,128.94,97.09,0,1,0,0,0,0,0,IaaS,Hybrid Cloud,AWS
2450.28,webapp,high,high,asia,160,7.43,97.33,1,1,0,0,0,0,0,IaaS,Hybrid Cloud,AWS
472.71,ml,medium,moderate,us,406,261.26,99.16,0,1,0,0,1,0,0,IaaS,Public Cloud,GCP
459.39,startup,low,moderate,us,479,17.02,97.31,0,1,0,1,0,0,1,PaaS,Public Cloud,GCP
5057.46,enterprise,high,moderate,eu,161,379.67,96.23,1,1,1,0,0,1,0,IaaS,Hybrid Cloud,Azure
368.55,startup,medium,basic,asia,494,78.2,99.72,0,0,0,1,0,0,1,PaaS,Public Cloud,GCP
4755.49,enterprise,medium,basic,us,60,13783.12,95.18,0,1,0,0,0,0,0,SaaS,Hybrid Cloud,AWS
2507.35,webapp,low,basic,asia,435,146.55,97.7,0,0,0,1,0,0,0,PaaS,Public Cloud,GCP
223.02,webapp,medium,basic,us,9,4.15,99.03,0,0,0,0,0,0,1,SaaS,Public Cloud,AWS
5501.76,enterprise,high,basic,asia,213,1297.73,98.1,0,1,0,0,0,0,0,IaaS,Public Cloud,AWS
1024.67,enterprise,low,high,asia,280,11.92,96.39,1,0,1,0,0,0,0,IaaS,Private Cloud,Azure
740.92,enterprise,high,high,us,284,27.64,96.12,1,0,1,0,0,1,0,IaaS,Hybrid Cloud,Azure
188.92,webapp,high,moderate,eu,145,351.09,99.45,1,1,0,1,0,0,1,IaaS,Public Cloud,GCP
315.66,startup,medium,moderate,asia,492,6.32,95.83,0,1,0,0,0,0,1,PaaS,Public Cloud,GCP
16345.92,ml,medium,basic,eu,142,3.43,96.71,0,0,0,0,1,0,0,IaaS,Public Cloud,GCP
547.25,startup,medium,moderate,us,262,101.27,96.77,0,0,0,1,0,0,1,PaaS,Public Cloud,AWS
564.05,startup,medium,basic,asia,171,27.53,99.4,0,0,0,0,0,0,1,PaaS,Public Cloud,AWS
50.0,startup,low,basic,us,273,26.93,96.65,0,0,0,0,0,0,1,PaaS,Public Cloud,AWS
150.88,startup,high,basic,eu,86,9.34,95.12,0,1,0,0,0,1,1,PaaS,Public Cloud,AWS
14858.79,enterprise,low,moderate,eu,194,38.93,98.96,0,1,1,0,0,0,0,IaaS,Hybrid Cloud,Azure
331.19,startup,medium,moderate,asia,31,17.19,95.92,1,0,0,1,0,0,1,PaaS,Public Cloud,GCP
555.94,startup,medium,basic,asia,311,349.57,99.29,0,0,0,1,0,0,1,PaaS,Public Cloud,GCP
777.24,webapp,high,high,asia,56,44.95,99.4,1,0,0,1,0,1,1,IaaS,Private Cloud,GCP
2832.06,webapp,medium,high,asia,440,31.6,97.05,1,0,0,1,0,0,0,IaaS,Private Cloud,GCP
315.24,startup,medium,basic,us,163,40.78,95.75,0,0,0,0,0,0,1,PaaS,Public Cloud,AWS
283.15,webapp,low,moderate,asia,191,1943.48,98.67,1,0,0,1,0,0,1,PaaS,Private Cloud,GCP
1345.42,ml,medium,basic,asia,344,129.45,99.31,0,0,0,0,1,0,0,IaaS,Public Cloud,GCP
50.0,startup,low,basic,us,36,64.65,95.62,0,1,0,1,0,0,1,PaaS,Public Cloud,GCP
364.84,startup,medium,moderate,asia,223,16.12,96.79,0,1,0,1,0,0,1,PaaS,Public Cloud,GCP
7764.19,enterprise,low,basic,asia,82,2.63,95.45,0,1,0,0,0,0,0,SaaS,Hybrid Cloud,AWS
138.34,startup,low,high,asia,148,43.09,95.24,1,0,0,1,0,0,1,IaaS,Private Cloud,GCP
50.0,startup,high,basic,eu,9,100.6,96.76,0,0,0,1,0,0,1,SaaS,Public Cloud,GCP
221.3,startup,medium,moderate,eu,457,26.49,98.95,0,0,0,1,0,0,1,PaaS,Public Cloud,GCP
301.33,startup,high,moderate,eu,73,201.73,98.71,0,1,0,0,0,1,1,PaaS,Public Cloud,AWS
765.02,enterprise,medium,high,asia,32,38.91,97.83,1,0,1,0,0,0,0,IaaS,Private Cloud,Azure
4880.86,enterprise,medium,moderate,asia,367,26.31,99.95,0,1,1,0,0,0,0,IaaS,Hybrid Cloud,Azure
330.73,startup,medium,moderate,eu,205,451.42,95.14,0,0,0,0,0,0,1,PaaS,Public Cloud,GCP
510.19,webapp,medium,moderate,asia,227,5.36,96.79,0,0,0,1,0,0,1,PaaS,Public Cloud,GCP
13924.12,ml,low,basic,eu,191,14.49,97.85,0,0,0,0,1,0,0,IaaS,Public Cloud,GCP
1412.08,startup,low,moderate,asia,281,491.69,98.57,0,1,0,0,0,0,1,IaaS,Public Cloud,AWS
1833.08,ml,medium,moderate,eu,257,48.79,96.74,0,1,0,0,1,0,0,IaaS,Hybrid Cloud,GCP
115.14,webapp,high,basic,asia,32,15.1,95.73,0,1,0,0,0,1,1,PaaS,Public Cloud,GCP
6298.03,ml,high,basic,eu,426,76.76,99.01,0,0,0,0,1,1,0,IaaS,Public Cloud,GCP
2858.73,webapp,low,high,asia,306,66.44,95.01,1,0,0,0,0,0,0,IaaS,Private Cloud,AWS
274.71,startup,high,high,asia,417,310.03,98.64,1,0,0,0,0,0,1,IaaS,Public Cloud,GCP
1153.4,enterprise,medium,moderate,us,65,8.77,95.07,1,1,1,0,0,0,0,IaaS,Hybrid Cloud,Azure
913.33,webapp,high,moderate,asia,53,124.36,96.74,0,1,0,0,0,1,1,PaaS,Public Cloud,AWS
286.89,startup,medium,basic,asia,39,2486.9,96.13,0,0,0,0,0,0,1,PaaS,Public Cloud,AWS
840.02,ml,high,basic,us,215,14.53,95.49,0,0,0,0,1,1,0,IaaS,Public Cloud,GCP
2336.3,ml,medium,moderate,us,244,33.4,96.5,0,0,0,0,1,0,0,IaaS,Public Cloud,GCP
96.51,startup,high,high,asia,341,28.63,99.63,1,0,0,1,0,1,1,IaaS,Public Cloud,GCP
4257.16,ml,medium,high,eu,132,75.78,96.4,1,1,0,0,1,0,0,IaaS,Hybrid Cloud,Azure
73.59,startup,high,moderate,asia,181,15.99,95.3,0,0,0,1,0,0,1,PaaS,Public Cloud,GCP
1225.8,enterprise,high,high,us,168,69.45,99.83,1,1,0,0,0,1,0,IaaS,Hybrid Cloud,AWS
260.6,startup,medium,moderate,eu,410,65.37,99.54,0,1,0,1,0,0,1,PaaS,Public Cloud,GCP
50.0,webapp,medium,moderate,eu,152,360.38,99.5,0,1,0,1,0,0,1,PaaS,Public Cloud,GCP
258.92,startup,medium,basic,eu,449,128.68,95.08,0,0,0,1,0,0,1,PaaS,Public Cloud,GCP
1631.58,enterprise,high,moderate,asia,134,48.65,99.08,0,1,0,0,0,1,0,IaaS,Hybrid Cloud,AWS
20167.22,enterprise,high,basic,asia,341,40.64,97.49,0,1,1,0,0,0,0,IaaS,Hybrid Cloud,Azure
583.05,enterprise,high,moderate,us,304,117.23,99.48,1,1,0,0,0,1,0,IaaS,Hybrid Cloud,AWS
90.03,startup,high,moderate,asia,311,12.65,96.91,0,0,0,1,0,1,1,PaaS,Public Cloud,GCP
223.92,startup,medium,moderate,asia,171,44.66,98.4,0,0,0,0,0,0,1,PaaS,Public Cloud,GCP
177.39,startup,low,basic,eu,217,15.18,96.63,0,0,0,0,0,0,1,PaaS,Public Cloud,GCP
2976.51,ml,high,high,eu,65,47.06,99.92,1,0,0,0,1,0,0,IaaS,Private Cloud,GCP
192.2,startup,medium,moderate,eu,74,11.31,96.97,1,0,0,1,0,0,1,PaaS,Public Cloud,GCP
621.12,webapp,low,basic,eu,394,72.71,98.28,0,0,0,1,0,0,1,PaaS,Public Cloud,GCP
971.75,webapp,low,moderate,eu,317,52.18,98.62,1,1,0,0,0,0,1,IaaS,Hybrid Cloud,Azure
2762.64,enterprise,high,moderate,us,145,42.74,99.82,1,0,1,0,0,1,0,IaaS,Hybrid Cloud,Azure
481.52,enterprise,medium,moderate,asia,4,4.34,97.33,1,0,0,0,0,0,0,SaaS,Hybrid Cloud,GCP
1346.1,enterprise,medium,moderate,asia,274,99.9,96.87,1,0,0,0,0,0,0,IaaS,Hybrid Cloud,AWS
262.49,webapp,low,moderate,asia,438,30.24,95.78,0,1,0,1,0,0,1,PaaS,Public Cloud,GCP
1628.64,webapp,medium,moderate,us,71,91.94,95.32,1,0,0,1,0,0,1,PaaS,Hybrid Cloud,AWS
127.85,webapp,high,high,eu,400,74.35,95.62,1,1,0,1,0,1,1,IaaS,Hybrid Cloud,GCP
232.72,startup,high,moderate,us,244,11.85,98.76,0,0,0,0,0,1,1,PaaS,Public Cloud,AWS
193.17,webapp,high,basic,asia,222,126.86,96.54,0,1,0,0,0,0,1,PaaS,Public Cloud,GCP
768.91,webapp,high,basic,us,480,100.83,95.61,0,0,0,0,0,1,1,PaaS,Public Cloud,AWS
253.25,startup,medium,high,eu,99,85.83,96.54,1,1,0,1,0,0,1,IaaS,Hybrid Cloud,GCP
1122.76,startup,high,basic,asia,263,22.59,98.85,0,1,0,0,0,0,1,PaaS,Public Cloud,AWS
4595.79,ml,medium,high,asia,351,225.15,95.87,1,1,0,0,1,0,0,IaaS,Hybrid Cloud,GCP
3099.01,enterprise,medium,high,asia,309,30.07,99.24,1,1,1,0,0,0,0,IaaS,Hybrid Cloud,Azure
323.17,webapp,medium,basic,eu,134,279.55,98.04,0,0,0,0,0,0,1,PaaS,Public Cloud,AWS
115.3,startup,medium,high,asia,480,14.46,95.53,1,1,0,0,0,0,1,IaaS,Hybrid Cloud,GCP
10057.48,enterprise,medium,moderate,eu,75,191.98,97.76,0,0,0,0,0,0,0,IaaS,Hybrid Cloud,AWS
63.71,startup,medium,basic,asia,494,71.77,99.85,0,0,0,1,0,0,1,PaaS,Public Cloud,GCP
4910.58,enterprise,high,high,us,208,80.73,96.15,1,1,1,0,0,0,0,IaaS,Hybrid Cloud,Azure
220.47,webapp,medium,basic,eu,438,39.48,96.67,0,0,0,0,0,0,1,PaaS,Public Cloud,AWS
1069.68,webapp,high,moderate,us,30,53.04,96.26,1,0,0,0,0,0,1,PaaS,Public Cloud,AWS
1523.29,enterprise,high,moderate,us,108,18.71,95.33,0,0,1,0,0,0,0,IaaS,Public Cloud,Azure
777.01,webapp,medium,moderate,asia,149,150.71,95.24,0,1,0,1,0,0,1,IaaS,Public Cloud,GCP
169.84,webapp,medium,high,asia,220,81.94,95.28,1,1,0,1,0,0,1,IaaS,Hybrid Cloud,GCP
1556.72,enterprise,low,basic,us,475,14.68,97.31,0,1,1,0,0,0,0,IaaS,Hybrid Cloud,Azure
7799.87,enterprise,high,high,eu,228,5.88,99.11,1,0,0,0,0,0,0,IaaS,Private Cloud,Azure
390.72,webapp,high,basic,eu,103,238.93,99.09,0,0,0,1,0,1,1,PaaS,Public Cloud,GCP
1685.54,ml,medium,basic,eu,492,151.61,99.02,0,0,0,0,1,0,0,IaaS,Public Cloud,GCP
151.91,webapp,medium,high,eu,68,180.19,98.62,1,0,0,1,0,0,1,IaaS,Private Cloud,GCP
3863.0,enterprise,low,basic,us,36,56.66,97.47,0,0,1,0,0,0,0,SaaS,Public Cloud,Azure
1180.98,webapp,low,high,asia,216,140.89,99.9,1,1,0,1,0,0,1,IaaS,Private Cloud,GCP
207.37,webapp,high,moderate,asia,488,16.23,99.4,0,0,0,0,0,1,1,PaaS,Public Cloud,GCP
97.66,startup,medium,basic,us,158,15.91,95.38,0,0,0,1,0,0,1,PaaS,Public Cloud,GCP
258.34,startup,high,basic,eu,167,56.21,95.36,0,1,0,0,0,0,1,PaaS,Public Cloud,GCP
2819.9,ml,high,basic,eu,256,880.35,97.21,0,1,0,0,1,0,0,IaaS,Public Cloud,GCP
309.86,webapp,high,high,us,276,20.32,95.12,1,0,0,0,0,0,1,IaaS,Private Cloud,AWS
310.46,webapp,low,moderate,asia,449,46.35,97.33,0,0,0,1,0,0,1,PaaS,Public Cloud,GCP
305.84,webapp,medium,moderate,asia,121,253.02,99.41,0,0,0,1,0,0,1,PaaS,Public Cloud,GCP
313.37,startup,high,moderate,us,481,45.68,99.66,0,1,0,0,0,1,1,PaaS,Public Cloud,AWS
845.29,enterprise,low,moderate,us,438,18.52,98.26,1,0,1,0,0,0,0,IaaS,Private Cloud,Azure
65.82,startup,medium,moderate,eu,280,1137.59,96.04,1,0,0,0,0,0,1,PaaS,Public Cloud,AWS
4447.37,enterprise,medium,basic,us,343,37.73,95.74,0,0,0,0,0,0,0,SaaS,Public Cloud,AWS
2732.85,enterprise,high,moderate,eu,425,18.08,96.29,0,0,1,0,0,0,0,IaaS,Public Cloud,Azure
605.77,webapp,low,moderate,us,358,858.12,95.81,1,1,0,1,0,0,1,IaaS,Hybrid Cloud,AWS
85.58,webapp,high,moderate,asia,489,1.29,97.78,0,0,0,0,0,0,1,PaaS,Public Cloud,GCP
357.99,webapp,low,basic,eu,364,4.54,95.47,0,1,0,0,0,0,1,PaaS,Public Cloud,GCP
748.58,webapp,medium,moderate,eu,278,59.27,98.94,0,0,0,1,0,0,1,PaaS,Public Cloud,GCP
635.41,startup,medium,basic,eu,158,2208.51,98.15,0,1,0,1,0,0,1,PaaS,Public Cloud,AWS
66.24,webapp,high,moderate,asia,106,10.69,98.74,0,0,0,1,0,1,1,PaaS,Public Cloud,GCP
210.59,webapp,high,moderate,us,111,139.35,99.16,0,0,0,0,0,1,1,PaaS,Public Cloud,AWS
466.17,startup,medium,basic,asia,360,47.63,97.17,0,0,0,0,0,0,1,PaaS,Public Cloud,GCP
2185.91,ml,medium,high,eu,418,5.34,99.17,1,0,0,0,1,0,0,IaaS,Private Cloud,Azure
155.48,webapp,medium,basic,asia,251,57.35,95.12,0,1,0,1,0,0,1,PaaS,Public Cloud,GCP
242.52,webapp,high,high,asia,498,35.22,99.24,1,1,0,0,0,1,1,IaaS,Hybrid Cloud,GCP
250.59,startup,medium,high,asia,394,16.89,95.91,1,0,0,0,0,0,1,IaaS,Private Cloud,GCP
1012.36,enterprise,high,moderate,asia,123,151.45,98.01,1,1,1,0,0,1,0,IaaS,Hybrid Cloud,Azure
364.6,webapp,medium,basic,us,318,33.82,96.94,0,0,0,1,0,0,1,PaaS,Public Cloud,GCP
4694.47,ml,medium,moderate,us,31,613.14,96.42,1,0,0,0,1,0,0,IaaS,Hybrid Cloud,GCP
1766.98,enterprise,high,moderate,asia,189,40.33,96.8,0,0,1,0,0,1,0,IaaS,Public Cloud,Azure
242.59,webapp,medium,basic,us,381,166.51,98.78,0,0,0,1,0,0,1,PaaS,Public Cloud,GCP
5070.66,enterprise,medium,basic,eu,313,4.25,97.19,0,1,1,0,0,0,0,IaaS,Hybrid Cloud,Azure
526.5,enterprise,medium,moderate,eu,404,4.66,97.71,0,1,0,0,0,0,0,IaaS,Hybrid Cloud,AWS
123.4,startup,high,moderate,us,279,13.74,98.79,1,0,0,0,0,1,1,PaaS,Public Cloud,AWS
554.91,startup,medium,basic,eu,57,56.14,96.53,0,1,0,1,0,0,1,PaaS,Public Cloud,GCP
105.7,startup,low,high,eu,314,111.02,98.07,1,0,0,0,0,0,1,IaaS,Private Cloud,Azure
1597.72,webapp,high,basic,us,397,39.42,97.24,0,0,0,0,0,0,1,PaaS,Public Cloud,AWS
1712.02,enterprise,low,moderate,us,110,46.21,95.97,0,0,1,0,0,0,0,IaaS,Private Cloud,Azure
3759.39,enterprise,medium,basic,us,60,392.06,97.11,0,0,1,0,0,0,0,SaaS,Public Cloud,Azure
308.58,startup,low,high,us,250,11.21,97.49,1,0,0,0,0,0,1,IaaS,Private Cloud,AWS
1917.21,enterprise,high,high,eu,62,44.64,97.09,1,1,1,0,0,0,0,IaaS,Hybrid Cloud,Azure
222.17,startup,medium,moderate,us,211,94.32,99.12,1,0,0,0,0,0,1,PaaS,Public Cloud,AWS
470.6,webapp,medium,basic,asia,344,9.67,99.38,0,1,0,0,0,0,1,PaaS,Public Cloud,GCP
457.96,ml,medium,high,asia,428,50.41,99.76,1,0,0,0,1,0,0,IaaS,Private Cloud,GCP
3653.95,enterprise,high,high,us,472,7.35,99.31,1,1,0,0,0,0,0,IaaS,Hybrid Cloud,AWS
813.37,enterprise,medium,basic,us,5,6.26,97.26,0,0,1,0,0,0,0,SaaS,Public Cloud,Azure
729.25,webapp,low,high,asia,304,17.55,98.39,1,1,0,0,0,0,1,IaaS,Private Cloud,AWS
254.69,startup,medium,high,eu,78,11.78,95.54,1,0,0,0,0,0,1,IaaS,Private Cloud,Azure
199.85,webapp,medium,moderate,eu,106,131.54,98.89,0,0,0,0,0,0,1,PaaS,Public Cloud,AWS
210.25,webapp,high,basic,us,21,44.63,97.6,0,1,0,0,0,1,1,PaaS,Public Cloud,AWS
289.24,startup,low,basic,us,175,113.72,96.44,0,1,0,0,0,0,1,PaaS,Public Cloud,AWS
396.11,ml,low,high,us,355,14.8,99.06,1,0,0,0,1,0,0,IaaS,Private Cloud,GCP
419.31,startup,high,moderate,asia,351,251.3,99.72,1,0,0,0,0,1,1,PaaS,Public Cloud,GCP
246.92,webapp,medium,basic,us,133,13.09,99.41,0,0,0,0,0,0,1,PaaS,Public Cloud,AWS
444.06,startup,high,basic,eu,249,76.87,98.12,0,1,0,1,0,0,1,PaaS,Public Cloud,GCP
280.57,startup,medium,moderate,asia,109,480.09,97.41,1,1,0,0,0,0,1,IaaS,Public Cloud,GCP
2445.85,ml,high,basic,us,416,42.08,97.07,0,1,0,0,1,0,0,IaaS,Public Cloud,GCP
2868.57,enterprise,medium,high,asia,453,70.92,95.54,1,1,0,0,0,0,0,IaaS,Hybrid Cloud,Azure
367.74,startup,medium,moderate,us,48,13.83,98.22,0,0,0,1,0,0,1,PaaS,Public Cloud,GCP
1696.29,enterprise,high,moderate,eu,164,34.37,96.96,0,1,0,0,0,1,0,IaaS,Hybrid Cloud,AWS
327.58,startup,medium,high,eu,114,65.62,98.09,1,1,0,0,0,0,1,IaaS,Hybrid Cloud,Azure
1066.65,enterprise,medium,moderate,eu,413,58.09,97.82,0,1,0,0,0,0,0,IaaS,Hybrid Cloud,AWS
3229.42,enterprise,medium,moderate,asia,425,398.16,96.86,0,0,1,0,0,0,0,IaaS,Hybrid Cloud,Azure
204.35,webapp,low,high,asia,275,78.34,98.53,1,0,0,1,0,0,1,IaaS,Private Cloud,GCP
4540.53,enterprise,medium,moderate,eu,190,48.68,96.56,0,0,1,0,0,0,0,IaaS,Hybrid Cloud,Azure
1450.31,enterprise,high,basic,asia,203,142.07,97.96,0,0,1,0,0,1,0,SaaS,Public Cloud,Azure
241.96,enterprise,medium,basic,eu,460,34.14,97.17,0,0,1,0,0,0,0,SaaS,Public Cloud,Azure
5243.47,enterprise,medium,high,us,470,153.73,95.43,1,1,0,0,0,0,0,IaaS,Hybrid Cloud,AWS
192.45,webapp,high,basic,asia,499,113.84,95.53,0,0,0,0,0,0,1,PaaS,Public Cloud,GCP
1458.6,startup,medium,basic,eu,390,67.15,97.33,0,1,0,1,0,0,1,PaaS,Public Cloud,GCP
461.12,startup,medium,moderate,asia,265,105.9,96.69,0,0,0,0,0,0,1,PaaS,Public Cloud,GCP
3908.98,enterprise,high,basic,asia,417,56.29,97.64,0,1,1,0,0,1,0,IaaS,Public Cloud,Azure
3685.33,webapp,medium,high,eu,215,10.96,95.05,1,1,0,0,0,0,0,IaaS,Hybrid Cloud,Azure
2396.7,ml,medium,high,eu,348,2.51,95.56,1,0,0,0,1,0,0,IaaS,Private Cloud,Azure
486.72,startup,medium,moderate,asia,1,353.35,96.26,0,0,0,1,0,0,1,PaaS,Public Cloud,GCP
1238.9,webapp,low,moderate,us,41,34.26,99.15,1,1,0,0,0,0,1,IaaS,Hybrid Cloud,AWS
5120.2,ml,medium,basic,asia,450,198.74,98.66,0,0,0,0,1,0,0,IaaS,Public Cloud,GCP
5168.84,enterprise,medium,moderate,us,283,518.59,96.79,1,1,1,0,0,0,0,IaaS,Hybrid Cloud,Azure
359.05,webapp,medium,moderate,eu,36,26.65,99.34,1,0,0,1,0,0,1,PaaS,Public Cloud,GCP
1180.74,startup,low,moderate,asia,19,0.75,99.63,1,0,0,1,0,0,1,PaaS,Private Cloud,GCP
3063.94,enterprise,medium,high,eu,194,17.84,96.43,1,0,1,0,0,0,0,IaaS,Private Cloud,Azure
5235.89,enterprise,low,high,eu,54,691.64,96.09,1,0,1,0,0,0,0,IaaS,Private Cloud,Azure
7017.57,enterprise,medium,moderate,eu,454,258.78,99.36,1,1,1,0,0,0,0,IaaS,Hybrid Cloud,Azure
107.53,startup,medium,high,eu,53,16.81,96.1,1,0,0,1,0,0,1,PaaS,Private Cloud,GCP
465.91,webapp,high,moderate,asia,300,26.54,95.62,0,1,0,0,0,1,1,PaaS,Public Cloud,GCP
246.78,startup,high,high,us,111,35.08,99.29,1,0,0,1,0,0,1,IaaS,Public Cloud,GCP
749.9,startup,high,moderate,us,275,14.63,95.02,0,0,0,0,0,1,1,PaaS,Public Cloud,AWS
1196.75,ml,low,high,eu,143,74.8,95.49,1,0,0,0,1,0,0,IaaS,Private Cloud,Azure
1247.37,enterprise,medium,basic,asia,30,42.51,98.52,0,0,0,0,0,0,0,SaaS,Public Cloud,AWS
172.82,webapp,medium,high,us,149,26.37,99.32,1,1,0,0,0,0,1,IaaS,Hybrid Cloud,AWS
1476.95,enterprise,high,moderate,us,130,94.57,95.91,0,1,0,0,0,0,0,IaaS,Hybrid Cloud,AWS
344.8,webapp,high,basic,eu,51,24.98,96.34,0,0,0,0,0,1,1,PaaS,Public Cloud,AWS
400.06,webapp,low,high,asia,88,53.06,95.4,1,1,0,1,0,0,1,IaaS,Private Cloud,GCP
1380.35,ml,medium,moderate,eu,76,3.35,97.9,1,0,0,0,1,0,0,IaaS,Hybrid Cloud,Azure
462.35,startup,low,moderate,eu,135,184.56,97.79,0,0,0,0,0,0,1,PaaS,Public Cloud,AWS
4012.96,webapp,medium,basic,eu,397,107.71,99.85,0,1,0,1,0,0,0,PaaS,Public Cloud,GCP
248.36,webapp,high,moderate,eu,386,53.69,95.36,0,1,0,0,0,0,1,PaaS,Public Cloud,GCP
74.93,startup,high,moderate,asia,131,2.75,96.31,0,0,0,0,0,1,1,PaaS,Public Cloud,GCP
900.27,webapp,high,high,us,492,247.44,97.52,1,1,0,0,0,1,1,IaaS,Hybrid Cloud,AWS
350.68,webapp,high,moderate,eu,459,6.48,98.87,0,0,0,0,0,0,1,PaaS,Public Cloud,GCP
1782.74,enterprise,medium,moderate,us,429,11.06,97.91,0,0,0,0,0,0,0,IaaS,Hybrid Cloud,AWS
377.11,startup,high,high,asia,415,75.86,95.55,1,1,0,0,0,1,1,IaaS,Hybrid Cloud,GCP
391.91,webapp,medium,moderate,asia,250,30.3,95.67,0,0,0,0,0,0,1,PaaS,Public Cloud,GCP
138.03,startup,medium,high,asia,366,72.76,96.96,1,0,0,0,0,0,1,IaaS,Private Cloud,GCP
2259.76,enterprise,medium,moderate,eu,106,69.28,97.3,0,0,0,0,0,0,0,IaaS,Hybrid Cloud,Azure
913.68,enterprise,low,moderate,asia,101,14.56,98.57,1,0,1,0,0,0,0,IaaS,Private Cloud,Azure
410.5,startup,high,high,asia,290,87.59,99.66,1,0,0,1,0,1,1,IaaS,Public Cloud,GCP
5059.62,webapp,medium,moderate,asia,319,72.7,97.78,0,0,0,0,0,0,0,PaaS,Public Cloud,AWS
735.42,webapp,high,moderate,us,266,85.1,97.11,0,1,0,0,0,1,1,IaaS,Public Cloud,AWS
711.13,ml,medium,moderate,eu,283,812.68,96.29,0,0,0,0,1,0,0,IaaS,Public Cloud,GCP
809.53,webapp,high,basic,us,158,56.04,99.67,0,1,0,0,0,0,1,PaaS,Public Cloud,AWS
7070.34,ml,low,basic,asia,165,163.24,96.05,0,0,0,0,1,0,0,IaaS,Public Cloud,GCP
287.02,startup,medium,moderate,asia,469,56.93,95.65,1,1,0,1,0,0,1,IaaS,Public Cloud,GCP
94.52,webapp,low,basic,eu,157,89.95,97.78,0,0,0,0,0,0,1,PaaS,Public Cloud,GCP
1214.98,enterprise,high,high,eu,92,66.33,99.44,1,0,1,0,0,0,0,IaaS,Hybrid Cloud,Azure
1377.32,webapp,high,basic,eu,302,25.23,95.93,0,0,0,0,0,1,1,PaaS,Public Cloud,AWS
332.72,webapp,high,moderate,us,263,28.77,99.0,0,1,0,1,0,1,1,PaaS,Public Cloud,GCP
672.35,webapp,low,high,eu,159,19.53,99.93,1,0,0,0,0,0,1,IaaS,Private Cloud,Azure
1607.7,enterprise,high,high,eu,159,72.71,96.1,1,0,1,0,0,1,0,IaaS,Private Cloud,Azure
810.4,webapp,low,moderate,asia,24,23.03,96.45,0,0,0,0,0,0,1,PaaS,Public Cloud,AWS
1200.34,webapp,high,high,us,316,376.98,96.42,1,1,0,1,0,1,1,IaaS,Hybrid Cloud,AWS
384.97,startup,medium,moderate,us,102,169.03,95.15,1,1,0,0,0,0,1,IaaS,Public Cloud,AWS
107.73,ml,medium,basic,asia,418,36.64,97.66,0,1,0,0,1,0,0,IaaS,Public Cloud,GCP
382.42,webapp,high,moderate,us,292,91.56,99.37,0,0,0,1,0,1,1,PaaS,Public Cloud,GCP
3027.1,webapp,medium,high,eu,100,123.16,97.93,1,0,0,1,0,0,0,IaaS,Private Cloud,Azure
464.47,webapp,high,moderate,eu,395,73.85,97.77,0,1,0,1,0,1,1,PaaS,Public Cloud,GCP
74.2,startup,high,high,eu,450,21.91,99.04,1,0,0,1,0,0,1,IaaS,Public Cloud,GCP
321.34,webapp,low,basic,eu,285,143.86,96.5,0,1,0,1,0,0,1,PaaS,Public Cloud,GCP
2013.26,ml,high,basic,asia,145,681.44,97.83,0,1,0,0,1,1,0,IaaS,Public Cloud,GCP
897.52,enterprise,high,high,us,339,146.98,95.84,1,0,0,0,0,1,0,IaaS,Private Cloud,AWS
306.46,webapp,medium,basic,eu,75,10.31,97.11,0,0,0,0,0,0,1,PaaS,Public Cloud,AWS
3003.46,ml,high,basic,us,320,685.05,98.57,0,0,0,0,1,1,0,IaaS,Public Cloud,GCP
9615.48,enterprise,low,moderate,asia,494,12.02,95.2,1,0,1,0,0,0,0,IaaS,Private Cloud,Azure
1396.24,startup,high,basic,asia,489,56.43,96.47,0,0,0,1,0,0,1,PaaS,Public Cloud,GCP
596.69,webapp,low,basic,eu,363,226.73,95.58,0,1,0,1,0,0,1,PaaS,Public Cloud,GCP
581.33,startup,medium,basic,eu,182,80.38,95.19,0,1,0,1,0,0,1,PaaS,Public Cloud,GCP
2645.75,enterprise,medium,high,us,208,5.17,96.45,1,1,1,0,0,0,0,IaaS,Hybrid Cloud,Azure
82.01,startup,high,basic,asia,141,14.29,97.1,0,0,0,1,0,0,1,PaaS,Public Cloud,GCP
175.84,startup,medium,high,asia,262,5.63,96.37,1,0,0,1,0,0,1,IaaS,Private Cloud,GCP
1739.45,enterprise,high,basic,eu,138,752.78,96.85,0,0,0,0,0,1,0,SaaS,Public Cloud,AWS
9484.55,enterprise,high,moderate,us,105,21.13,95.18,1,0,1,0,0,1,0,IaaS,Hybrid Cloud,Azure
24645.01,ml,high,high,eu,281,19.58,95.64,1,0,0,0,1,0,0,IaaS,Private Cloud,Azure
4271.33,enterprise,medium,moderate,asia,359,67.35,98.61,1,0,1,0,0,0,0,IaaS,Hybrid Cloud,Azure
1498.9,enterprise,high,moderate,us,254,8.59,98.26,0,1,1,0,0,0,0,IaaS,Hybrid Cloud,Azure
396.14,startup,medium,moderate,eu,321,153.28,97.46,0,0,0,0,0,0,1,PaaS,Public Cloud,AWS
6508.13,enterprise,medium,moderate,eu,119,349.08,98.64,0,1,1,0,0,0,0,IaaS,Hybrid Cloud,Azure
3344.28,enterprise,low,basic,asia,358,31.94,95.62,0,0,1,0,0,0,0,SaaS,Public Cloud,Azure
109.79,startup,low,moderate,us,425,215.45,96.02,0,1,0,0,0,0,1,PaaS,Public Cloud,AWS
91.63,startup,high,moderate,eu,380,23.74,97.88,0,0,0,1,0,1,1,PaaS,Public Cloud,GCP
893.07,enterprise,low,moderate,us,434,115.0,96.49,1,1,1,0,0,0,0,IaaS,Hybrid Cloud,Azure
6169.37,enterprise,high,moderate,us,313,97.21,98.99,1,0,1,0,0,1,0,IaaS,Hybrid Cloud,Azure
1138.95,webapp,medium,moderate,us,110,28.01,99.01,0,0,0,0,0,0,1,PaaS,Public Cloud,AWS
120.55,startup,low,moderate,eu,19,158.46,98.91,0,0,0,0,0,0,1,PaaS,Public Cloud,AWS
186.1,startup,high,moderate,eu,276,161.5,95.14,1,1,0,0,0,0,1,IaaS,Public Cloud,Azure
3547.59,enterprise,low,basic,eu,334,504.53,99.21,0,0,0,0,0,0,0,SaaS,Public Cloud,Azure
203.68,startup,medium,moderate,us,494,108.45,95.65,0,0,0,1,0,0,1,PaaS,Public Cloud,GCP
164.21,startup,high,basic,eu,457,330.75,97.42,0,1,0,1,0,1,1,PaaS,Public Cloud,GCP
5659.9,enterprise,medium,basic,us,405,55.55,98.94,0,0,1,0,0,0,0,SaaS,Public Cloud,Azure
6507.97,ml,medium,moderate,eu,495,9.11,95.39,1,0,0,0,1,0,0,IaaS,Hybrid Cloud,Azure
185.33,startup,high,moderate,eu,130,43.33,98.12,1,0,0,0,0,1,1,PaaS,Public Cloud,AWS
813.98,enterprise,high,high,eu,8,844.37,97.63,1,0,1,0,0,1,0,IaaS,Private Cloud,Azure
1770.76,webapp,low,moderate,asia,265,5.49,98.07,0,0,0,0,0,0,1,PaaS,Public Cloud,AWS
145.56,startup,medium,basic,eu,179,72.51,98.75,0,0,0,0,0,0,1,PaaS,Public Cloud,GCP
483.4,webapp,high,basic,eu,99,19.85,99.66,0,0,0,1,0,0,1,PaaS,Public Cloud,GCP
1477.66,enterprise,medium,basic,us,429,20.84,99.76,0,1,1,0,0,0,0,IaaS,Hybrid Cloud,Azure
12313.91,enterprise,medium,basic,asia,130,3.29,97.46,0,0,0,0,0,0,0,IaaS,Public Cloud,AWS
6742.46,ml,low,moderate,us,222,31.61,97.48,1,0,0,0,1,0,0,IaaS,Private Cloud,GCP
333.03,webapp,high,basic,eu,166,215.91,97.16,0,0,0,0,0,0,1,PaaS,Public Cloud,GCP
3042.79,enterprise,medium,moderate,eu,78,56.6,95.36,0,1,1,0,0,0,0,IaaS,Hybrid Cloud,Azure
325.15,startup,high,basic,eu,292,104.97,99.91,0,0,0,1,0,0,1,PaaS,Public Cloud,GCP
1376.52,startup,medium,moderate,us,27,0.8,96.02,1,0,0,0,0,0,1,PaaS,Public Cloud,AWS
137.62,startup,high,high,us,231,24.22,99.25,1,1,0,0,0,1,1,IaaS,Public Cloud,AWS
4731.23,enterprise,medium,basic,eu,334,187.44,96.47,0,1,1,0,0,0,0,IaaS,Hybrid Cloud,Azure
191.06,webapp,low,high,asia,471,10.32,96.61,1,0,0,0,0,0,1,IaaS,Private Cloud,GCP
1837.24,enterprise,low,basic,us,425,26.27,95.69,0,1,1,0,0,0,0,IaaS,Hybrid Cloud,Azure
131.56,startup,low,moderate,us,379,260.69,95.4,0,1,0,1,0,0,1,PaaS,Public Cloud,GCP
877.65,webapp,low,moderate,us,290,9.51,99.94,1,0,0,0,0,0,1,IaaS,Public Cloud,AWS
151.14,startup,low,basic,eu,340,4.12,97.26,0,0,0,1,0,0,1,PaaS,Public Cloud,GCP
715.66,enterprise,medium,basic,eu,312,1671.54,98.97,0,0,0,0,0,0,0,SaaS,Public Cloud,AWS
354.11,startup,medium,moderate,us,490,207.68,96.9,0,0,0,1,0,0,1,PaaS,Public Cloud,GCP
1131.24,ml,high,basic,asia,336,14.51,98.48,0,0,0,0,1,1,0,IaaS,Public Cloud,GCP
329.42,webapp,medium,moderate,asia,191,18.39,95.75,0,0,0,1,0,0,1,PaaS,Public Cloud,GCP
662.44,webapp,high,basic,eu,205,110.92,98.13,0,1,0,0,0,1,1,PaaS,Public Cloud,AWS
1820.15,enterprise,high,moderate,asia,438,880.56,95.01,1,0,1,0,0,1,0,IaaS,Hybrid Cloud,Azure
360.09,webapp,medium,basic,asia,460,33.21,96.32,0,1,0,1,0,0,1,PaaS,Public Cloud,GCP
1079.82,startup,medium,basic,asia,101,682.55,98.36,0,0,0,1,0,0,1,PaaS,Public Cloud,GCP
4153.37,webapp,medium,high,eu,139,21.62,98.4,1,0,0,0,0,0,0,IaaS,Private Cloud,Azure
64.29,webapp,low,moderate,us,51,133.86,95.56,0,1,0,0,0,0,1,PaaS,Public Cloud,AWS
690.47,webapp,high,basic,us,248,19.87,97.38,0,0,0,1,0,1,1,PaaS,Public Cloud,AWS
91.41,startup,low,basic,eu,128,62.3,96.58,0,1,0,0,0,0,1,PaaS,Public Cloud,GCP
768.18,ml,medium,basic,eu,431,2227.25,96.17,0,1,0,0,1,0,0,IaaS,Public Cloud,GCP
2770.3,enterprise,medium,moderate,asia,287,216.89,95.46,0,0,0,0,0,0,0,IaaS,Hybrid Cloud,AWS
471.75,startup,low,high,us,113,83.46,96.28,1,1,0,0,0,0,1,IaaS,Private Cloud,AWS
408.45,webapp,medium,high,asia,315,75.3,97.16,1,0,0,0,0,0,1,IaaS,Private Cloud,GCP
452.54,webapp,medium,basic,us,208,1738.81,99.36,0,1,0,0,0,0,1,PaaS,Public Cloud,AWS
384.79,webapp,medium,high,us,189,26.75,96.37,1,0,0,1,0,0,1,IaaS,Private Cloud,GCP
522.81,webapp,medium,high,eu,307,456.8,97.44,1,1,0,0,0,0,1,IaaS,Hybrid Cloud,Azure
7320.89,enterprise,medium,moderate,asia,152,29.4,98.37,1,0,1,0,0,0,0,IaaS,Hybrid Cloud,Azure
256.8,webapp,medium,moderate,eu,16,7.64,96.46,0,1,0,0,0,0,1,PaaS,Public Cloud,AWS
667.22,webapp,medium,high,asia,402,162.39,95.9,1,0,0,0,0,0,1,IaaS,Private Cloud,AWS
170.63,startup,medium,moderate,us,488,64.09,99.48,1,1,0,0,0,0,1,IaaS,Public Cloud,AWS
103.41,startup,high,moderate,us,255,17.38,98.49,0,1,0,0,0,1,1,PaaS,Public Cloud,AWS
5401.23,enterprise,high,basic,asia,181,44.43,99.97,0,1,1,0,0,1,0,IaaS,Public Cloud,Azure
7600.23,ml,low,high,eu,203,4.8,97.83,1,0,0,0,1,0,0,IaaS,Private Cloud,Azure
17895.82,enterprise,medium,moderate,us,38,41.93,96.22,0,1,0,0,0,0,0,IaaS,Hybrid Cloud,AWS
485.0,webapp,medium,moderate,eu,74,170.71,97.69,0,0,0,0,0,0,1,PaaS,Public Cloud,AWS
3211.77,enterprise,low,moderate,asia,335,57.12,99.41,1,1,0,0,0,0,0,IaaS,Hybrid Cloud,AWS
388.8,startup,medium,basic,us,476,328.06,99.44,0,0,0,0,0,0,1,PaaS,Public Cloud,AWS
95.81,webapp,medium,basic,eu,408,25.84,96.32,0,0,0,0,0,0,1,PaaS,Public Cloud,AWS
25764.54,enterprise,medium,basic,eu,477,282.1,99.78,0,0,0,0,0,0,0,IaaS,Hybrid Cloud,AWS
551.79,webapp,low,moderate,eu,120,97.83,98.77,0,0,0,1,0,0,1,PaaS,Public Cloud,GCP
4714.97,enterprise,low,basic,eu,433,59.58,98.16,0,0,0,0,0,0,0,SaaS,Public Cloud,AWS
197.87,startup,low,moderate,us,268,332.78,99.59,1,0,0,0,0,0,1,PaaS,Public Cloud,AWS
1909.63,ml,low,moderate,us,407,56.53,99.63,0,1,0,0,1,0,0,IaaS,Hybrid Cloud,GCP
368.14,webapp,high,moderate,eu,268,4.31,95.56,1,0,0,1,0,1,1,PaaS,Public Cloud,GCP
240.48,startup,medium,basic,eu,374,34.59,95.77,0,0,0,0,0,0,1,PaaS,Public Cloud,AWS
712.7,enterprise,low,moderate,eu,31,545.42,97.67,0,0,1,0,0,0,0,IaaS,Public Cloud,Azure
8185.12,enterprise,medium,high,eu,105,76.5,97.78,1,1,0,0,0,0,0,IaaS,Hybrid Cloud,Azure
1429.11,startup,medium,moderate,asia,198,11.25,97.55,0,0,0,0,0,0,1,PaaS,Public Cloud,AWS
1114.27,enterprise,medium,moderate,eu,374,99.15,97.24,1,0,1,0,0,0,0,IaaS,Hybrid Cloud,Azure
432.94,webapp,high,high,us,345,2.1,95.28,1,1,0,1,0,0,1,IaaS,Hybrid Cloud,GCP
326.6,startup,low,moderate,asia,160,15.71,99.34,0,0,0,1,0,0,1,PaaS,Public Cloud,GCP
414.51,webapp,low,basic,eu,5,23.64,99.1,0,0,0,0,0,0,1,PaaS,Public Cloud,AWS
1644.99,webapp,high,basic,us,149,220.32,97.95,0,0,0,0,0,1,1,PaaS,Public Cloud,AWS
1235.65,startup,low,high,asia,291,149.91,97.23,1,1,0,0,0,0,1,IaaS,Private Cloud,AWS
337.72,startup,low,high,us,75,21.03,96.52,1,0,0,1,0,0,1,PaaS,Private Cloud,GCP
643.6,webapp,low,basic,asia,496,91.19,95.01,0,0,0,1,0,0,1,PaaS,Public Cloud,GCP
492.4,ml,medium,basic,eu,419,22.52,97.14,0,0,0,0,1,0,0,SaaS,Public Cloud,GCP
982.35,webapp,low,moderate,eu,212,72.1,98.58,0,1,0,1,0,0,1,IaaS,Public Cloud,GCP
721.36,webapp,high,basic,us,318,54.31,99.63,0,0,0,0,0,1,1,PaaS,Public Cloud,AWS
308.27,startup,high,basic,eu,449,4.69,99.68,0,1,0,1,0,1,1,PaaS,Public Cloud,GCP
3637.81,enterprise,medium,basic,us,130,30.43,97.0,0,1,0,0,0,0,0,IaaS,Hybrid Cloud,AWS
202.27,startup,medium,high,eu,395,38.94,96.44,1,0,0,1,0,0,1,IaaS,Private Cloud,GCP
3569.54,enterprise,medium,basic,asia,291,150.67,95.05,0,1,1,0,0,0,0,IaaS,Hybrid Cloud,Azure
536.52,webapp,medium,basic,eu,30,155.86,99.0,0,0,0,0,0,0,1,PaaS,Public Cloud,AWS
783.83,startup,medium,high,asia,216,16.24,96.08,1,0,0,0,0,0,1,IaaS,Private Cloud,AWS
2036.01,enterprise,medium,basic,us,177,41.42,95.32,0,0,1,0,0,0,0,SaaS,Public Cloud,Azure
490.99,webapp,high,moderate,asia,88,19.43,98.71,0,0,0,1,0,1,1,PaaS,Public Cloud,GCP
682.93,ml,medium,high,us,131,8.62,97.41,1,1,0,0,1,0,0,IaaS,Hybrid Cloud,GCP
63.32,startup,medium,moderate,us,24,4.29,95.33,0,0,0,0,0,0,1,PaaS,Public Cloud,AWS
279.31,webapp,medium,basic,asia,130,103.35,98.29,0,1,0,0,0,0,1,PaaS,Public Cloud,GCP
2522.16,enterprise,low,basic,eu,266,31.91,98.2,0,0,1,0,0,0,0,SaaS,Public Cloud,Azure
321.98,startup,medium,moderate,us,51,346.58,95.98,1,1,0,0,0,0,1,PaaS,Public Cloud,AWS
915.6,ml,low,moderate,eu,23,17.02,95.22,1,0,0,0,1,0,0,IaaS,Private Cloud,Azure
695.93,enterprise,low,moderate,eu,286,12.82,95.83,0,0,1,0,0,0,0,IaaS,Public Cloud,Azure
84.6,startup,low,high,asia,118,1221.03,98.74,1,0,0,1,0,0,1,IaaS,Private Cloud,GCP
59.05,startup,low,moderate,eu,136,189.77,99.74,0,0,0,1,0,0,1,PaaS,Public Cloud,GCP
280.37,startup,high,moderate,us,58,36.13,96.6,0,0,0,1,0,1,1,PaaS,Public Cloud,GCP
1274.9,webapp,medium,basic,us,439,86.61,96.29,0,0,0,0,0,0,1,PaaS,Public Cloud,AWS
304.51,enterprise,high,moderate,eu,330,74.26,98.21,1,0,1,0,0,1,0,IaaS,Public Cloud,Azure
394.98,webapp,medium,basic,asia,282,3.16,98.91,0,1,0,0,0,0,1,PaaS,Public Cloud,GCP
1335.1,webapp,high,moderate,us,379,455.65,96.33,0,1,0,0,0,1,1,PaaS,Hybrid Cloud,AWS
643.04,ml,high,moderate,eu,483,22.13,99.58,1,0,0,0,1,1,0,IaaS,Public Cloud,GCP
371.92,webapp,low,high,eu,166,23.34,97.11,1,0,0,1,0,0,1,IaaS,Private Cloud,GCP
153.17,startup,medium,moderate,asia,307,31.84,98.61,0,1,0,0,0,0,1,PaaS,Public Cloud,GCP
5525.8,enterprise,medium,moderate,us,293,12.65,96.96,0,0,0,0,0,0,0,IaaS,Hybrid Cloud,AWS
75.27,webapp,low,moderate,eu,278,42.24,99.09,1,1,0,0,0,0,1,IaaS,Hybrid Cloud,Azure
369.61,webapp,medium,moderate,us,86,68.35,98.43,1,0,0,0,0,0,1,PaaS,Public Cloud,AWS
150.06,startup,medium,moderate,us,434,139.52,97.39,1,1,0,0,0,0,1,IaaS,Public Cloud,AWS
597.92,webapp,low,moderate,eu,85,260.89,95.38,0,0,0,1,0,0,1,PaaS,Public Cloud,GCP
407.61,startup,medium,moderate,asia,169,316.43,95.59,1,1,0,1,0,0,1,IaaS,Public Cloud,GCP
1372.29,ml,medium,high,us,185,6.35,99.91,1,0,0,0,1,0,0,IaaS,Private Cloud,GCP
372.43,webapp,low,basic,asia,213,59.65,97.88,0,0,0,0,0,0,1,PaaS,Public Cloud,GCP
16881.51,enterprise,medium,basic,us,248,824.74,95.53,0,0,0,0,0,0,0,IaaS,Public Cloud,AWS
12610.45,enterprise,low,moderate,asia,186,17.73,97.75,0,0,0,0,0,0,0,IaaS,Hybrid Cloud,AWS
548.5,webapp,low,basic,asia,152,30.71,98.55,0,1,0,0,0,0,1,PaaS,Public Cloud,AWS
5907.49,enterprise,medium,basic,eu,86,13.64,99.39,0,0,1,0,0,0,0,SaaS,Public Cloud,Azure
854.49,webapp,medium,basic,eu,456,336.94,95.41,0,1,0,1,0,0,1,PaaS,Public Cloud,GCP
303.56,startup,low,basic,eu,437,275.1,98.11,0,0,0,1,0,0,1,PaaS,Public Cloud,GCP
231.72,startup,medium,high,eu,470,78.21,97.3,1,1,0,1,0,0,1,IaaS,Hybrid Cloud,GCP
394.49,startup,high,basic,us,469,43.41,97.52,0,0,0,1,0,1,1,PaaS,Public Cloud,GCP
884.62,ml,medium,moderate,eu,44,3.19,97.58,1,0,0,0,1,0,0,IaaS,Public Cloud,Azure
548.64,webapp,medium,moderate,eu,214,169.19,97.85,0,1,0,1,0,0,1,PaaS,Public Cloud,GCP
488.18,webapp,high,basic,asia,130,145.14,99.71,0,1,0,1,0,0,1,PaaS,Public Cloud,GCP
1396.51,webapp,high,high,us,225,147.3,98.47,1,0,0,1,0,1,1,IaaS,Private Cloud,AWS
1826.68,webapp,high,moderate,us,168,150.08,98.62,0,1,0,1,0,1,1,PaaS,Hybrid Cloud,AWS
3281.78,enterprise,medium,high,asia,465,270.2,95.14,1,0,1,0,0,0,0,IaaS,Private Cloud,Azure
792.18,startup,medium,basic,eu,403,134.65,99.38,0,1,0,0,0,0,1,PaaS,Public Cloud,AWS
114.52,startup,high,moderate,asia,288,241.21,99.24,0,0,0,0,0,0,1,PaaS,Public Cloud,GCP
249.48,startup,medium,moderate,us,389,384.55,98.71,0,0,0,0,0,0,1,PaaS,Public Cloud,AWS
292.35,startup,medium,basic,us,126,215.18,99.04,0,1,0,0,0,0,1,PaaS,Public Cloud,AWS
437.45,startup,high,moderate,us,459,31.8,96.55,1,0,0,0,0,0,1,PaaS,Public Cloud,AWS
101.88,startup,medium,moderate,eu,143,379.36,98.43,0,0,0,1,0,0,1,PaaS,Public Cloud,GCP
448.91,enterprise,medium,moderate,eu,182,44.74,95.96,0,0,0,0,0,0,0,SaaS,Public Cloud,GCP
182.28,startup,medium,basic,asia,236,65.47,95.72,0,0,0,1,0,0,1,PaaS,Public Cloud,GCP
122.03,startup,medium,basic,eu,469,16.95,98.71,0,1,0,1,0,0,1,PaaS,Public Cloud,GCP
220.55,startup,high,basic,eu,167,26.07,96.35,0,1,0,1,0,0,1,PaaS,Public Cloud,GCP
1027.27,webapp,high,moderate,eu,219,108.8,98.68,0,0,0,0,0,0,1,PaaS,Public Cloud,AWS
320.29,startup,medium,high,eu,309,32.28,95.39,1,0,0,1,0,0,1,IaaS,Private Cloud,GCP
316.21,webapp,low,moderate,us,308,200.49,97.83,0,1,0,0,0,0,1,PaaS,Public Cloud,AWS
206.77,webapp,medium,moderate,eu,389,66.79,95.22,0,0,0,0,0,0,1,PaaS,Public Cloud,GCP
232.64,webapp,medium,basic,eu,301,99.69,98.68,0,0,0,1,0,0,1,PaaS,Public Cloud,GCP
402.03,startup,medium,high,eu,232,3309.88,99.34,1,1,0,0,0,0,1,IaaS,Hybrid Cloud,AWS
164.51,webapp,high,moderate,eu,491,185.1,96.46,0,0,0,0,0,1,1,PaaS,Public Cloud,AWS
597.64,startup,medium,high,us,416,49.78,97.78,1,1,0,0,0,0,1,IaaS,Hybrid Cloud,AWS
950.39,enterprise,medium,moderate,asia,24,18.42,99.96,0,0,1,0,0,0,0,IaaS,Public Cloud,Azure
185.76,startup,high,high,eu,29,67.96,96.1,1,1,0,1,0,1,1,IaaS,Public Cloud,GCP
928.83,ml,medium,basic,eu,156,34.56,97.48,0,0,0,0,1,0,0,IaaS,Public Cloud,GCP
884.4,webapp,medium,moderate,asia,408,93.59,95.32,0,0,0,0,0,0,1,PaaS,Public Cloud,AWS
609.09,webapp,medium,moderate,asia,220,235.11,99.35,0,1,0,0,0,0,1,PaaS,Public Cloud,AWS
11888.41,enterprise,high,basic,eu,38,106.59,97.41,0,1,0,0,0,1,0,IaaS,Public Cloud,AWS
451.86,webapp,high,basic,asia,403,17.95,96.19,0,1,0,0,0,0,1,PaaS,Public Cloud,GCP
237.23,startup,low,high,eu,395,102.62,98.53,1,1,0,1,0,0,1,IaaS,Private Cloud,GCP
604.22,webapp,medium,high,us,421,37.96,99.21,1,0,0,1,0,0,1,IaaS,Private Cloud,AWS
318.86,webapp,medium,high,eu,111,3429.64,97.96,1,1,0,1,0,0,1,IaaS,Hybrid Cloud,GCP
92.36,startup,low,moderate,asia,319,28.84,96.74,1,0,0,1,0,0,1,PaaS,Public Cloud,GCP
82.67,startup,medium,basic,eu,140,974.64,98.16,0,1,0,0,0,0,1,PaaS,Public Cloud,AWS
772.8,enterprise,high,high,asia,358,261.73,97.48,1,0,1,0,0,0,0,IaaS,Hybrid Cloud,Azure
981.95,enterprise,medium,basic,eu,295,296.46,98.09,0,0,0,0,0,0,0,SaaS,Public Cloud,AWS
394.37,startup,high,basic,asia,134,1156.46,97.64,0,0,0,0,0,1,1,PaaS,Public Cloud,AWS
155.91,startup,low,basic,us,1,204.9,95.16,0,1,0,1,0,0,1,SaaS,Public Cloud,GCP
1104.69,webapp,high,basic,eu,330,5.23,95.35,0,0,0,1,0,0,1,PaaS,Public Cloud,GCP
1090.47,ml,medium,basic,asia,204,195.74,96.82,0,0,0,0,1,0,0,IaaS,Public Cloud,GCP
3508.59,webapp,medium,moderate,us,97,21.07,99.38,1,0,0,0,0,0,0,PaaS,Hybrid Cloud,AWS
538.54,webapp,high,moderate,asia,487,193.67,96.69,1,0,0,1,0,1,1,IaaS,Public Cloud,GCP
117.73,startup,high,basic,eu,427,13.1,97.17,0,0,0,0,0,0,1,PaaS,Public Cloud,GCP
824.2,startup,medium,high,us,3,39.05,97.48,1,0,0,0,0,0,1,IaaS,Private Cloud,AWS
419.95,startup,high,basic,us,162,51.87,99.61,0,0,0,1,0,1,1,PaaS,Public Cloud,GCP
325.2,startup,high,basic,asia,1,2.21,99.2,0,1,0,1,0,1,1,PaaS,Public Cloud,GCP
261.29,startup,low,moderate,us,229,65.19,96.3,0,1,0,0,0,0,1,PaaS,Public Cloud,AWS
1623.17,webapp,high,moderate,asia,21,113.33,96.64,1,1,0,0,0,1,1,IaaS,Hybrid Cloud,AWS
1273.6,enterprise,medium,moderate,eu,112,49.93,98.26,1,0,1,0,0,0,0,IaaS,Hybrid Cloud,Azure
1651.26,webapp,low,moderate,asia,298,37.8,99.37,0,0,0,0,0,0,1,PaaS,Public Cloud,AWS
444.16,startup,medium,basic,asia,469,2.41,99.81,0,0,0,1,0,0,1,PaaS,Public Cloud,GCP
5429.98,ml,medium,moderate,eu,227,207.14,97.81,1,1,0,0,1,0,0,IaaS,Hybrid Cloud,Azure
920.39,ml,low,high,asia,165,138.43,96.24,1,0,0,0,1,0,0,IaaS,Private Cloud,GCP
50.0,startup,medium,moderate,eu,293,22.33,98.82,0,1,0,1,0,0,1,PaaS,Public Cloud,GCP
695.45,webapp,low,basic,eu,38,249.57,97.13,0,1,0,0,0,0,1,PaaS,Public Cloud,AWS
126.91,webapp,low,basic,asia,33,256.84,97.3,0,0,0,0,0,0,1,PaaS,Public Cloud,GCP
401.86,webapp,medium,high,eu,323,78.65,97.41,1,0,0,0,0,0,1,IaaS,Private Cloud,Azure
4886.17,enterprise,high,high,us,72,214.65,96.79,1,0,0,0,0,1,0,IaaS,Private Cloud,AWS
477.74,webapp,medium,moderate,us,147,102.21,98.28,0,0,0,1,0,0,1,PaaS,Public Cloud,GCP
418.89,webapp,low,high,us,29,307.53,95.37,1,0,0,0,0,0,1,PaaS,Private Cloud,AWS
912.54,ml,medium,moderate,asia,372,170.94,95.2,1,1,0,0,1,0,0,IaaS,Hybrid Cloud,GCP
289.78,startup,low,moderate,us,321,14.02,96.19,0,0,0,0,0,0,1,PaaS,Public Cloud,AWS
1206.04,startup,low,moderate,eu,495,29.18,95.22,0,0,0,1,0,0,1,PaaS,Public Cloud,GCP
466.67,startup,high,high,us,281,299.08,97.35,1,1,0,0,0,1,1,IaaS,Public Cloud,AWS
1227.74,webapp,low,basic,eu,386,639.89,98.84,0,1,0,0,0,0,1,PaaS,Public Cloud,AWS
419.1,startup,medium,basic,us,227,148.55,97.55,0,1,0,0,0,0,1,PaaS,Public Cloud,AWS
64.81,startup,medium,moderate,us,183,147.18,98.87,0,0,0,1,0,0,1,PaaS,Public Cloud,GCP
2940.39,enterprise,medium,moderate,us,173,24.01,95.14,1,0,1,0,0,0,0,IaaS,Hybrid Cloud,Azure
443.44,startup,low,moderate,eu,22,24.67,98.61,0,0,0,1,0,0,1,PaaS,Public Cloud,GCP
204.98,webapp,medium,high,eu,253,236.95,95.45,1,0,0,0,0,0,1,IaaS,Private Cloud,Azure
521.88,startup,medium,basic,eu,203,53.31,95.93,0,0,0,0,0,0,1,PaaS,Public Cloud,AWS
1813.81,enterprise,medium,high,asia,288,22.33,97.47,1,1,0,0,0,0,0,IaaS,Hybrid Cloud,Azure
84.38,webapp,low,moderate,us,96,13.78,97.47,0,0,0,0,0,0,1,PaaS,Public Cloud,AWS
279.14,webapp,high,basic,eu,418,32.83,98.63,0,1,0,1,0,1,1,PaaS,Public Cloud,GCP
1779.07,webapp,high,basic,eu,226,87.43,95.53,0,0,0,1,0,1,1,PaaS,Public Cloud,GCP
1575.93,ml,low,moderate,asia,232,56.26,98.3,1,0,0,0,1,0,0,IaaS,Private Cloud,GCP
1638.26,webapp,low,high,us,133,89.96,96.76,1,0,0,1,0,0,1,IaaS,Private Cloud,AWS
793.71,webapp,medium,basic,us,5,276.03,98.89,0,1,0,1,0,0,1,PaaS,Public Cloud,AWS
4101.52,ml,high,basic,asia,209,29.72,99.78,0,1,0,0,1,0,0,IaaS,Public Cloud,GCP
347.05,startup,low,basic,us,392,259.0,99.26,0,0,0,1,0,0,1,PaaS,Public Cloud,GCP
116.14,startup,medium,high,us,51,36.29,97.86,1,1,0,1,0,0,1,IaaS,Hybrid Cloud,GCP
780.46,webapp,medium,basic,us,226,29.17,98.52,0,1,0,1,0,0,1,PaaS,Public Cloud,GCP
981.98,webapp,low,moderate,asia,484,11.74,96.16,1,0,0,1,0,0,1,IaaS,Public Cloud,GCP
12659.99,enterprise,high,moderate,us,208,28.82,96.48,1,0,0,0,0,1,0,IaaS,Hybrid Cloud,AWS
804.73,webapp,medium,basic,us,313,36.14,95.04,0,0,0,0,0,0,1,PaaS,Public Cloud,AWS
230.15,webapp,medium,moderate,eu,128,54.66,98.25,0,1,0,1,0,0,1,PaaS,Public Cloud,GCP
1349.72,webapp,medium,moderate,eu,484,108.19,95.26,0,0,0,1,0,0,1,PaaS,Public Cloud,GCP
1796.11,webapp,medium,basic,eu,280,242.64,99.71,0,0,0,1,0,0,1,PaaS,Public Cloud,GCP
198.67,webapp,medium,basic,asia,418,182.7,99.19,0,1,0,0,0,0,1,PaaS,Public Cloud,GCP
4631.47,enterprise,medium,basic,eu,396,50.94,98.03,0,1,1,0,0,0,0,IaaS,Hybrid Cloud,Azure
403.49,webapp,low,high,us,215,43.55,98.08,1,0,0,1,0,0,1,IaaS,Private Cloud,GCP
2161.33,enterprise,low,basic,asia,476,43.77,99.16,0,1,1,0,0,0,0,IaaS,Hybrid Cloud,Azure
184.33,webapp,medium,high,eu,248,1941.69,98.73,1,0,0,1,0,0,1,IaaS,Private Cloud,GCP
217.61,webapp,medium,high,us,329,21.96,99.77,1,0,0,0,0,0,1,IaaS,Private Cloud,AWS
1447.78,enterprise,high,moderate,eu,175,61.26,96.58,1,0,1,0,0,0,0,IaaS,Hybrid Cloud,Azure
1274.08,webapp,medium,high,asia,330,23.02,96.48,1,1,0,0,0,0,1,IaaS,Hybrid Cloud,AWS
11168.56,enterprise,medium,moderate,us,461,119.34,98.18,0,1,1,0,0,0,0,IaaS,Hybrid Cloud,Azure
661.53,webapp,low,moderate,asia,440,104.45,95.16,0,0,0,0,0,0,1,PaaS,Public Cloud,AWS
18060.77,enterprise,high,basic,asia,385,1021.02,97.03,0,1,0,0,0,1,0,IaaS,Public Cloud,AWS
832.37,webapp,low,high,eu,338,15.38,97.24,1,1,0,1,0,0,1,IaaS,Private Cloud,Azure
347.36,webapp,low,moderate,eu,78,16.05,99.13,0,0,0,1,0,0,1,PaaS,Public Cloud,GCP
180.0,webapp,medium,high,asia,388,445.96,99.2,1,1,0,1,0,0,1,IaaS,Hybrid Cloud,GCP
2458.69,enterprise,high,basic,asia,66,13.27,96.63,0,0,1,0,0,1,0,SaaS,Public Cloud,Azure
1164.23,webapp,medium,moderate,eu,134,19.5,96.25,1,1,0,1,0,0,1,IaaS,Hybrid Cloud,Azure
14822.03,enterprise,medium,basic,eu,261,212.66,96.38,0,1,1,0,0,0,0,IaaS,Hybrid Cloud,Azure
792.96,webapp,medium,moderate,asia,236,43.91,96.61,0,1,0,0,0,0,1,IaaS,Public Cloud,AWS
98.87,startup,medium,high,us,95,45.56,96.3,1,0,0,1,0,0,1,IaaS,Private Cloud,GCP
250.52,startup,medium,moderate,eu,302,29.55,95.55,0,0,0,1,0,0,1,PaaS,Public Cloud,GCP
2780.68,ml,high,basic,us,221,30.82,96.27,0,0,0,0,1,1,0,IaaS,Public Cloud,GCP
371.35,startup,medium,basic,us,496,61.92,98.78,0,0,0,0,0,0,1,PaaS,Public Cloud,AWS
391.69,webapp,medium,basic,asia,24,39.65,99.8,0,0,0,0,0,0,1,PaaS,Public Cloud,GCP
546.61,startup,low,moderate,eu,282,21.6,96.78,0,0,0,0,0,0,1,PaaS,Public Cloud,AWS
309.1,webapp,medium,high,asia,179,161.47,98.1,1,0,0,1,0,0,1,IaaS,Private Cloud,GCP
477.92,webapp,high,high,us,458,185.91,97.44,1,0,0,1,0,1,1,IaaS,Private Cloud,GCP
175.82,startup,medium,moderate,us,61,2.61,99.61,0,0,0,1,0,0,1,PaaS,Public Cloud,GCP
7414.9,enterprise,medium,basic,eu,167,45.75,96.7,0,0,1,0,0,0,0,SaaS,Public Cloud,Azure
1789.62,enterprise,high,basic,eu,349,582.27,95.22,0,0,1,0,0,0,0,SaaS,Public Cloud,Azure
3080.41,enterprise,high,basic,eu,158,175.57,99.36,0,0,0,0,0,1,0,SaaS,Public Cloud,AWS
232.67,webapp,low,basic,us,415,120.6,96.14,0,1,0,0,0,0,1,PaaS,Public Cloud,AWS
211.03,startup,low,high,us,7,581.55,98.08,1,0,0,1,0,0,1,PaaS,Private Cloud,GCP
424.89,startup,medium,high,us,232,12.47,96.34,1,0,0,0,0,0,1,IaaS,Private Cloud,AWS
498.36,startup,medium,basic,us,122,25.78,97.07,0,0,0,0,0,0,1,PaaS,Public Cloud,AWS
393.31,startup,medium,basic,us,212,64.19,95.35,0,1,0,0,0,0,1,PaaS,Public Cloud,AWS
236.91,webapp,medium,high,us,22,11.09,95.46,1,1,0,0,0,0,1,IaaS,Hybrid Cloud,AWS
15390.24,enterprise,high,basic,eu,363,5.46,96.61,0,0,1,0,0,0,0,IaaS,Public Cloud,Azure
1640.28,enterprise,low,moderate,eu,215,46.76,98.02,1,0,0,0,0,0,0,IaaS,Private Cloud,Azure
365.25,ml,high,high,asia,81,266.8,96.94,1,1,0,0,1,0,0,IaaS,Hybrid Cloud,GCP
5632.18,ml,medium,moderate,eu,342,98.28,95.03,0,0,0,0,1,0,0,IaaS,Public Cloud,GCP
514.17,webapp,high,basic,us,318,74.55,99.64,0,1,0,0,0,1,1,PaaS,Public Cloud,AWS
131.8,startup,medium,high,eu,57,7.89,96.42,1,0,0,1,0,0,1,IaaS,Private Cloud,GCP
602.68,webapp,high,high,us,41,33.87,96.14,1,1,0,1,0,1,1,IaaS,Hybrid Cloud,AWS
223.98,webapp,medium,moderate,asia,79,31.85,99.12,1,0,0,0,0,0,1,PaaS,Public Cloud,GCP
87.02,startup,medium,basic,eu,84,23.73,95.13,0,0,0,0,0,0,1,PaaS,Public Cloud,GCP
3472.93,enterprise,medium,moderate,eu,4,207.27,97.71,1,0,1,0,0,0,0,IaaS,Hybrid Cloud,Azure
290.15,startup,medium,moderate,us,15,49.83,96.98,0,1,0,0,0,0,1,PaaS,Public Cloud,AWS
2415.3,enterprise,low,moderate,us,24,3128.96,98.02,1,0,1,0,0,0,0,IaaS,Private Cloud,Azure
7505.98,enterprise,low,basic,asia,131,69.73,98.18,0,1,0,0,0,0,0,IaaS,Hybrid Cloud,AWS
3042.88,enterprise,low,basic,asia,294,322.31,99.42,0,0,1,0,0,0,0,SaaS,Public Cloud,Azure
219.69,webapp,medium,basic,eu,69,1.82,96.91,0,1,0,1,0,0,1,PaaS,Public Cloud,GCP
5568.68,ml,low,moderate,asia,262,461.12,98.52,0,0,0,0,1,0,0,IaaS,Private Cloud,GCP
327.11,startup,medium,moderate,asia,277,147.72,99.22,0,1,0,0,0,0,1,PaaS,Public Cloud,GCP
7377.34,enterprise,medium,basic,eu,429,127.13,99.16,0,1,0,0,0,0,0,IaaS,Hybrid Cloud,AWS
522.45,webapp,high,basic,eu,307,7.27,98.66,0,0,0,0,0,0,1,PaaS,Public Cloud,AWS
619.66,webapp,low,moderate,eu,164,69.68,99.76,0,1,0,1,0,0,1,IaaS,Public Cloud,GCP
393.7,webapp,high,basic,asia,261,145.35,98.97,0,0,0,0,0,0,1,PaaS,Public Cloud,GCP
143.13,startup,low,high,eu,492,248.06,99.56,1,0,0,1,0,0,1,IaaS,Private Cloud,GCP
1041.13,webapp,high,basic,us,84,11.3,95.85,0,0,0,1,0,1,1,PaaS,Public Cloud,AWS
4798.65,enterprise,medium,basic,us,431,30.47,95.17,0,1,1,0,0,0,0,IaaS,Hybrid Cloud,Azure
1162.45,webapp,low,basic,eu,402,397.45,96.42,0,1,0,1,0,0,1,PaaS,Public Cloud,GCP
215.83,startup,medium,moderate,asia,384,13.33,97.37,0,1,0,0,0,0,1,PaaS,Public Cloud,GCP
5491.65,enterprise,medium,moderate,asia,492,22.13,97.42,0,0,1,0,0,0,0,IaaS,Hybrid Cloud,Azure
10464.01,enterprise,low,moderate,eu,38,300.66,96.37,1,0,1,0,0,0,0,IaaS,Private Cloud,Azure
431.99,startup,high,basic,asia,199,14.75,96.25,0,1,0,0,0,1,1,PaaS,Public Cloud,GCP
22202.02,enterprise,low,high,us,66,327.8,95.72,1,1,0,0,0,0,0,IaaS,Hybrid Cloud,AWS
722.94,ml,high,moderate,eu,67,40.49,98.78,1,0,0,0,1,1,0,IaaS,Public Cloud,GCP
600.48,startup,medium,basic,us,437,30.97,96.76,0,0,0,1,0,0,1,PaaS,Public Cloud,AWS
108.72,startup,high,high,us,182,351.73,96.12,1,0,0,0,0,1,1,IaaS,Public Cloud,AWS
13451.64,enterprise,low,high,eu,232,84.25,96.66,1,1,1,0,0,0,0,IaaS,Private Cloud,Azure
2729.04,enterprise,high,basic,us,421,3.14,95.47,0,0,0,0,0,0,0,SaaS,Public Cloud,AWS
1285.06,ml,low,moderate,us,276,8.72,99.97,1,0,0,0,1,0,0,IaaS,Private Cloud,GCP
240.37,webapp,medium,high,asia,207,1.68,97.51,1,1,0,1,0,0,1,IaaS,Hybrid Cloud,GCP
554.56,startup,medium,basic,asia,7,463.75,99.04,0,1,0,1,0,0,1,PaaS,Public Cloud,GCP
2230.28,enterprise,high,moderate,us,96,51.45,98.61,0,0,0,0,0,1,0,SaaS,Public Cloud,AWS
2813.42,enterprise,high,high,eu,2,77.04,96.11,1,1,0,0,0,1,0,IaaS,Hybrid Cloud,Azure
2886.61,ml,high,basic,us,268,116.97,99.79,0,0,0,0,1,0,0,IaaS,Public Cloud,GCP
205.67,webapp,medium,moderate,asia,92,21.34,96.38,1,1,0,1,0,0,1,PaaS,Hybrid Cloud,GCP
188.73,webapp,low,moderate,eu,3,61.56,99.33,0,1,0,0,0,0,1,PaaS,Public Cloud,GCP
407.31,webapp,high,moderate,asia,395,123.3,98.13,1,0,0,1,0,1,1,PaaS,Public Cloud,GCP
444.56,webapp,low,moderate,asia,117,18.82,95.02,1,1,0,1,0,0,1,IaaS,Hybrid Cloud,GCP
1090.66,enterprise,high,moderate,us,406,34.95,99.01,0,0,1,0,0,0,0,IaaS,Public Cloud,Azure
3482.22,enterprise,medium,moderate,us,392,180.67,95.18,0,0,1,0,0,0,0,IaaS,Hybrid Cloud,Azure
546.0,webapp,low,basic,eu,38,32.71,95.65,0,0,0,1,0,0,1,PaaS,Public Cloud,GCP
710.26,webapp,medium,moderate,us,369,41.28,96.36,0,1,0,1,0,0,1,PaaS,Public Cloud,GCP
705.21,webapp,low,high,eu,142,71.95,96.45,1,0,0,1,0,0,1,IaaS,Private Cloud,Azure
2895.23,enterprise,high,basic,us,57,34.11,99.85,0,1,1,0,0,1,0,SaaS,Public Cloud,Azure
536.87,webapp,low,moderate,eu,201,47.49,97.53,0,1,0,0,0,0,1,PaaS,Public Cloud,AWS
4928.58,enterprise,medium,moderate,eu,247,201.03,95.2,1,1,1,0,0,0,0,IaaS,Hybrid Cloud,Azure
4269.95,enterprise,high,basic,eu,411,39.54,96.89,0,1,1,0,0,0,0,IaaS,Public Cloud,Azure
2299.26,webapp,high,high,asia,210,1626.12,95.36,1,1,0,0,0,0,0,IaaS,Hybrid Cloud,AWS
296.57,startup,medium,high,asia,72,7.39,99.37,1,1,0,1,0,0,1,IaaS,Hybrid Cloud,GCP
1745.39,ml,high,basic,us,192,305.57,96.8,0,1,0,0,1,1,0,IaaS,Public Cloud,GCP
50.0,startup,low,moderate,us,284,16.37,96.92,0,1,0,0,0,0,1,PaaS,Public Cloud,AWS
43265.05,enterprise,medium,high,eu,396,11.25,95.22,1,0,0,0,0,0,0,IaaS,Private Cloud,Azure
4273.49,ml,high,basic,us,107,19.0,97.05,0,0,0,0,1,0,0,IaaS,Public Cloud,GCP
446.1,webapp,medium,basic,us,103,106.88,95.85,0,0,0,1,0,0,1,PaaS,Public Cloud,GCP
10514.06,enterprise,low,basic,asia,31,97.18,97.15,0,0,1,0,0,0,0,SaaS,Public Cloud,Azure
1025.69,webapp,medium,moderate,eu,96,31.53,95.22,0,1,0,0,0,0,1,PaaS,Hybrid Cloud,AWS
222.29,webapp,medium,high,asia,82,92.19,97.14,1,0,0,1,0,0,1,PaaS,Private Cloud,GCP
172.69,startup,high,moderate,asia,119,15.46,97.07,1,0,0,1,0,1,1,PaaS,Public Cloud,GCP
168.26,startup,high,moderate,eu,329,12.73,96.52,0,0,0,0,0,0,1,PaaS,Public Cloud,GCP
434.69,startup,low,basic,eu,366,29.18,96.25,0,0,0,0,0,0,1,PaaS,Public Cloud,GCP
228.34,webapp,medium,moderate,asia,73,405.03,97.89,1,0,0,0,0,0,1,PaaS,Public Cloud,GCP
1519.36,enterprise,low,basic,eu,362,54.65,98.47,0,0,1,0,0,0,0,SaaS,Public Cloud,Azure
154.54,startup,high,basic,eu,461,64.1,95.3,0,0,0,1,0,1,1,PaaS,Public Cloud,GCP
408.71,webapp,low,high,eu,393,5.14,95.75,1,0,0,0,0,0,1,IaaS,Private Cloud,Azure
114.55,startup,medium,basic,eu,126,10.47,95.01,0,1,0,0,0,0,1,PaaS,Public Cloud,AWS
1594.98,enterprise,medium,moderate,us,401,590.77,95.17,1,0,0,0,0,0,0,IaaS,Hybrid Cloud,AWS
731.35,webapp,low,high,us,299,7.78,96.9,1,0,0,0,0,0,1,IaaS,Private Cloud,AWS
1238.51,enterprise,low,high,asia,321,14.6,96.96,1,0,1,0,0,0,0,IaaS,Private Cloud,Azure
65.6,webapp,low,basic,asia,94,11.28,99.15,0,1,0,1,0,0,1,PaaS,Public Cloud,GCP
208.46,webapp,low,moderate,asia,202,4.06,99.63,0,0,0,0,0,0,1,PaaS,Public Cloud,GCP
1728.52,enterprise,low,basic,eu,335,11.66,97.23,0,1,1,0,0,0,0,IaaS,Hybrid Cloud,Azure
161.94,webapp,high,basic,asia,41,69.9,99.26,0,1,0,0,0,1,1,PaaS,Public Cloud,GCP
1719.36,ml,high,moderate,eu,241,8.09,98.83,0,0,0,0,1,1,0,IaaS,Public Cloud,GCP
1669.34,webapp,medium,high,asia,240,69.04,96.07,1,0,0,0,0,0,1,IaaS,Private Cloud,AWS
458.18,startup,high,moderate,asia,377,16.99,96.32,1,0,0,1,0,1,1,PaaS,Public Cloud,GCP
40209.97,enterprise,medium,high,us,330,14.27,96.74,1,1,0,0,0,0,0,IaaS,Hybrid Cloud,AWS
128.72,startup,medium,basic,us,284,40.96,95.21,0,0,0,0,0,0,1,PaaS,Public Cloud,AWS
315.38,webapp,medium,high,eu,428,53.97,98.98,1,0,0,1,0,0,1,IaaS,Private Cloud,GCP
147.48,startup,medium,basic,us,227,84.4,97.56,0,1,0,1,0,0,1,PaaS,Public Cloud,GCP
808.6,webapp,medium,basic,us,387,76.12,95.95,0,0,0,1,0,0,1,PaaS,Public Cloud,GCP
2663.73,ml,medium,basic,eu,322,4.74,99.38,0,0,0,0,1,0,0,IaaS,Public Cloud,GCP
483.47,startup,medium,moderate,us,475,29.19,99.78,0,1,0,0,0,0,1,PaaS,Public Cloud,AWS
184.96,startup,low,moderate,eu,81,10.71,98.2,0,1,0,1,0,0,1,PaaS,Public Cloud,GCP
1545.71,enterprise,medium,basic,eu,307,23.02,98.25,0,0,1,0,0,0,0,SaaS,Public Cloud,Azure
4949.64,enterprise,medium,basic,asia,122,103.41,98.05,0,1,0,0,0,0,0,IaaS,Hybrid Cloud,AWS
2043.36,webapp,medium,moderate,eu,377,78.98,99.32,1,1,0,0,0,0,0,IaaS,Hybrid Cloud,Azure
214.14,enterprise,high,moderate,us,310,36.32,99.7,1,0,0,0,0,1,0,IaaS,Public Cloud,AWS
3252.97,enterprise,medium,moderate,asia,314,206.91,99.83,0,0,1,0,0,0,0,IaaS,Hybrid Cloud,Azure
50.0,startup,high,moderate,eu,429,30.65,98.77,1,1,0,1,0,1,1,IaaS,Public Cloud,GCP
97.75,startup,low,basic,eu,63,3.96,96.52,0,0,0,0,0,0,1,PaaS,Public Cloud,GCP
116.69,startup,low,basic,eu,344,140.67,96.82,0,1,0,1,0,0,1,PaaS,Public Cloud,GCP
3429.07,enterprise,low,moderate,us,381,103.38,96.03,1,0,1,0,0,0,0,IaaS,Private Cloud,Azure
1337.5,enterprise,medium,high,asia,346,6.52,99.89,1,0,0,0,0,0,0,IaaS,Private Cloud,Azure
287.1,startup,high,moderate,asia,34,7.02,97.73,1,1,0,1,0,0,1,PaaS,Public Cloud,GCP
585.43,ml,medium,moderate,eu,76,29.88,96.28,0,1,0,0,1,0,0,IaaS,Public Cloud,GCP
375.14,startup,medium,moderate,asia,58,173.98,99.78,0,1,0,0,0,0,1,PaaS,Public Cloud,GCP
656.03,ml,medium,basic,eu,233,6.18,97.6,0,1,0,0,1,0,0,IaaS,Public Cloud,GCP
158.81,webapp,medium,moderate,eu,18,1289.32,99.29,0,1,0,0,0,0,1,PaaS,Public Cloud,AWS
451.7,enterprise,medium,moderate,eu,180,35.72,95.63,1,1,0,0,0,0,0,IaaS,Hybrid Cloud,Azure
2619.86,enterprise,low,basic,asia,425,17.61,97.05,0,1,0,0,0,0,0,IaaS,Hybrid Cloud,AWS
195.15,webapp,low,moderate,eu,325,65.18,96.01,1,1,0,0,0,0,1,IaaS,Hybrid Cloud,Azure
2302.34,enterprise,high,basic,asia,325,36.21,98.98,0,1,1,0,0,0,0,IaaS,Public Cloud,Azure
3778.57,enterprise,medium,moderate,us,8,136.66,98.45,0,1,1,0,0,0,0,SaaS,Hybrid Cloud,Azure
3971.31,webapp,high,moderate,us,161,10.28,99.68,0,0,0,0,0,1,0,PaaS,Public Cloud,AWS
515.48,startup,low,basic,eu,309,23.14,99.0,0,1,0,0,0,0,1,PaaS,Public Cloud,AWS
614.7,enterprise,high,basic,eu,447,2.18,96.38,0,1,0,0,0,1,0,IaaS,Public Cloud,AWS
239.2,startup,medium,basic,eu,461,47.02,96.19,0,0,0,0,0,0,1,PaaS,Public Cloud,AWS
1395.72,webapp,medium,moderate,asia,123,14.77,97.72,0,0,0,1,0,0,1,PaaS,Public Cloud,GCP
5351.41,ml,medium,high,asia,4,100.32,95.61,1,1,0,0,1,0,0,IaaS,Hybrid Cloud,GCP
26294.49,enterprise,medium,basic,us,32,70.86,99.14,0,0,1,0,0,0,0,SaaS,Hybrid Cloud,Azure
207.82,startup,high,high,asia,191,26.94,99.7,1,1,0,1,0,1,1,IaaS,Public Cloud,GCP
290.87,startup,medium,high,eu,132,76.44,96.87,1,0,0,1,0,0,1,IaaS,Private Cloud,GCP
516.39,startup,low,basic,asia,288,7.95,99.86,0,1,0,1,0,0,1,PaaS,Public Cloud,GCP
237.48,startup,low,moderate,us,47,79.24,96.8,1,0,0,0,0,0,1,PaaS,Public Cloud,AWS
1466.22,enterprise,high,moderate,eu,422,45.44,99.32,1,0,1,0,0,0,0,IaaS,Hybrid Cloud,Azure
6108.51,enterprise,medium,moderate,us,320,5.7,98.56,1,1,1,0,0,0,0,IaaS,Hybrid Cloud,Azure
231.82,webapp,medium,high,us,253,76.57,97.06,1,0,0,1,0,0,1,IaaS,Private Cloud,GCP
1576.8,webapp,high,high,asia,32,373.06,99.72,1,1,0,0,0,0,1,IaaS,Hybrid Cloud,AWS
617.98,ml,low,moderate,us,403,34.05,99.17,1,0,0,0,1,0,0,IaaS,Public Cloud,GCP
971.04,webapp,low,high,asia,164,51.71,95.62,1,1,0,0,0,0,1,IaaS,Private Cloud,AWS
5809.56,enterprise,low,moderate,asia,47,3073.48,98.29,1,0,1,0,0,0,0,IaaS,Private Cloud,Azure
152.62,startup,low,basic,us,250,82.47,97.2,0,1,0,1,0,0,1,PaaS,Public Cloud,GCP
3199.87,enterprise,high,moderate,eu,43,81.14,98.21,0,0,0,0,0,0,0,SaaS,Public Cloud,Azure
2362.13,enterprise,low,moderate,us,122,33.62,99.57,0,0,1,0,0,0,0,IaaS,Hybrid Cloud,Azure
4230.63,ml,low,high,eu,22,44.2,99.67,1,1,0,0,1,0,0,IaaS,Private Cloud,Azure
250.21,webapp,low,moderate,us,315,36.12,97.38,0,1,0,1,0,0,1,PaaS,Public Cloud,GCP
307.93,startup,medium,basic,eu,12,237.33,95.04,0,1,0,0,0,0,1,PaaS,Public Cloud,GCP
224.52,startup,medium,basic,asia,493,27.17,96.7,0,0,0,1,0,0,1,PaaS,Public Cloud,GCP
372.99,startup,medium,high,asia,484,26.13,98.04,1,1,0,0,0,0,1,IaaS,Hybrid Cloud,GCP
226.05,webapp,high,moderate,us,361,119.62,99.73,0,1,0,1,0,1,1,PaaS,Public Cloud,GCP
996.84,webapp,low,high,asia,472,81.66,97.03,1,1,0,1,0,0,1,IaaS,Private Cloud,GCP
138.81,startup,low,moderate,eu,132,86.36,97.39,1,0,0,1,0,0,1,PaaS,Public Cloud,GCP
52.06,startup,medium,moderate,us,232,34.44,97.21,0,0,0,0,0,0,1,PaaS,Public Cloud,AWS
847.24,startup,high,basic,us,221,358.19,99.56,0,1,0,1,0,1,1,PaaS,Public Cloud,AWS
50.0,webapp,low,high,us,499,109.2,96.98,1,1,0,1,0,0,1,IaaS,Private Cloud,GCP
107.36,startup,medium,basic,asia,412,30.44,96.03,0,1,0,0,0,0,1,PaaS,Public Cloud,GCP
15002.49,enterprise,medium,high,us,373,12.75,96.36,1,1,0,0,0,0,0,IaaS,Hybrid Cloud,AWS
484.43,webapp,high,high,eu,275,25.82,97.33,1,0,0,0,0,0,1,IaaS,Private Cloud,Azure
1246.53,webapp,medium,basic,eu,117,17.97,97.14,0,1,0,1,0,0,1,PaaS,Public Cloud,GCP
723.76,ml,medium,moderate,asia,307,34.91,96.98,0,1,0,0,1,0,0,IaaS,Public Cloud,GCP
73.41,webapp,medium,basic,asia,248,61.65,99.53,0,1,0,1,0,0,1,PaaS,Public Cloud,GCP
124.78,startup,high,high,us,336,36.48,96.38,1,0,0,0,0,1,1,IaaS,Public Cloud,AWS
570.95,webapp,low,basic,eu,479,14.88,97.31,0,1,0,1,0,0,1,PaaS,Public Cloud,GCP
554.05,startup,high,moderate,eu,88,80.82,98.55,1,1,0,1,0,1,1,IaaS,Public Cloud,Azure
3701.79,enterprise,high,moderate,asia,83,5.09,96.75,1,0,0,0,0,0,0,IaaS,Hybrid Cloud,AWS
381.86,startup,medium,basic,asia,32,4.83,96.31,0,0,0,0,0,0,1,PaaS,Public Cloud,GCP
88.33,startup,low,high,us,223,7.4,96.06,1,1,0,1,0,0,1,IaaS,Private Cloud,GCP
126.47,startup,medium,basic,us,203,295.13,99.87,0,1,0,1,0,0,1,PaaS,Public Cloud,GCP
85.89,startup,medium,high,asia,295,30.98,97.11,1,1,0,1,0,0,1,IaaS,Hybrid Cloud,GCP
1761.73,ml,high,high,us,11,54.55,97.11,1,0,0,0,1,1,0,IaaS,Private Cloud,GCP
13136.37,enterprise,medium,moderate,eu,213,318.87,96.36,1,1,1,0,0,0,0,IaaS,Hybrid Cloud,Azure
617.77,startup,high,high,us,489,58.76,99.44,1,0,0,0,0,1,1,IaaS,Public Cloud,AWS
5666.0,enterprise,medium,moderate,eu,43,163.38,97.06,0,1,1,0,0,0,0,IaaS,Hybrid Cloud,Azure
950.86,webapp,high,basic,asia,388,393.72,96.28,0,0,0,0,0,0,1,PaaS,Public Cloud,AWS
292.64,startup,medium,moderate,us,199,178.26,95.17,1,1,0,0,0,0,1,IaaS,Public Cloud,AWS
682.36,startup,low,high,us,488,461.44,99.26,1,1,0,1,0,0,1,IaaS,Private Cloud,AWS
81.44,webapp,high,basic,asia,224,67.83,98.54,0,0,0,0,0,0,1,PaaS,Public Cloud,GCP
1926.16,enterprise,medium,high,asia,129,18.0,95.15,1,1,1,0,0,0,0,IaaS,Hybrid Cloud,Azure
560.9,ml,medium,basic,us,461,1208.31,99.44,0,1,0,0,1,0,0,IaaS,Public Cloud,GCP
76.01,startup,low,basic,eu,346,471.85,99.26,0,1,0,0,0,0,1,PaaS,Public Cloud,AWS
3712.66,ml,high,moderate,eu,94,17.21,99.77,1,1,0,0,1,0,0,IaaS,Hybrid Cloud,GCP
717.37,webapp,low,moderate,eu,14,100.14,96.41,0,1,0,1,0,0,1,PaaS,Public Cloud,GCP
183.73,startup,medium,moderate,asia,67,205.67,95.48,1,0,0,1,0,0,1,PaaS,Public Cloud,GCP
4445.29,enterprise,low,high,eu,49,105.46,99.11,1,0,1,0,0,0,0,IaaS,Private Cloud,Azure
285.99,startup,medium,high,asia,374,404.26,95.42,1,0,0,1,0,0,1,IaaS,Private Cloud,GCP
220.95,webapp,medium,basic,us,335,118.16,99.34,0,0,0,0,0,0,1,PaaS,Public Cloud,AWS
1678.57,enterprise,medium,basic,us,228,29.26,96.33,0,0,1,0,0,0,0,SaaS,Public Cloud,Azure
222.88,startup,low,moderate,us,462,64.83,95.17,0,1,0,0,0,0,1,PaaS,Public Cloud,AWS
155.0,startup,high,moderate,eu,42,11.28,95.82,0,0,0,0,0,1,1,PaaS,Public Cloud,AWS
399.05,startup,high,basic,eu,403,9.39,96.48,0,0,0,0,0,1,1,PaaS,Public Cloud,AWS
170.62,startup,low,moderate,eu,334,18.56,95.9,0,1,0,1,0,0,1,PaaS,Public Cloud,GCP
446.83,startup,low,high,us,13,92.23,97.1,1,0,0,1,0,0,1,IaaS,Private Cloud,GCP
1491.14,enterprise,medium,high,eu,445,12.7,97.35,1,0,0,0,0,0,0,IaaS,Private Cloud,Azure
4135.16,enterprise,medium,basic,eu,365,1.4,99.31,0,1,0,0,0,0,0,IaaS,Hybrid Cloud,AWS
521.87,ml,low,basic,us,108,24.18,96.77,0,0,0,0,1,0,0,IaaS,Public Cloud,GCP
542.38,webapp,medium,moderate,asia,138,6.42,99.94,1,0,0,1,0,0,1,IaaS,Public Cloud,GCP
1618.86,webapp,low,basic,eu,250,0.96,99.52,0,1,0,1,0,0,1,PaaS,Public Cloud,GCP
1718.25,enterprise,medium,high,eu,27,717.28,99.39,1,1,1,0,0,0,0,IaaS,Hybrid Cloud,Azure
213.25,webapp,low,high,eu,458,151.33,98.33,1,0,0,1,0,0,1,IaaS,Private Cloud,GCP
3394.86,enterprise,high,moderate,asia,297,48.76,98.21,1,0,1,0,0,0,0,IaaS,Hybrid Cloud,Azure
50.0,webapp,medium,high,us,132,40.87,96.77,1,0,0,0,0,0,1,IaaS,Private Cloud,AWS
325.54,webapp,low,moderate,us,199,5.32,99.52,0,1,0,0,0,0,1,PaaS,Public Cloud,AWS
8755.19,enterprise,low,moderate,eu,416,16.41,98.3,1,1,1,0,0,0,0,IaaS,Hybrid Cloud,Azure
155.21,startup,high,moderate,us,137,65.25,97.98,0,1,0,1,0,1,1,PaaS,Public Cloud,GCP
664.57,webapp,high,moderate,asia,117,4.65,99.08,0,1,0,1,0,0,1,IaaS,Public Cloud,GCP
148.49,startup,high,basic,asia,435,291.28,95.07,0,1,0,0,0,1,1,PaaS,Public Cloud,GCP
2374.46,webapp,medium,moderate,eu,115,1.42,97.3,0,0,0,1,0,0,0,PaaS,Public Cloud,GCP
1307.5,webapp,medium,high,asia,335,87.59,97.87,1,1,0,1,0,0,1,IaaS,Hybrid Cloud,GCP
825.45,webapp,medium,basic,asia,442,22.53,98.25,0,0,0,1,0,0,1,PaaS,Public Cloud,GCP
224.9,startup,medium,basic,eu,258,16.64,95.01,0,0,0,0,0,0,1,PaaS,Public Cloud,GCP
833.48,enterprise,medium,basic,eu,185,17.54,97.02,0,0,1,0,0,0,0,SaaS,Public Cloud,Azure
86.0,startup,high,moderate,asia,428,258.36,97.73,0,1,0,1,0,1,1,PaaS,Public Cloud,GCP
214.17,startup,medium,basic,asia,150,8.01,99.07,0,0,0,1,0,0,1,PaaS,Public Cloud,GCP
3780.53,enterprise,high,basic,eu,433,17.81,99.28,0,0,1,0,0,1,0,SaaS,Public Cloud,Azure
329.2,startup,low,basic,eu,258,337.42,99.15,0,1,0,1,0,0,1,PaaS,Public Cloud,GCP
3292.67,ml,high,basic,asia,456,22.18,99.36,0,0,0,0,1,1,0,IaaS,Public Cloud,GCP
10636.78,enterprise,high,moderate,asia,295,17.81,98.11,1,0,0,0,0,0,0,IaaS,Hybrid Cloud,AWS
194.44,startup,medium,moderate,asia,489,27.38,95.59,0,1,0,1,0,0,1,PaaS,Public Cloud,GCP
1958.11,webapp,medium,basic,eu,222,25.59,95.27,0,0,0,1,0,0,1,PaaS,Public Cloud,GCP
3703.7,enterprise,high,basic,eu,322,37.79,97.25,0,0,1,0,0,0,0,SaaS,Public Cloud,Azure
280.34,webapp,medium,basic,eu,396,163.32,98.31,0,0,0,0,0,0,1,PaaS,Public Cloud,GCP
8367.73,enterprise,high,moderate,us,7,288.39,96.96,1,1,0,0,0,1,0,IaaS,Hybrid Cloud,AWS
792.55,enterprise,high,high,us,298,151.0,98.64,1,0,0,0,0,1,0,IaaS,Hybrid Cloud,AWS
678.82,webapp,high,high,eu,242,35.51,98.8,1,1,0,0,0,1,1,IaaS,Hybrid Cloud,Azure
1967.31,ml,low,basic,us,479,67.45,99.06,0,0,0,0,1,0,0,IaaS,Public Cloud,GCP
7909.7,enterprise,medium,moderate,us,361,219.15,95.28,1,1,1,0,0,0,0,IaaS,Hybrid Cloud,Azure
11479.67,ml,high,basic,asia,220,194.12,99.88,0,1,0,0,1,1,0,IaaS,Public Cloud,GCP
343.61,webapp,high,high,eu,115,72.08,97.55,1,0,0,0,0,0,1,IaaS,Private Cloud,Azure
307.87,startup,medium,moderate,asia,375,103.02,97.58,0,1,0,1,0,0,1,PaaS,Public Cloud,GCP
660.89,startup,medium,moderate,eu,237,89.04,97.69,1,0,0,0,0,0,1,IaaS,Public Cloud,Azure
3990.12,enterprise,low,basic,us,477,383.45,97.33,0,0,0,0,0,0,0,SaaS,Public Cloud,AWS
50.0,startup,medium,moderate,eu,484,366.74,97.67,0,0,0,1,0,0,1,PaaS,Public Cloud,GCP
173.14,startup,medium,basic,asia,409,35.79,97.85,0,0,0,0,0,0,1,PaaS,Public Cloud,GCP
20660.89,enterprise,high,high,us,13,189.57,98.27,1,0,1,0,0,1,0,IaaS,Hybrid Cloud,Azure
376.05,webapp,medium,high,eu,20,131.33,95.85,1,0,0,1,0,0,1,IaaS,Private Cloud,GCP
730.92,webapp,high,high,us,172,14.89,97.98,1,0,0,0,0,1,1,IaaS,Private Cloud,AWS
6176.15,enterprise,medium,basic,eu,221,288.71,98.41,0,0,0,0,0,0,0,SaaS,Public Cloud,AWS
1079.9,enterprise,low,moderate,eu,103,5.34,96.72,1,0,0,0,0,0,0,IaaS,Private Cloud,Azure
405.82,webapp,medium,high,eu,97,116.42,96.77,1,1,0,0,0,0,1,IaaS,Hybrid Cloud,Azure
459.93,webapp,medium,moderate,eu,242,17.22,97.29,0,0,0,1,0,0,1,PaaS,Public Cloud,GCP
227.45,startup,medium,moderate,eu,179,5.91,96.41,0,1,0,1,0,0,1,PaaS,Public Cloud,GCP
263.02,startup,medium,high,asia,393,51.36,97.62,1,1,0,0,0,0,1,IaaS,Hybrid Cloud,GCP
114.08,startup,low,basic,us,112,22.81,98.95,0,0,0,1,0,0,1,PaaS,Public Cloud,GCP
4985.88,enterprise,low,basic,eu,18,75.94,99.9,0,0,0,0,0,0,0,SaaS,Public Cloud,AWS
62.69,webapp,low,moderate,asia,117,8.61,97.11,0,0,0,0,0,0,1,PaaS,Public Cloud,GCP
70.88,startup,medium,moderate,asia,285,7.4,95.45,0,0,0,0,0,0,1,PaaS,Public Cloud,GCP
4998.99,enterprise,high,high,asia,466,1121.38,95.85,1,0,1,0,0,1,0,IaaS,Private Cloud,Azure
1125.9,enterprise,medium,high,asia,357,25.3,99.06,1,1,1,0,0,0,0,IaaS,Hybrid Cloud,Azure
1718.99,webapp,medium,basic,us,309,8.52,96.29,0,0,0,0,0,0,1,PaaS,Public Cloud,AWS
70.91,webapp,high,high,asia,96,31.01,95.72,1,0,0,0,0,0,1,IaaS,Private Cloud,GCP
334.0,startup,medium,high,asia,168,88.81,95.58,1,0,0,0,0,0,1,IaaS,Private Cloud,GCP
7809.4,enterprise,high,basic,us,197,16.73,98.28,0,1,0,0,0,1,0,IaaS,Public Cloud,AWS
697.87,startup,medium,basic,eu,88,375.38,95.78,0,1,0,1,0,0,1,PaaS,Public Cloud,GCP
159.64,webapp,high,basic,us,468,174.18,97.07,0,1,0,1,0,1,1,PaaS,Public Cloud,GCP
6202.67,ml,high,moderate,asia,346,44.53,97.66,1,0,0,0,1,1,0,IaaS,Public Cloud,GCP
565.61,webapp,medium,moderate,eu,476,21.53,99.59,1,1,0,1,0,0,1,IaaS,Hybrid Cloud,Azure
50.0,webapp,low,high,eu,370,27.38,99.32,1,1,0,0,0,0,1,IaaS,Private Cloud,Azure
778.53,startup,medium,basic,us,94,25.05,97.88,0,0,0,1,0,0,1,PaaS,Public Cloud,GCP
7431.4,enterprise,high,high,eu,305,61.5,97.62,1,1,1,0,0,1,0,IaaS,Hybrid Cloud,Azure
258.96,webapp,low,high,asia,336,4.18,95.51,1,0,0,0,0,0,1,IaaS,Private Cloud,GCP
183.02,webapp,medium,basic,asia,279,25.78,96.9,0,1,0,1,0,0,1,PaaS,Public Cloud,GCP
342.93,webapp,high,moderate,us,3,48.08,95.36,0,1,0,1,0,0,1,PaaS,Public Cloud,GCP
610.25,webapp,medium,moderate,asia,300,45.66,95.32,1,0,0,1,0,0,1,IaaS,Public Cloud,GCP
545.31,ml,medium,moderate,us,445,185.67,97.79,0,1,0,0,1,0,0,IaaS,Public Cloud,GCP
263.37,webapp,low,moderate,eu,451,992.56,99.69,1,0,0,1,0,0,1,PaaS,Private Cloud,GCP
30623.72,enterprise,low,basic,asia,467,155.53,96.83,0,1,1,0,0,0,0,IaaS,Hybrid Cloud,Azure
486.09,webapp,low,basic,eu,20,73.75,98.34,0,0,0,0,0,0,1,PaaS,Public Cloud,GCP
12070.06,ml,low,moderate,us,335,15.14,96.26,1,0,0,0,1,0,0,IaaS,Private Cloud,GCP
16107.11,ml,medium,moderate,asia,115,35.97,97.98,1,1,0,0,1,0,0,IaaS,Hybrid Cloud,GCP
179.56,webapp,medium,basic,us,295,260.66,96.84,0,1,0,0,0,0,1,PaaS,Public Cloud,AWS
3454.95,enterprise,medium,moderate,asia,174,19.34,97.29,0,1,1,0,0,0,0,IaaS,Hybrid Cloud,Azure
559.42,webapp,medium,moderate,us,300,10.47,99.19,1,0,0,0,0,0,1,IaaS,Public Cloud,AWS
2140.35,enterprise,high,moderate,eu,232,46.26,96.72,1,0,0,0,0,1,0,IaaS,Hybrid Cloud,Azure
199.39,webapp,medium,high,eu,234,28.06,98.55,1,0,0,1,0,0,1,IaaS,Private Cloud,GCP
943.98,startup,high,high,asia,152,247.73,95.36,1,1,0,0,0,1,1,IaaS,Hybrid Cloud,AWS
698.75,startup,medium,high,us,193,133.83,97.57,1,1,0,0,0,0,1,IaaS,Hybrid Cloud,AWS
3988.11,enterprise,low,moderate,eu,312,84.08,95.34,0,0,1,0,0,0,0,IaaS,Hybrid Cloud,Azure
4161.28,enterprise,medium,high,asia,314,98.38,95.29,1,0,1,0,0,0,0,IaaS,Private Cloud,Azure
1162.39,enterprise,medium,moderate,us,188,24.61,98.46,0,0,1,0,0,0,0,IaaS,Hybrid Cloud,Azure
746.67,enterprise,high,moderate,eu,358,0.82,96.57,1,1,1,0,0,0,0,IaaS,Hybrid Cloud,Azure
331.09,startup,low,moderate,us,36,23.57,97.07,0,1,0,1,0,0,1,PaaS,Public Cloud,GCP
7084.28,enterprise,medium,high,us,8,399.72,96.22,1,1,1,0,0,0,0,IaaS,Hybrid Cloud,Azure
184.64,webapp,high,basic,us,417,91.5,99.11,0,1,0,1,0,0,1,PaaS,Public Cloud,GCP
294.24,startup,high,high,us,153,20.71,99.82,1,0,0,1,0,1,1,IaaS,Public Cloud,GCP
2730.56,ml,medium,moderate,asia,470,488.99,95.82,1,0,0,0,1,0,0,IaaS,Private Cloud,GCP
1489.4,startup,low,basic,eu,134,117.07,98.96,0,0,0,1,0,0,1,PaaS,Public Cloud,GCP
113.65,webapp,high,high,us,458,775.73,98.52,1,1,0,1,0,1,1,IaaS,Hybrid Cloud,GCP
2076.49,ml,high,basic,asia,436,7.48,99.31,0,1,0,0,1,0,0,IaaS,Public Cloud,GCP
210.11,startup,medium,moderate,us,45,290.39,97.23,0,0,0,1,0,0,1,PaaS,Public Cloud,GCP
444.24,startup,medium,moderate,us,407,115.79,98.4,1,0,0,1,0,0,1,PaaS,Public Cloud,GCP
577.91,ml,medium,basic,us,41,187.85,96.7,0,1,0,0,1,0,0,IaaS,Public Cloud,GCP
1023.28,startup,medium,high,asia,111,8.86,98.05,1,1,0,1,0,0,1,IaaS,Hybrid Cloud,GCP
50.0,startup,medium,basic,us,489,286.44,97.29,0,0,0,0,0,0,1,PaaS,Public Cloud,AWS
4869.98,ml,high,high,asia,283,105.59,97.09,1,0,0,0,1,0,0,IaaS,Private Cloud,GCP
221.28,startup,low,high,eu,325,3.58,98.46,1,0,0,1,0,0,1,IaaS,Private Cloud,GCP
120.13,startup,medium,high,eu,399,703.79,98.56,1,1,0,1,0,0,1,IaaS,Hybrid Cloud,GCP
2376.07,enterprise,high,basic,eu,77,5.67,99.4,0,1,0,0,0,1,0,SaaS,Public Cloud,AWS
837.58,webapp,high,basic,asia,386,273.07,97.69,0,0,0,1,0,1,1,PaaS,Public Cloud,GCP
367.56,startup,low,high,us,195,4.29,95.65,1,0,0,1,0,0,1,IaaS,Private Cloud,GCP
100.21,startup,medium,basic,eu,315,102.37,99.08,0,1,0,0,0,0,1,PaaS,Public Cloud,AWS
262.99,startup,high,basic,us,216,124.75,95.27,0,1,0,1,0,0,1,PaaS,Public Cloud,GCP
1268.52,webapp,medium,basic,asia,356,803.5,98.87,0,1,0,0,0,0,1,PaaS,Public Cloud,AWS
741.53,startup,medium,high,eu,376,77.01,96.11,1,0,0,0,0,0,1,IaaS,Private Cloud,Azure
468.23,startup,medium,moderate,asia,21,12.09,95.83,1,0,0,0,0,0,1,PaaS,Public Cloud,GCP
15491.34,enterprise,medium,high,us,221,602.28,97.75,1,0,0,0,0,0,0,IaaS,Private Cloud,AWS
176.9,webapp,high,moderate,asia,473,72.16,95.8,1,0,0,1,0,1,1,PaaS,Public Cloud,GCP
1083.64,ml,high,high,eu,43,30.63,99.31,1,1,0,0,1,1,0,IaaS,Hybrid Cloud,GCP
827.3,webapp,medium,basic,eu,484,210.25,98.05,0,1,0,0,0,0,1,PaaS,Public Cloud,AWS
5410.73,enterprise,high,basic,eu,116,13.04,96.66,0,1,1,0,0,1,0,IaaS,Public Cloud,Azure
665.56,startup,medium,moderate,us,160,1034.03,98.9,0,0,0,0,0,0,1,PaaS,Public Cloud,AWS
1130.05,enterprise,medium,moderate,us,297,80.47,96.91,0,0,0,0,0,0,0,IaaS,Hybrid Cloud,AWS
100.34,startup,low,moderate,eu,405,403.34,95.79,0,0,0,1,0,0,1,PaaS,Public Cloud,GCP
667.53,enterprise,low,basic,us,163,474.0,99.73,0,1,1,0,0,0,0,IaaS,Public Cloud,Azure
5558.7,enterprise,medium,moderate,asia,496,100.2,95.4,0,0,1,0,0,0,0,IaaS,Hybrid Cloud,Azure
263.13,webapp,medium,moderate,asia,355,83.74,97.82,0,0,0,0,0,0,1,PaaS,Public Cloud,GCP
2078.04,webapp,low,high,us,311,17.08,99.1,1,0,0,1,0,0,0,IaaS,Private Cloud,GCP
115.2,startup,high,basic,asia,392,5.68,96.23,0,1,0,0,0,1,1,PaaS,Public Cloud,GCP
84.46,startup,medium,basic,asia,64,84.24,99.41,0,1,0,1,0,0,1,PaaS,Public Cloud,GCP
706.99,webapp,high,moderate,us,9,32.66,95.67,1,1,0,0,0,0,1,PaaS,Public Cloud,AWS
325.15,startup,medium,basic,asia,7,11.57,97.79,0,0,0,0,0,0,1,PaaS,Public Cloud,GCP
300.57,webapp,high,basic,eu,454,32.97,98.41,0,0,0,0,0,1,1,PaaS,Public Cloud,AWS
287.26,webapp,high,basic,us,177,25.22,99.74,0,0,0,1,0,1,1,PaaS,Public Cloud,GCP
815.16,ml,medium,basic,us,398,20.41,96.41,0,1,0,0,1,0,0,IaaS,Public Cloud,GCP
1100.92,webapp,high,basic,eu,174,31.63,96.8,0,1,0,0,0,1,1,PaaS,Public Cloud,AWS
275.5,webapp,high,basic,eu,169,3286.2,95.11,0,0,0,1,0,1,1,PaaS,Public Cloud,GCP
152.81,webapp,low,basic,asia,22,151.23,97.03,0,1,0,1,0,0,1,PaaS,Public Cloud,GCP
390.62,webapp,high,basic,us,101,139.88,97.68,0,0,0,1,0,0,1,PaaS,Public Cloud,GCP
698.22,startup,medium,high,eu,217,207.99,98.25,1,1,0,0,0,0,1,IaaS,Hybrid Cloud,Azure
1970.4,enterprise,high,basic,us,248,352.14,96.87,0,0,0,0,0,1,0,SaaS,Public Cloud,AWS
1007.95,startup,medium,high,eu,100,140.98,99.12,1,1,0,1,0,0,1,IaaS,Hybrid Cloud,Azure
232.68,startup,low,basic,eu,77,12.07,98.64,0,0,0,0,0,0,1,PaaS,Public Cloud,GCP
192.91,webapp,high,moderate,eu,149,63.87,98.18,0,1,0,1,0,1,1,PaaS,Public Cloud,GCP
5757.09,enterprise,low,moderate,asia,119,22.85,96.06,0,1,1,0,0,0,0,IaaS,Hybrid Cloud,Azure
3285.59,enterprise,high,moderate,eu,461,17.83,95.55,0,0,1,0,0,1,0,IaaS,Public Cloud,Azure
185.93,webapp,low,moderate,asia,104,14.93,96.21,0,0,0,0,0,0,1,PaaS,Public Cloud,GCP
331.57,webapp,high,basic,us,276,308.24,99.74,0,0,0,0,0,1,1,PaaS,Public Cloud,AWS
240.72,startup,medium,high,asia,387,14.67,96.67,1,1,0,0,0,0,1,IaaS,Hybrid Cloud,GCP
284.94,webapp,high,moderate,us,198,2.3,97.2,1,0,0,0,0,0,1,PaaS,Public Cloud,AWS
91.14,startup,low,moderate,asia,90,148.08,99.59,0,1,0,1,0,0,1,PaaS,Public Cloud,GCP
107.01,startup,low,basic,us,241,71.1,97.33,0,0,0,0,0,0,1,PaaS,Public Cloud,AWS
538.38,enterprise,medium,moderate,asia,112,27.42,99.21,1,0,1,0,0,0,0,IaaS,Hybrid Cloud,Azure
81.9,startup,low,high,eu,411,23.11,99.59,1,0,0,1,0,0,1,IaaS,Private Cloud,GCP
194.87,webapp,high,basic,asia,63,74.43,96.68,0,0,0,0,0,1,1,PaaS,Public Cloud,GCP
13054.53,enterprise,low,moderate,us,98,142.11,99.53,0,1,0,0,0,0,0,IaaS,Hybrid Cloud,AWS
571.64,startup,low,moderate,eu,284,60.53,98.96,0,0,0,0,0,0,1,PaaS,Public Cloud,AWS
680.03,webapp,low,moderate,eu,53,27.05,96.13,0,1,0,1,0,0,1,PaaS,Public Cloud,GCP
3838.4,ml,medium,basic,asia,476,214.43,99.67,0,1,0,0,1,0,0,IaaS,Public Cloud,GCP
221.64,startup,medium,moderate,us,340,33.9,98.89,0,1,0,1,0,0,1,PaaS,Public Cloud,GCP
1031.58,webapp,medium,moderate,asia,316,148.05,95.29,1,1,0,1,0,0,1,IaaS,Hybrid Cloud,GCP
981.67,webapp,medium,high,eu,234,6.31,97.4,1,0,0,1,0,0,1,IaaS,Private Cloud,Azure
181.56,webapp,medium,high,us,1,36.87,97.66,1,1,0,0,0,0,1,IaaS,Hybrid Cloud,AWS
3170.86,enterprise,low,basic,asia,461,69.3,97.05,0,1,0,0,0,0,0,IaaS,Hybrid Cloud,AWS
430.02,startup,low,basic,asia,137,37.84,95.04,0,0,0,0,0,0,1,PaaS,Public Cloud,GCP
7471.53,enterprise,medium,moderate,us,267,49.56,95.81,0,0,0,0,0,0,0,IaaS,Hybrid Cloud,AWS
2592.89,enterprise,low,high,asia,81,33.04,96.71,1,1,1,0,0,0,0,IaaS,Private Cloud,Azure
1707.93,webapp,high,basic,us,398,92.29,95.82,0,0,0,0,0,1,1,PaaS,Public Cloud,AWS
204.25,startup,low,moderate,eu,375,20.17,97.8,1,0,0,0,0,0,1,PaaS,Public Cloud,Azure
248.33,webapp,medium,high,asia,61,14.63,95.69,1,1,0,1,0,0,1,IaaS,Hybrid Cloud,GCP
464.89,startup,low,moderate,eu,438,83.74,95.24,0,0,0,1,0,0,1,PaaS,Public Cloud,GCP
4628.09,enterprise,low,basic,asia,84,127.2,98.38,0,0,1,0,0,0,0,SaaS,Public Cloud,Azure
670.19,webapp,medium,high,asia,39,29.76,96.57,1,0,0,0,0,0,1,IaaS,Private Cloud,AWS
426.25,webapp,medium,moderate,us,65,2.82,95.25,0,1,0,1,0,0,1,PaaS,Public Cloud,GCP
18969.02,enterprise,high,basic,eu,105,110.64,97.45,0,1,1,0,0,0,0,IaaS,Public Cloud,Azure
1762.45,enterprise,low,basic,eu,211,264.38,95.57,0,1,1,0,0,0,0,IaaS,Hybrid Cloud,Azure
277.78,startup,medium,high,asia,357,162.51,95.68,1,0,0,0,0,0,1,IaaS,Private Cloud,GCP
870.12,webapp,high,high,asia,344,3.99,97.54,1,1,0,0,0,0,1,IaaS,Hybrid Cloud,AWS
4847.31,ml,high,basic,asia,270,68.57,96.6,0,1,0,0,1,0,0,IaaS,Public Cloud,GCP
374.25,startup,medium,basic,asia,375,565.33,95.63,0,1,0,0,0,0,1,PaaS,Public Cloud,GCP
220.94,webapp,medium,moderate,us,434,15.83,98.78,1,1,0,0,0,0,1,IaaS,Hybrid Cloud,AWS
154.97,webapp,medium,moderate,asia,100,5.63,98.31,1,0,0,1,0,0,1,PaaS,Public Cloud,GCP
8895.38,enterprise,medium,high,us,226,28.9,97.05,1,0,1,0,0,0,0,IaaS,Private Cloud,Azure
293.36,startup,low,moderate,eu,429,11.25,97.49,1,1,0,0,0,0,1,IaaS,Public Cloud,Azure
1992.08,enterprise,medium,moderate,eu,367,72.52,98.8,1,0,0,0,0,0,0,IaaS,Hybrid Cloud,Azure
1421.27,ml,high,basic,eu,480,47.59,96.46,0,1,0,0,1,1,0,IaaS,Public Cloud,GCP
255.96,webapp,high,moderate,us,334,170.77,96.01,0,1,0,1,0,1,1,PaaS,Public Cloud,GCP
858.49,startup,medium,moderate,eu,438,15.93,99.73,0,1,0,0,0,0,1,PaaS,Public Cloud,AWS
1676.35,webapp,medium,basic,asia,121,735.61,96.37,0,1,0,1,0,0,1,PaaS,Public Cloud,GCP
9268.58,ml,low,high,us,482,1.06,98.87,1,0,0,0,1,0,0,IaaS,Private Cloud,GCP
105.8,startup,medium,moderate,eu,34,80.33,98.87,0,0,0,1,0,0,1,PaaS,Public Cloud,GCP
820.03,webapp,medium,high,us,32,16.46,95.6,1,0,0,0,0,0,1,IaaS,Private Cloud,AWS
180.23,startup,medium,moderate,us,394,92.88,95.71,0,0,0,0,0,0,1,PaaS,Public Cloud,AWS
5481.9,enterprise,high,high,eu,482,28.51,96.82,1,0,0,0,0,1,0,IaaS,Hybrid Cloud,Azure
2010.86,enterprise,medium,moderate,asia,196,32.23,96.06,1,0,1,0,0,0,0,IaaS,Hybrid Cloud,Azure
394.35,startup,high,basic,asia,348,52.55,96.65,0,0,0,1,0,1,1,PaaS,Public Cloud,GCP
5987.69,enterprise,low,moderate,eu,171,22.8,96.59,1,1,0,0,0,0,0,IaaS,Hybrid Cloud,Azure
9768.75,enterprise,medium,moderate,asia,166,50.94,96.5,0,1,0,0,0,0,0,IaaS,Hybrid Cloud,AWS
3095.21,ml,medium,high,asia,446,1.23,95.8,1,0,0,0,1,0,0,IaaS,Private Cloud,GCP
3890.16,enterprise,low,basic,eu,417,5.47,98.32,0,1,1,0,0,0,0,IaaS,Hybrid Cloud,Azure
2065.33,webapp,low,high,eu,370,89.14,99.84,1,0,0,1,0,0,0,IaaS,Private Cloud,Azure
125.96,startup,low,basic,asia,297,36.15,95.46,0,1,0,0,0,0,1,PaaS,Public Cloud,GCP
4890.1,enterprise,medium,high,eu,487,34.94,99.08,1,0,1,0,0,0,0,IaaS,Private Cloud,Azure
479.39,startup,low,moderate,us,309,54.3,98.82,0,1,0,1,0,0,1,PaaS,Public Cloud,GCP
353.83,webapp,high,high,eu,217,30.17,99.44,1,1,0,1,0,0,1,IaaS,Hybrid Cloud,GCP
1449.98,webapp,low,basic,us,158,279.82,95.15,0,0,0,1,0,0,1,PaaS,Public Cloud,AWS
522.25,webapp,high,high,us,1,25.89,96.75,1,0,0,1,0,1,1,IaaS,Private Cloud,AWS
1039.18,webapp,medium,basic,us,315,8.68,95.87,0,0,0,1,0,0,1,PaaS,Public Cloud,GCP
5289.58,enterprise,low,basic,asia,313,6.17,98.16,0,1,0,0,0,0,0,IaaS,Hybrid Cloud,AWS
113.02,startup,high,high,eu,415,61.68,96.42,1,0,0,0,0,1,1,IaaS,Public Cloud,Azure
5041.8,enterprise,low,moderate,asia,337,68.59,97.06,0,0,1,0,0,0,0,IaaS,Private Cloud,Azure
2100.39,enterprise,medium,basic,us,272,9.54,99.69,0,0,1,0,0,0,0,SaaS,Public Cloud,Azure
537.95,webapp,low,moderate,eu,10,70.05,97.73,0,1,0,1,0,0,1,PaaS,Public Cloud,GCP
238.35,startup,high,high,eu,297,97.99,96.16,1,0,0,0,0,0,1,IaaS,Public Cloud,Azure
1747.27,enterprise,medium,basic,asia,82,4.25,99.76,0,1,1,0,0,0,0,SaaS,Hybrid Cloud,Azure
1345.62,webapp,high,basic,eu,144,101.35,98.19,0,0,0,1,0,1,1,PaaS,Public Cloud,GCP
851.6,webapp,medium,moderate,eu,277,139.0,96.61,0,0,0,0,0,0,1,PaaS,Public Cloud,AWS
350.4,startup,medium,moderate,us,318,424.01,98.23,0,0,0,1,0,0,1,PaaS,Public Cloud,GCP
1203.05,webapp,high,basic,asia,187,91.08,97.28,0,0,0,0,0,0,1,PaaS,Public Cloud,AWS
209.42,startup,medium,basic,asia,173,426.89,98.98,0,1,0,1,0,0,1,PaaS,Public Cloud,GCP
499.29,startup,high,moderate,eu,50,117.85,98.94,0,0,0,1,0,0,1,PaaS,Public Cloud,GCP
235.44,webapp,medium,basic,us,284,6.23,99.31,0,0,0,0,0,0,1,PaaS,Public Cloud,AWS
870.06,enterprise,high,high,asia,291,22.24,97.2,1,0,1,0,0,1,0,IaaS,Hybrid Cloud,Azure
928.11,startup,high,moderate,us,10,831.56,97.29,1,0,0,1,0,1,1,PaaS,Public Cloud,AWS
124.84,startup,medium,high,eu,279,176.65,95.87,1,0,0,1,0,0,1,IaaS,Private Cloud,GCP
3811.1,enterprise,high,moderate,asia,214,514.41,99.96,1,0,1,0,0,1,0,IaaS,Hybrid Cloud,Azure
387.33,webapp,high,basic,eu,268,93.18,95.84,0,0,0,0,0,1,1,PaaS,Public Cloud,AWS
4206.18,enterprise,medium,moderate,us,9,27.17,95.66,0,1,0,0,0,0,0,SaaS,Hybrid Cloud,AWS
4686.07,ml,medium,moderate,us,466,159.99,96.11,1,1,0,0,1,0,0,IaaS,Hybrid Cloud,GCP
365.12,webapp,low,high,asia,396,136.75,96.96,1,0,0,0,0,0,1,IaaS,Private Cloud,GCP
638.02,webapp,low,basic,us,174,101.84,96.48,0,1,0,0,0,0,1,PaaS,Public Cloud,AWS
81.21,webapp,low,moderate,eu,331,107.52,98.14,1,0,0,1,0,0,1,PaaS,Public Cloud,GCP
636.61,webapp,high,high,eu,49,42.68,95.81,1,0,0,0,0,1,1,IaaS,Private Cloud,AWS
246.41,webapp,medium,moderate,asia,489,34.48,97.97,0,0,0,0,0,0,1,PaaS,Public Cloud,GCP
226.35,webapp,high,basic,asia,293,138.04,98.68,0,0,0,0,0,1,1,PaaS,Public Cloud,GCP
221.28,startup,low,basic,eu,350,63.56,96.14,0,0,0,1,0,0,1,PaaS,Public Cloud,GCP
4039.67,enterprise,medium,basic,asia,464,12.67,96.94,0,0,0,0,0,0,0,SaaS,Public Cloud,AWS
1949.08,ml,low,moderate,eu,151,14.2,98.2,0,1,0,0,1,0,0,IaaS,Hybrid Cloud,GCP
52.05,startup,medium,moderate,asia,234,404.44,95.41,0,0,0,0,0,0,1,PaaS,Public Cloud,GCP
1396.52,enterprise,medium,basic,eu,219,41.13,98.75,0,0,1,0,0,0,0,SaaS,Public Cloud,Azure
507.51,webapp,medium,moderate,us,244,53.67,96.39,1,1,0,0,0,0,1,IaaS,Hybrid Cloud,AWS
144.87,startup,low,basic,asia,466,1.13,96.37,0,1,0,0,0,0,1,PaaS,Public Cloud,GCP
958.74,webapp,low,high,us,497,191.34,96.38,1,0,0,0,0,0,1,IaaS,Private Cloud,AWS
238.82,webapp,high,moderate,eu,192,207.53,95.67,0,0,0,1,0,0,1,PaaS,Public Cloud,GCP
1070.05,ml,medium,moderate,asia,80,35.39,96.75,1,1,0,0,1,0,0,IaaS,Hybrid Cloud,GCP
6557.3,enterprise,low,moderate,asia,66,95.4,96.09,0,1,0,0,0,0,0,IaaS,Hybrid Cloud,AWS
77.8,startup,high,moderate,us,353,419.02,99.19,1,0,0,0,0,1,1,PaaS,Public Cloud,AWS
263.3,webapp,high,high,eu,292,5.84,97.25,1,1,0,0,0,0,1,IaaS,Hybrid Cloud,Azure
5431.44,enterprise,low,moderate,us,491,105.39,95.81,1,0,0,0,0,0,0,IaaS,Private Cloud,AWS
79.98,startup,high,basic,eu,235,13.04,99.81,0,1,0,1,0,0,1,PaaS,Public Cloud,GCP
2529.59,enterprise,low,moderate,us,211,26.58,96.43,1,0,0,0,0,0,0,IaaS,Private Cloud,AWS
345.97,startup,low,basic,us,144,41.78,99.63,0,1,0,0,0,0,1,PaaS,Public Cloud,AWS
271.62,webapp,high,basic,us,153,2.62,99.67,0,0,0,0,0,1,1,PaaS,Public Cloud,AWS
595.96,webapp,high,moderate,us,103,20.72,99.49,1,0,0,0,0,0,1,IaaS,Public Cloud,AWS
35916.16,enterprise,medium,moderate,asia,203,10.9,97.12,0,1,0,0,0,0,0,IaaS,Hybrid Cloud,AWS
347.36,startup,medium,moderate,asia,88,23.57,98.57,1,1,0,1,0,0,1,PaaS,Public Cloud,GCP
2060.73,ml,medium,basic,asia,254,296.17,99.44,0,1,0,0,1,0,0,IaaS,Public Cloud,GCP
240.89,startup,high,basic,us,237,27.75,95.28,0,0,0,1,0,1,1,PaaS,Public Cloud,GCP
109.46,startup,high,high,asia,390,27.59,98.62,1,0,0,1,0,0,1,IaaS,Public Cloud,GCP
1401.43,ml,low,moderate,eu,104,201.4,98.24,0,0,0,0,1,0,0,IaaS,Private Cloud,GCP
1238.03,ml,low,moderate,asia,374,46.78,97.43,1,1,0,0,1,0,0,IaaS,Hybrid Cloud,GCP
1432.99,ml,medium,moderate,eu,464,19.43,95.28,0,1,0,0,1,0,0,IaaS,Hybrid Cloud,GCP
853.96,startup,low,basic,eu,459,34.05,97.12,0,0,0,0,0,0,1,PaaS,Public Cloud,AWS
1314.57,webapp,low,moderate,asia,257,2.83,98.71,1,0,0,1,0,0,1,IaaS,Private Cloud,GCP
746.84,webapp,medium,moderate,asia,272,518.18,99.61,0,0,0,0,0,0,1,PaaS,Public Cloud,AWS
510.27,webapp,high,basic,eu,19,24.67,96.6,0,0,0,1,0,1,1,PaaS,Public Cloud,GCP
1532.65,enterprise,high,high,us,408,10.82,99.36,1,0,1,0,0,0,0,IaaS,Hybrid Cloud,Azure
1352.07,webapp,high,basic,asia,128,107.19,95.49,0,0,0,1,0,1,1,PaaS,Public Cloud,GCP
37932.22,enterprise,high,moderate,eu,379,23.56,99.6,0,0,1,0,0,1,0,IaaS,Hybrid Cloud,Azure
750.57,startup,medium,high,us,419,50.44,95.26,1,1,0,0,0,0,1,IaaS,Hybrid Cloud,AWS
2030.96,enterprise,high,basic,eu,382,9.9,95.56,0,0,1,0,0,1,0,SaaS,Public Cloud,Azure
111.1,startup,medium,high,us,152,394.32,95.76,1,0,0,0,0,0,1,IaaS,Private Cloud,AWS
112.12,startup,low,basic,eu,390,47.06,99.61,0,0,0,0,0,0,1,PaaS,Public Cloud,GCP
615.25,enterprise,low,basic,us,344,41.84,97.59,0,0,1,0,0,0,0,SaaS,Public Cloud,Azure
749.36,startup,high,moderate,asia,488,37.37,97.0,0,0,0,0,0,0,1,PaaS,Public Cloud,AWS
2427.86,enterprise,medium,moderate,us,491,25.03,98.53,0,1,1,0,0,0,0,IaaS,Hybrid Cloud,Azure
2547.64,ml,medium,moderate,eu,18,22.66,95.44,1,0,0,0,1,0,0,IaaS,Private Cloud,Azure
261.82,startup,high,moderate,us,458,15.17,97.39,1,1,0,1,0,1,1,IaaS,Public Cloud,GCP
1469.77,enterprise,medium,high,us,305,45.1,96.92,1,1,0,0,0,0,0,IaaS,Hybrid Cloud,AWS
8807.77,enterprise,high,moderate,asia,474,20.22,95.98,1,0,1,0,0,0,0,IaaS,Hybrid Cloud,Azure
155.72,startup,high,basic,eu,223,49.83,95.92,0,0,0,1,0,1,1,PaaS,Public Cloud,GCP
33120.9,ml,medium,moderate,us,172,12.7,97.09,0,1,0,0,1,0,0,IaaS,Hybrid Cloud,GCP
3407.61,enterprise,medium,moderate,asia,241,197.22,99.43,0,0,1,0,0,0,0,IaaS,Hybrid Cloud,Azure
10659.01,enterprise,medium,high,us,191,9.91,95.95,1,0,0,0,0,0,0,IaaS,Private Cloud,AWS
12334.98,enterprise,low,basic,us,61,3.65,97.33,0,1,0,0,0,0,0,IaaS,Hybrid Cloud,AWS
5914.03,enterprise,medium,basic,us,472,8.43,95.72,0,0,1,0,0,0,0,SaaS,Public Cloud,Azure
586.34,startup,high,moderate,eu,409,619.02,99.68,1,0,0,0,0,1,1,IaaS,Public Cloud,AWS
449.51,startup,medium,basic,asia,21,683.39,99.54,0,0,0,1,0,0,1,PaaS,Public Cloud,GCP
1049.79,webapp,medium,moderate,eu,27,6.49,97.53,1,0,0,1,0,0,1,PaaS,Private Cloud,Azure
2679.42,enterprise,high,moderate,eu,294,42.1,99.56,1,0,1,0,0,1,0,IaaS,Hybrid Cloud,Azure
295.84,startup,medium,basic,eu,402,144.17,97.3,0,0,0,1,0,0,1,PaaS,Public Cloud,GCP
1770.33,webapp,high,moderate,asia,144,1276.75,96.71,1,0,0,0,0,0,1,IaaS,Public Cloud,AWS
218.71,startup,medium,moderate,us,100,12.76,95.33,0,1,0,1,0,0,1,PaaS,Public Cloud,GCP
677.02,webapp,medium,high,us,26,251.73,95.73,1,0,0,0,0,0,1,IaaS,Private Cloud,AWS
181.79,webapp,medium,moderate,asia,56,62.97,95.58,0,0,0,0,0,0,1,PaaS,Public Cloud,GCP
151.23,webapp,low,moderate,us,394,148.38,96.69,0,1,0,1,0,0,1,PaaS,Public Cloud,GCP
7343.1,enterprise,high,high,eu,256,17.48,99.28,1,0,0,0,0,1,0,IaaS,Hybrid Cloud,Azure
1811.21,enterprise,medium,basic,asia,114,196.8,98.85,0,1,0,0,0,0,0,IaaS,Hybrid Cloud,AWS
995.99,enterprise,high,basic,asia,246,9.12,98.21,0,1,0,0,0,1,0,IaaS,Public Cloud,AWS
916.96,ml,high,moderate,asia,327,13.3,96.45,0,1,0,0,1,0,0,IaaS,Public Cloud,GCP
132.68,startup,medium,moderate,us,202,175.78,98.51,0,1,0,1,0,0,1,PaaS,Public Cloud,GCP
693.14,startup,low,high,us,219,51.8,98.83,1,0,0,0,0,0,1,IaaS,Private Cloud,AWS
442.36,webapp,medium,basic,us,75,14.64,97.43,0,0,0,1,0,0,1,PaaS,Public Cloud,GCP
626.62,startup,low,moderate,asia,315,19.71,95.19,0,0,0,0,0,0,1,PaaS,Public Cloud,AWS
19364.75,enterprise,low,high,asia,215,27.5,95.18,1,0,1,0,0,0,0,IaaS,Private Cloud,Azure
4423.5,enterprise,high,moderate,eu,415,39.46,97.1,0,0,0,0,0,1,0,IaaS,Public Cloud,AWS
455.92,webapp,medium,high,asia,391,6.9,95.13,1,1,0,0,0,0,1,IaaS,Hybrid Cloud,GCP
2224.41,enterprise,high,basic,us,95,128.85,97.98,0,0,1,0,0,1,0,SaaS,Public Cloud,Azure
190.7,webapp,high,basic,eu,154,44.19,95.29,0,0,0,0,0,1,1,PaaS,Public Cloud,AWS
333.54,webapp,high,moderate,asia,82,169.83,99.61,0,0,0,1,0,0,1,PaaS,Public Cloud,GCP
815.9,webapp,low,moderate,asia,69,119.98,97.38,0,0,0,0,0,0,1,PaaS,Public Cloud,AWS
664.15,webapp,medium,basic,us,58,97.15,96.4,0,1,0,0,0,0,1,PaaS,Public Cloud,AWS
591.44,startup,medium,moderate,asia,238,484.41,98.83,1,0,0,1,0,0,1,IaaS,Public Cloud,GCP
368.97,startup,high,moderate,us,292,2.09,98.45,0,0,0,0,0,1,1,PaaS,Public Cloud,AWS
20143.47,enterprise,low,basic,asia,150,25.04,98.53,0,0,0,0,0,0,0,IaaS,Private Cloud,AWS
22346.44,enterprise,low,moderate,eu,225,20.9,95.88,0,0,1,0,0,0,0,IaaS,Hybrid Cloud,Azure
58.54,webapp,medium,basic,asia,32,175.06,96.22,0,1,0,0,0,0,1,PaaS,Public Cloud,GCP
900.13,webapp,medium,moderate,eu,461,38.86,95.51,0,0,0,1,0,0,1,PaaS,Public Cloud,GCP
175.19,startup,high,moderate,asia,138,47.44,99.45,0,0,0,0,0,1,1,PaaS,Public Cloud,GCP
554.18,webapp,high,basic,eu,287,1.98,99.77,0,1,0,0,0,1,1,PaaS,Public Cloud,AWS
259.44,startup,medium,moderate,us,351,469.51,95.52,1,0,0,0,0,0,1,PaaS,Public Cloud,AWS
322.48,ml,low,moderate,us,466,31.1,95.78,1,1,0,0,1,0,0,IaaS,Hybrid Cloud,GCP
568.87,webapp,medium,basic,asia,211,29.62,95.62,0,1,0,1,0,0,1,PaaS,Public Cloud,GCP
4876.2,enterprise,medium,basic,asia,265,8.52,98.01,0,0,0,0,0,0,0,SaaS,Public Cloud,AWS
402.06,webapp,high,moderate,asia,394,34.93,97.14,0,1,0,1,0,0,1,PaaS,Public Cloud,GCP
994.93,startup,low,high,us,485,9.76,96.25,1,0,0,1,0,0,1,IaaS,Private Cloud,GCP
4601.11,enterprise,low,high,eu,281,32.82,95.97,1,0,1,0,0,0,0,IaaS,Private Cloud,Azure
34574.46,ml,low,high,eu,147,112.84,98.09,1,0,0,0,1,0,0,IaaS,Private Cloud,Azure
465.66,enterprise,high,high,us,241,331.39,99.23,1,0,1,0,0,1,0,IaaS,Private Cloud,Azure
682.18,startup,high,high,us,394,26.79,95.38,1,0,0,0,0,1,1,IaaS,Public Cloud,AWS
451.14,startup,medium,moderate,us,414,56.3,96.64,1,0,0,0,0,0,1,PaaS,Public Cloud,AWS
150.28,startup,low,basic,eu,416,513.69,97.54,0,1,0,0,0,0,1,PaaS,Public Cloud,GCP
91.3,startup,low,basic,eu,437,87.33,99.9,0,1,0,1,0,0,1,PaaS,Public Cloud,GCP
10744.65,ml,medium,moderate,eu,130,49.44,99.14,1,1,0,0,1,0,0,IaaS,Hybrid Cloud,Azure
443.8,startup,medium,high,eu,10,70.72,99.43,1,1,0,0,0,0,1,IaaS,Hybrid Cloud,Azure
426.06,webapp,medium,basic,us,195,9.11,95.34,0,0,0,1,0,0,1,PaaS,Public Cloud,GCP
94.89,webapp,low,basic,us,138,10.76,95.9,0,0,0,0,0,0,1,PaaS,Public Cloud,AWS
5244.44,enterprise,low,high,us,433,84.26,99.51,1,0,0,0,0,0,0,IaaS,Private Cloud,AWS
707.41,startup,medium,high,asia,334,96.44,95.49,1,1,0,0,0,0,1,IaaS,Hybrid Cloud,AWS
228.57,startup,medium,basic,eu,96,358.42,95.28,0,0,0,1,0,0,1,PaaS,Public Cloud,GCP
7791.41,enterprise,high,basic,us,253,1.99,98.55,0,1,1,0,0,1,0,IaaS,Public Cloud,Azure
516.04,webapp,medium,basic,us,173,70.72,97.25,0,0,0,1,0,0,1,PaaS,Public Cloud,GCP
188.5,startup,low,basic,eu,322,983.77,96.32,0,0,0,1,0,0,1,PaaS,Public Cloud,GCP
50.0,startup,high,moderate,us,80,105.05,98.34,1,1,0,1,0,1,1,PaaS,Public Cloud,GCP
511.74,webapp,high,basic,us,143,27.24,98.48,0,0,0,0,0,1,1,PaaS,Public Cloud,AWS
2789.47,enterprise,low,high,us,458,137.39,95.45,1,1,0,0,0,0,0,IaaS,Private Cloud,AWS
476.1,webapp,high,high,asia,105,7.4,97.62,1,0,0,0,0,0,1,IaaS,Private Cloud,GCP
1206.5,webapp,medium,basic,asia,148,29.15,99.16,0,1,0,1,0,0,1,PaaS,Public Cloud,GCP
1179.83,webapp,medium,moderate,eu,245,230.54,98.2,1,0,0,1,0,0,1,IaaS,Hybrid Cloud,Azure
692.19,startup,medium,moderate,asia,232,48.32,98.73,0,0,0,0,0,0,1,PaaS,Public Cloud,AWS
3855.97,ml,high,moderate,asia,437,45.19,99.14,0,0,0,0,1,1,0,IaaS,Public Cloud,GCP
10521.89,ml,medium,moderate,us,293,197.92,96.48,0,0,0,0,1,0,0,IaaS,Public Cloud,GCP
143.4,startup,medium,basic,us,386,95.28,97.62,0,0,0,0,0,0,1,PaaS,Public Cloud,AWS
1227.64,webapp,medium,high,asia,260,26.91,99.18,1,0,0,1,0,0,1,IaaS,Private Cloud,GCP
2093.72,webapp,medium,high,asia,489,136.4,99.21,1,0,0,0,0,0,0,IaaS,Private Cloud,GCP
279.9,enterprise,high,moderate,eu,434,44.9,98.08,1,0,1,0,0,1,0,IaaS,Public Cloud,Azure
2374.24,enterprise,low,basic,eu,99,326.91,95.12,0,0,0,0,0,0,0,SaaS,Public Cloud,Azure
2050.35,webapp,low,moderate,us,374,312.95,99.37,1,0,0,1,0,0,0,IaaS,Private Cloud,GCP
235.71,webapp,medium,moderate,eu,30,115.89,98.21,0,1,0,0,0,0,1,PaaS,Public Cloud,GCP
644.16,ml,medium,basic,asia,168,811.9,96.05,0,0,0,0,1,0,0,IaaS,Public Cloud,GCP
245.05,webapp,medium,moderate,eu,359,34.47,99.38,0,1,0,0,0,0,1,PaaS,Public Cloud,GCP
463.25,webapp,high,high,us,292,9.22,95.52,1,0,0,1,0,1,1,IaaS,Private Cloud,GCP
97.51,startup,medium,moderate,asia,418,72.25,96.58,0,1,0,0,0,0,1,PaaS,Public Cloud,GCP
6737.85,ml,medium,basic,asia,356,27.6,97.72,0,0,0,0,1,0,0,IaaS,Public Cloud,GCP
441.23,startup,medium,moderate,us,191,242.9,98.93,0,1,0,1,0,0,1,PaaS,Public Cloud,GCP
6276.89,ml,high,basic,eu,146,91.8,95.77,0,0,0,0,1,1,0,IaaS,Public Cloud,GCP
51.02,webapp,high,moderate,eu,414,280.62,97.28,0,0,0,1,0,1,1,PaaS,Public Cloud,GCP
1660.87,ml,low,basic,us,467,123.72,97.3,0,0,0,0,1,0,0,IaaS,Public Cloud,GCP
8872.1,enterprise,high,moderate,us,457,2.14,96.67,1,0,1,0,0,0,0,IaaS,Hybrid Cloud,Azure
272.79,startup,medium,moderate,eu,485,785.79,98.19,0,1,0,1,0,0,1,PaaS,Public Cloud,GCP
708.24,startup,high,high,us,284,68.81,95.46,1,0,0,1,0,1,1,IaaS,Public Cloud,AWS
5324.5,enterprise,low,high,eu,33,46.73,98.41,1,0,0,0,0,0,0,IaaS,Private Cloud,Azure
101.28,startup,medium,moderate,eu,188,81.78,98.93,0,1,0,1,0,0,1,PaaS,Public Cloud,GCP
1409.93,webapp,low,high,eu,396,7.82,98.39,1,1,0,1,0,0,1,IaaS,Private Cloud,Azure
449.94,webapp,high,moderate,us,53,35.79,98.38,1,0,0,0,0,1,1,PaaS,Public Cloud,AWS
208.53,startup,high,basic,asia,420,7.88,96.62,0,0,0,1,0,1,1,PaaS,Public Cloud,GCP
5014.62,enterprise,medium,moderate,eu,484,130.15,96.05,0,0,1,0,0,0,0,IaaS,Hybrid Cloud,Azure
543.96,startup,medium,moderate,eu,12,56.29,97.06,1,1,0,1,0,0,1,IaaS,Public Cloud,Azure
353.98,startup,medium,moderate,us,97,126.2,95.97,0,1,0,0,0,0,1,PaaS,Public Cloud,AWS
141.73,startup,medium,basic,us,14,76.01,95.52,0,0,0,1,0,0,1,PaaS,Public Cloud,GCP
289.03,webapp,high,high,asia,230,25.7,95.74,1,0,0,1,0,1,1,IaaS,Private Cloud,GCP
2744.85,enterprise,medium,basic,asia,12,29.78,99.71,0,0,1,0,0,0,0,SaaS,Public Cloud,Azure
454.7,enterprise,low,basic,us,314,453.05,99.28,0,1,0,0,0,0,0,SaaS,Public Cloud,AWS
4922.0,enterprise,medium,moderate,asia,72,17.23,98.23,0,0,1,0,0,0,0,IaaS,Hybrid Cloud,Azure
69.92,startup,low,moderate,asia,251,13.86,97.77,1,1,0,1,0,0,1,IaaS,Public Cloud,GCP
866.76,startup,high,moderate,us,431,313.85,95.33,0,1,0,1,0,1,1,IaaS,Public Cloud,AWS
1404.44,enterprise,high,basic,eu,385,3.13,98.98,0,1,1,0,0,1,0,IaaS,Public Cloud,Azure
94.41,startup,high,moderate,eu,416,90.6,99.75,0,0,0,1,0,1,1,PaaS,Public Cloud,GCP
8525.96,enterprise,high,moderate,asia,451,44.89,96.61,0,1,1,0,0,1,0,IaaS,Hybrid Cloud,Azure
92.11,startup,low,high,us,493,3.22,98.82,1,0,0,1,0,0,1,IaaS,Private Cloud,GCP
205.92,startup,high,basic,eu,22,92.25,97.38,0,0,0,0,0,1,1,PaaS,Public Cloud,AWS
1062.05,webapp,medium,moderate,eu,176,35.27,98.67,1,1,0,1,0,0,1,IaaS,Hybrid Cloud,Azure
3895.76,enterprise,medium,high,asia,355,20.16,99.13,1,1,1,0,0,0,0,IaaS,Hybrid Cloud,Azure
498.96,webapp,high,high,asia,211,149.35,99.06,1,1,0,1,0,1,1,IaaS,Hybrid Cloud,GCP
118.78,startup,medium,basic,us,8,40.61,97.28,0,1,0,0,0,0,1,SaaS,Public Cloud,AWS
122.59,startup,low,high,eu,442,312.28,97.07,1,1,0,1,0,0,1,IaaS,Private Cloud,GCP
6064.05,enterprise,medium,basic,asia,278,304.05,99.45,0,0,1,0,0,0,0,SaaS,Public Cloud,Azure
208.18,webapp,medium,basic,eu,90,20.76,97.8,0,0,0,1,0,0,1,PaaS,Public Cloud,GCP
274.19,startup,medium,basic,us,234,62.38,95.5,0,0,0,0,0,0,1,PaaS,Public Cloud,AWS
257.81,startup,medium,moderate,eu,36,95.39,98.63,0,1,0,1,0,0,1,PaaS,Public Cloud,GCP
258.08,webapp,high,high,eu,84,29.84,99.3,1,0,0,0,0,0,1,IaaS,Private Cloud,Azure
288.61,startup,low,moderate,us,418,162.12,99.06,0,0,0,0,0,0,1,PaaS,Public Cloud,AWS
93.47,startup,high,high,asia,17,2377.71,98.59,1,0,0,0,0,0,1,IaaS,Public Cloud,AWS
253.12,webapp,high,basic,asia,145,17.67,96.4,0,1,0,0,0,0,1,PaaS,Public Cloud,GCP
8099.31,enterprise,high,moderate,asia,207,53.18,96.72,0,1,1,0,0,0,0,IaaS,Hybrid Cloud,Azure
182.64,startup,medium,basic,eu,214,82.55,95.63,0,0,0,0,0,0,1,PaaS,Public Cloud,AWS
282.25,webapp,low,basic,asia,233,5.33,97.26,0,0,0,0,0,0,1,PaaS,Public Cloud,GCP
268.72,webapp,high,basic,eu,139,68.5,96.25,0,0,0,1,0,0,1,PaaS,Public Cloud,GCP
1245.59,enterprise,medium,moderate,asia,89,348.99,96.05,0,0,0,0,0,0,0,SaaS,Hybrid Cloud,AWS
693.18,startup,medium,basic,asia,143,17.47,96.91,0,1,0,0,0,0,1,PaaS,Public Cloud,AWS
148.53,webapp,high,high,us,291,196.89,98.92,1,1,0,0,0,1,1,IaaS,Hybrid Cloud,AWS
241.8,startup,high,moderate,us,438,10.48,98.58,0,0,0,0,0,1,1,PaaS,Public Cloud,AWS
377.53,webapp,medium,moderate,eu,43,249.77,95.06,1,0,0,1,0,0,1,PaaS,Public Cloud,GCP
518.06,webapp,low,moderate,us,57,8.6,98.08,1,0,0,1,0,0,1,PaaS,Private Cloud,AWS
5528.42,enterprise,medium,moderate,us,328,166.66,99.36,0,1,0,0,0,0,0,IaaS,Hybrid Cloud,AWS
10900.01,enterprise,medium,basic,asia,354,124.1,95.91,0,0,0,0,0,0,0,IaaS,Public Cloud,AWS
1317.45,webapp,medium,moderate,us,472,63.73,96.17,1,0,0,0,0,0,1,IaaS,Private Cloud,AWS
456.9,startup,medium,basic,us,377,97.08,98.21,0,0,0,1,0,0,1,PaaS,Public Cloud,GCP
194.37,startup,medium,high,us,125,145.13,95.02,1,0,0,1,0,0,1,IaaS,Private Cloud,GCP
2667.5,webapp,medium,basic,us,122,1.79,98.7,0,1,0,1,0,0,0,PaaS,Public Cloud,GCP
311.8,webapp,medium,high,eu,54,96.83,99.66,1,0,0,0,0,0,1,IaaS,Private Cloud,Azure
591.22,webapp,high,high,us,109,993.89,95.8,1,1,0,0,0,1,1,IaaS,Hybrid Cloud,AWS
78.56,startup,high,moderate,us,9,0.79,95.52,0,1,0,1,0,1,1,PaaS,Public Cloud,GCP
6436.33,enterprise,low,high,eu,108,272.34,96.07,1,0,1,0,0,0,0,IaaS,Private Cloud,Azure
6236.99,enterprise,high,basic,us,32,79.81,97.43,0,1,1,0,0,1,0,SaaS,Public Cloud,Azure
235.01,webapp,low,moderate,us,268,18.99,99.88,1,0,0,1,0,0,1,PaaS,Public Cloud,GCP
628.15,startup,high,basic,asia,453,3.05,96.44,0,1,0,0,0,1,1,PaaS,Public Cloud,AWS
352.39,webapp,high,moderate,eu,59,36.02,99.4,1,1,0,0,0,1,1,PaaS,Public Cloud,Azure
556.66,startup,medium,basic,us,225,92.81,99.63,0,0,0,0,0,0,1,PaaS,Public Cloud,AWS
145.8,webapp,low,high,eu,209,32.25,95.72,1,0,0,0,0,0,1,IaaS,Private Cloud,Azure
470.3,webapp,high,basic,eu,405,87.09,97.17,0,1,0,1,0,0,1,PaaS,Public Cloud,GCP
475.81,startup,high,moderate,asia,420,249.78,95.63,1,0,0,0,0,0,1,PaaS,Public Cloud,GCP
1597.5,ml,high,basic,eu,143,41.35,99.12,0,0,0,0,1,1,0,IaaS,Public Cloud,GCP
496.07,startup,medium,moderate,asia,15,62.39,95.92,0,0,0,1,0,0,1,PaaS,Public Cloud,GCP
76.92,startup,high,moderate,us,498,364.57,96.28,1,0,0,0,0,0,1,PaaS,Public Cloud,AWS
791.77,webapp,medium,high,asia,353,243.2,98.04,1,0,0,0,0,0,1,IaaS,Private Cloud,AWS
1445.28,webapp,high,basic,us,124,42.83,98.47,0,1,0,0,0,0,1,PaaS,Public Cloud,AWS
77.18,webapp,medium,moderate,eu,116,183.72,99.34,0,0,0,0,0,0,1,PaaS,Public Cloud,GCP
843.94,webapp,medium,high,asia,458,5.35,96.51,1,1,0,1,0,0,1,IaaS,Hybrid Cloud,GCP
1137.23,startup,medium,moderate,us,9,193.43,96.83,1,0,0,1,0,0,1,PaaS,Public Cloud,AWS
235.09,webapp,medium,high,us,386,16.78,96.32,1,0,0,1,0,0,1,IaaS,Private Cloud,GCP
144.93,startup,medium,moderate,asia,151,15.55,99.46,0,0,0,1,0,0,1,PaaS,Public Cloud,GCP
169.41,startup,medium,high,us,363,42.36,98.85,1,1,0,0,0,0,1,IaaS,Hybrid Cloud,AWS
119.09,startup,low,basic,eu,67,42.02,95.05,0,0,0,1,0,0,1,PaaS,Public Cloud,GCP
4532.18,enterprise,medium,moderate,eu,284,49.81,95.16,1,1,0,0,0,0,0,IaaS,Hybrid Cloud,Azure
1457.89,webapp,medium,moderate,eu,209,136.33,99.58,1,0,0,1,0,0,1,IaaS,Hybrid Cloud,Azure
6458.33,enterprise,low,basic,us,154,19.04,98.06,0,0,0,0,0,0,0,SaaS,Public Cloud,AWS
145.35,webapp,low,moderate,asia,18,47.89,99.6,1,0,0,1,0,0,1,PaaS,Private Cloud,GCP
963.69,webapp,low,moderate,us,228,19.33,96.25,1,0,0,0,0,0,1,IaaS,Private Cloud,AWS
109.39,webapp,medium,high,eu,340,19.6,97.29,1,1,0,0,0,0,1,IaaS,Hybrid Cloud,Azure
439.77,webapp,high,moderate,us,93,5.07,97.55,1,0,0,1,0,0,1,PaaS,Public Cloud,GCP
249.1,startup,medium,moderate,us,424,46.66,96.4,0,0,0,1,0,0,1,PaaS,Public Cloud,GCP
2135.43,enterprise,medium,moderate,eu,346,45.96,95.53,0,0,0,0,0,0,0,IaaS,Hybrid Cloud,Azure
1127.03,webapp,high,moderate,eu,337,440.47,96.96,0,0,0,1,0,1,1,PaaS,Public Cloud,GCP
1521.27,ml,low,high,us,347,263.69,98.39,1,1,0,0,1,0,0,IaaS,Private Cloud,GCP
351.54,startup,high,high,asia,421,2839.93,97.76,1,1,0,1,0,0,1,IaaS,Hybrid Cloud,GCP
145.83,startup,low,high,asia,404,2720.63,95.57,1,1,0,0,0,0,1,IaaS,Private Cloud,AWS
9693.05,enterprise,high,high,us,481,66.38,98.28,1,0,0,0,0,0,0,IaaS,Hybrid Cloud,AWS
629.27,webapp,high,high,us,151,4.82,99.86,1,0,0,0,0,0,1,IaaS,Private Cloud,AWS
957.2,enterprise,high,moderate,us,332,383.45,97.16,0,0,1,0,0,1,0,IaaS,Public Cloud,Azure
1020.57,webapp,medium,high,asia,12,136.95,97.24,1,1,0,1,0,0,1,IaaS,Hybrid Cloud,GCP
289.25,webapp,medium,moderate,eu,390,2.6,98.51,0,1,0,1,0,0,1,PaaS,Public Cloud,GCP
641.0,webapp,medium,moderate,us,161,25.42,97.64,0,0,0,1,0,0,1,PaaS,Public Cloud,GCP
1285.71,enterprise,low,moderate,asia,327,102.62,99.49,1,1,1,0,0,0,0,IaaS,Hybrid Cloud,Azure
234.97,startup,medium,high,asia,120,94.25,97.82,1,1,0,0,0,0,1,IaaS,Hybrid Cloud,GCP
3945.43,enterprise,medium,moderate,eu,269,81.56,97.66,0,1,1,0,0,0,0,IaaS,Hybrid Cloud,Azure
154.52,webapp,high,basic,asia,141,221.52,95.28,0,0,0,0,0,0,1,PaaS,Public Cloud,GCP
549.89,webapp,high,basic,eu,294,6.98,98.92,0,0,0,0,0,1,1,PaaS,Public Cloud,AWS
734.68,webapp,medium,basic,eu,159,15.59,98.89,0,1,0,0,0,0,1,PaaS,Public Cloud,AWS
194.88,webapp,low,moderate,us,317,14.43,95.85,0,0,0,1,0,0,1,PaaS,Public Cloud,GCP
380.66,enterprise,medium,high,asia,419,27.21,95.91,1,0,1,0,0,0,0,IaaS,Private Cloud,Azure
1877.16,ml,medium,basic,us,447,9.35,98.59,0,0,0,0,1,0,0,IaaS,Public Cloud,GCP
907.33,webapp,high,high,asia,312,7.31,95.26,1,0,0,0,0,1,1,IaaS,Private Cloud,AWS
589.66,webapp,medium,basic,us,191,20.38,99.91,0,0,0,0,0,0,1,PaaS,Public Cloud,AWS
965.81,enterprise,high,moderate,us,462,29.8,98.76,1,0,0,0,0,1,0,IaaS,Public Cloud,AWS
3012.3,enterprise,low,basic,us,384,60.96,99.29,0,0,1,0,0,0,0,SaaS,Public Cloud,Azure
488.25,webapp,medium,moderate,us,289,8.91,99.92,0,1,0,1,0,0,1,PaaS,Public Cloud,GCP
167.9,webapp,high,moderate,eu,229,39.72,96.02,1,0,0,1,0,1,1,PaaS,Public Cloud,GCP
444.74,ml,medium,high,eu,106,23.58,99.21,1,0,0,0,1,0,0,IaaS,Private Cloud,GCP
1982.09,enterprise,medium,moderate,us,59,124.19,98.11,0,1,1,0,0,0,0,IaaS,Hybrid Cloud,Azure
1073.66,webapp,low,high,asia,100,274.45,97.28,1,1,0,1,0,0,1,IaaS,Private Cloud,GCP
202.27,startup,low,high,asia,325,9.19,99.48,1,0,0,1,0,0,1,IaaS,Private Cloud,GCP
1241.34,enterprise,medium,basic,us,131,14.33,96.52,0,1,1,0,0,0,0,IaaS,Hybrid Cloud,Azure
134.8,webapp,low,moderate,asia,418,17.98,96.1,0,1,0,0,0,0,1,PaaS,Public Cloud,GCP
6287.09,ml,medium,high,us,181,154.51,97.24,1,0,0,0,1,0,0,IaaS,Private Cloud,GCP
490.79,startup,high,basic,asia,237,29.17,96.47,0,1,0,0,0,1,1,PaaS,Public Cloud,GCP
382.27,webapp,medium,basic,asia,123,21.94,97.79,0,0,0,0,0,0,1,PaaS,Public Cloud,GCP
51819.5,enterprise,low,moderate,us,237,21.75,98.56,0,0,1,0,0,0,0,IaaS,Hybrid Cloud,Azure
1372.72,enterprise,high,basic,eu,356,7.33,97.83,0,0,0,0,0,1,0,SaaS,Public Cloud,AWS
238.12,webapp,high,high,asia,47,52.74,98.94,1,0,0,1,0,1,1,IaaS,Private Cloud,GCP
1034.37,webapp,medium,high,eu,87,113.55,99.22,1,0,0,1,0,0,1,IaaS,Private Cloud,Azure
1031.08,webapp,high,high,eu,383,308.03,98.88,1,0,0,0,0,1,1,IaaS,Private Cloud,AWS
2714.42,ml,medium,moderate,eu,270,461.25,96.37,0,0,0,0,1,0,0,IaaS,Public Cloud,GCP
336.34,startup,low,basic,us,259,877.98,96.9,0,0,0,1,0,0,1,PaaS,Public Cloud,GCP
417.33,webapp,medium,moderate,asia,172,72.99,95.66,0,0,0,0,0,0,1,PaaS,Public Cloud,GCP
34986.96,enterprise,high,moderate,eu,264,29.35,99.14,0,0,1,0,0,0,0,IaaS,Hybrid Cloud,Azure
1602.39,ml,high,high,eu,309,52.73,96.75,1,0,0,0,1,0,0,IaaS,Private Cloud,GCP
1341.48,startup,high,basic,asia,268,124.01,95.65,0,1,0,1,0,1,1,PaaS,Public Cloud,GCP
1826.83,ml,high,high,us,141,41.08,97.87,1,0,0,0,1,1,0,IaaS,Private Cloud,GCP
1559.64,enterprise,high,high,us,348,29.22,99.14,1,1,1,0,0,0,0,IaaS,Hybrid Cloud,Azure
14589.18,enterprise,low,moderate,eu,85,40.13,97.9,0,1,0,0,0,0,0,IaaS,Hybrid Cloud,AWS
1502.17,enterprise,high,moderate,eu,97,13.25,99.09,0,0,1,0,0,1,0,IaaS,Public Cloud,Azure
122.24,startup,low,basic,eu,19,362.61,99.98,0,0,0,0,0,0,1,PaaS,Public Cloud,GCP
4714.54,enterprise,low,basic,us,168,46.32,98.67,0,0,0,0,0,0,0,SaaS,Public Cloud,AWS
483.09,webapp,low,high,us,70,567.48,99.01,1,0,0,0,0,0,1,PaaS,Private Cloud,AWS
283.95,startup,high,high,us,144,57.53,96.9,1,1,0,1,0,1,1,IaaS,Public Cloud,GCP
442.2,startup,high,moderate,eu,179,143.08,98.02,1,0,0,1,0,0,1,PaaS,Public Cloud,GCP
1042.07,webapp,low,basic,us,392,7.01,96.43,0,0,0,1,0,0,1,PaaS,Public Cloud,GCP
2761.01,enterprise,medium,basic,asia,464,249.58,99.48,0,1,1,0,0,0,0,IaaS,Hybrid Cloud,Azure
264.81,startup,medium,moderate,eu,97,39.01,95.23,1,1,0,1,0,0,1,PaaS,Public Cloud,GCP
267.67,webapp,medium,high,asia,180,4.39,99.94,1,0,0,0,0,0,1,IaaS,Private Cloud,GCP
1700.53,webapp,low,basic,asia,311,45.47,99.62,0,1,0,1,0,0,1,PaaS,Public Cloud,GCP
2617.02,ml,medium,basic,us,222,38.24,96.76,0,1,0,0,1,0,0,IaaS,Public Cloud,GCP
299.58,webapp,medium,basic,eu,219,30.39,97.36,0,0,0,1,0,0,1,PaaS,Public Cloud,GCP
434.21,startup,high,high,asia,60,18.58,99.79,1,0,0,1,0,0,1,IaaS,Public Cloud,GCP
50.0,startup,medium,moderate,eu,196,106.78,97.06,1,0,0,1,0,0,1,PaaS,Public Cloud,GCP
480.02,webapp,high,moderate,asia,495,62.43,95.69,0,1,0,0,0,1,1,PaaS,Public Cloud,GCP
682.74,webapp,medium,moderate,asia,207,28.09,99.62,0,0,0,0,0,0,1,PaaS,Public Cloud,AWS
9801.23,enterprise,high,moderate,asia,225,54.24,98.02,0,1,1,0,0,1,0,IaaS,Hybrid Cloud,Azure
10535.3,enterprise,high,high,eu,1,64.91,96.64,1,0,0,0,0,1,0,IaaS,Private Cloud,Azure
441.31,webapp,high,moderate,eu,476,1.85,97.0,0,1,0,1,0,0,1,PaaS,Public Cloud,GCP
406.41,startup,medium,moderate,eu,108,41.4,96.79,1,1,0,0,0,0,1,IaaS,Public Cloud,Azure
471.01,webapp,medium,moderate,eu,208,248.39,97.27,1,0,0,0,0,0,1,PaaS,Public Cloud,Azure
2488.68,ml,medium,moderate,us,74,5.66,95.01,1,1,0,0,1,0,0,IaaS,Hybrid Cloud,GCP
94.84,startup,high,high,eu,200,79.75,98.94,1,0,0,0,0,1,1,IaaS,Public Cloud,AWS
483.46,webapp,medium,basic,eu,160,43.46,96.77,0,0,0,0,0,0,1,PaaS,Public Cloud,AWS
4768.61,enterprise,low,high,eu,95,393.17,99.67,1,0,0,0,0,0,0,IaaS,Private Cloud,Azure
508.05,startup,high,moderate,us,4,385.11,97.56,1,1,0,0,0,0,1,PaaS,Public Cloud,AWS
3623.61,enterprise,high,moderate,eu,126,8.77,97.92,1,0,1,0,0,1,0,IaaS,Hybrid Cloud,Azure
94.69,startup,high,moderate,asia,96,25.52,96.92,0,1,0,1,0,1,1,PaaS,Public Cloud,GCP
587.74,webapp,medium,high,asia,110,120.56,99.61,1,1,0,0,0,0,1,IaaS,Hybrid Cloud,AWS
269.8,startup,low,basic,eu,329,12.21,96.27,0,1,0,1,0,0,1,PaaS,Public Cloud,GCP
224.17,webapp,medium,basic,us,365,482.52,95.07,0,1,0,1,0,0,1,PaaS,Public Cloud,GCP
1721.09,webapp,high,high,us,64,142.27,98.98,1,1,0,1,0,0,1,IaaS,Hybrid Cloud,GCP
1202.96,startup,medium,moderate,eu,337,52.83,97.49,0,0,0,0,0,0,1,PaaS,Public Cloud,AWS
1140.89,webapp,medium,basic,asia,273,45.79,95.72,0,0,0,1,0,0,1,PaaS,Public Cloud,GCP
1387.1,webapp,low,moderate,us,161,48.97,98.23,0,0,0,0,0,0,1,PaaS,Private Cloud,AWS
369.71,webapp,low,moderate,eu,84,34.2,95.54,1,0,0,0,0,0,1,PaaS,Private Cloud,Azure
1290.88,enterprise,high,moderate,asia,194,195.17,99.93,0,0,1,0,0,1,0,IaaS,Public Cloud,Azure
2112.78,enterprise,high,moderate,us,106,117.75,95.88,1,1,1,0,0,1,0,IaaS,Hybrid Cloud,Azure
3525.06,enterprise,medium,high,eu,205,150.59,95.22,1,1,0,0,0,0,0,IaaS,Hybrid Cloud,Azure
115.96,webapp,low,moderate,us,221,96.19,96.88,1,0,0,1,0,0,1,PaaS,Private Cloud,GCP
16513.73,enterprise,high,moderate,eu,424,21.07,98.18,1,1,0,0,0,1,0,IaaS,Hybrid Cloud,Azure
3485.43,enterprise,medium,high,asia,144,2.37,97.93,1,0,1,0,0,0,0,IaaS,Private Cloud,Azure
270.06,startup,low,high,eu,496,115.11,95.01,1,1,0,0,0,0,1,IaaS,Private Cloud,Azure
811.73,webapp,medium,high,asia,1,68.55,99.84,1,1,0,1,0,0,1,IaaS,Hybrid Cloud,GCP
2641.04,enterprise,medium,high,eu,181,154.51,95.94,1,0,1,0,0,0,0,IaaS,Private Cloud,Azure
3252.15,enterprise,low,moderate,us,198,45.88,96.45,0,1,0,0,0,0,0,IaaS,Hybrid Cloud,AWS
253.04,startup,high,moderate,us,122,118.25,98.87,1,0,0,1,0,0,1,PaaS,Public Cloud,GCP
650.78,ml,medium,high,asia,164,2.65,96.4,1,0,0,0,1,0,0,IaaS,Private Cloud,GCP
214.86,webapp,medium,moderate,eu,35,20.72,98.15,1,1,0,0,0,0,1,PaaS,Hybrid Cloud,Azure
1055.54,webapp,high,basic,eu,445,14.57,95.32,0,0,0,0,0,0,1,PaaS,Public Cloud,AWS
984.23,webapp,low,moderate,eu,365,274.1,98.67,1,0,0,1,0,0,1,IaaS,Private Cloud,Azure
2921.93,enterprise,low,moderate,asia,256,23.96,98.58,0,1,1,0,0,0,0,IaaS,Hybrid Cloud,Azure
524.18,webapp,high,basic,eu,59,34.05,98.99,0,1,0,0,0,1,1,PaaS,Public Cloud,AWS
1814.21,enterprise,low,basic,eu,258,147.13,99.3,0,1,1,0,0,0,0,IaaS,Hybrid Cloud,Azure
3252.02,ml,high,moderate,eu,107,2.5,95.84,0,1,0,0,1,1,0,IaaS,Public Cloud,GCP
1510.04,webapp,medium,basic,asia,486,4.08,98.93,0,0,0,1,0,0,1,PaaS,Public Cloud,GCP
408.85,startup,medium,moderate,asia,399,329.61,95.8,0,0,0,0,0,0,1,PaaS,Public Cloud,GCP
93.46,startup,medium,moderate,us,275,55.83,98.04,0,0,0,1,0,0,1,PaaS,Public Cloud,GCP
1069.07,webapp,high,high,us,56,710.84,99.69,1,0,0,0,0,0,1,IaaS,Private Cloud,AWS
11776.05,enterprise,medium,basic,eu,496,55.14,99.09,0,0,0,0,0,0,0,IaaS,Public Cloud,AWS
763.48,ml,medium,moderate,asia,485,7.74,97.11,1,1,0,0,1,0,0,IaaS,Hybrid Cloud,GCP
176.59,webapp,high,high,eu,289,209.29,98.02,1,0,0,1,0,1,1,IaaS,Private Cloud,GCP
2552.38,webapp,medium,high,us,353,98.18,98.23,1,0,0,1,0,0,0,IaaS,Private Cloud,GCP
111.57,startup,medium,basic,asia,41,24.86,99.84,0,1,0,0,0,0,1,PaaS,Public Cloud,GCP
82.85,startup,medium,basic,us,354,248.49,99.4,0,0,0,0,0,0,1,PaaS,Public Cloud,AWS
4223.72,enterprise,low,basic,eu,354,802.13,99.32,0,0,1,0,0,0,0,SaaS,Public Cloud,Azure
249.47,startup,high,moderate,asia,30,39.71,97.39,1,0,0,1,0,1,1,PaaS,Public Cloud,GCP
189.83,webapp,high,basic,us,200,26.92,95.31,0,1,0,0,0,1,1,PaaS,Public Cloud,AWS
121.13,startup,medium,basic,us,127,98.8,96.9,0,1,0,0,0,0,1,PaaS,Public Cloud,AWS
221.25,webapp,high,high,us,312,62.63,98.29,1,1,0,0,0,1,1,IaaS,Hybrid Cloud,AWS
421.63,webapp,high,basic,eu,12,42.53,95.79,0,0,0,1,0,0,1,PaaS,Public Cloud,GCP
1300.23,ml,low,basic,us,341,72.44,99.43,0,1,0,0,1,0,0,IaaS,Public Cloud,GCP
623.57,ml,high,basic,us,358,71.02,98.31,0,0,0,0,1,0,0,IaaS,Public Cloud,GCP
1542.31,webapp,medium,moderate,us,399,17.46,98.56,0,0,0,0,0,0,1,PaaS,Public Cloud,AWS
244.94,startup,medium,moderate,asia,201,158.54,99.78,0,0,0,0,0,0,1,PaaS,Public Cloud,GCP
6331.04,enterprise,medium,basic,eu,405,470.25,97.52,0,0,0,0,0,0,0,SaaS,Public Cloud,AWS
551.93,webapp,medium,high,us,249,60.7,98.49,1,0,0,0,0,0,1,IaaS,Private Cloud,AWS
1337.09,webapp,high,basic,asia,410,374.19,95.06,0,1,0,0,0,0,1,PaaS,Public Cloud,AWS
115.28,webapp,high,high,us,410,11.64,97.38,1,0,0,0,0,0,1,IaaS,Private Cloud,AWS
1016.21,webapp,high,moderate,us,83,9.26,97.44,0,0,0,0,0,0,1,PaaS,Public Cloud,AWS
973.49,webapp,high,moderate,eu,29,4.93,95.43,0,0,0,1,0,1,1,PaaS,Public Cloud,GCP
209.2,webapp,medium,high,asia,359,306.67,96.39,1,1,0,1,0,0,1,IaaS,Hybrid Cloud,GCP
4669.77,enterprise,medium,moderate,us,347,20.78,96.21,0,0,1,0,0,0,0,IaaS,Hybrid Cloud,Azure
118.84,startup,high,high,us,30,36.41,96.11,1,0,0,0,0,0,1,PaaS,Public Cloud,AWS
264.62,startup,high,high,us,316,81.12,95.47,1,1,0,1,0,1,1,IaaS,Public Cloud,GCP
2017.27,ml,medium,basic,asia,493,25.82,98.56,0,0,0,0,1,0,0,IaaS,Public Cloud,GCP
3746.46,ml,low,moderate,asia,156,7.88,96.34,1,1,0,0,1,0,0,IaaS,Hybrid Cloud,GCP
609.4,webapp,medium,basic,us,55,39.44,95.01,0,0,0,1,0,0,1,PaaS,Public Cloud,AWS
837.74,enterprise,low,moderate,eu,205,267.0,99.07,0,0,1,0,0,0,0,IaaS,Public Cloud,Azure
1149.25,enterprise,high,basic,asia,394,4.76,98.94,0,1,0,0,0,0,0,IaaS,Public Cloud,AWS
1082.38,webapp,low,high,asia,44,32.8,98.62,1,0,0,1,0,0,1,IaaS,Private Cloud,GCP
1888.76,webapp,high,high,eu,383,429.65,96.94,1,1,0,1,0,0,1,IaaS,Hybrid Cloud,Azure
2667.75,enterprise,low,moderate,us,267,60.41,97.23,0,1,0,0,0,0,0,IaaS,Hybrid Cloud,AWS
1569.43,startup,medium,basic,us,71,298.9,99.02,0,0,0,1,0,0,1,PaaS,Public Cloud,GCP
98.45,startup,high,basic,asia,471,8.91,98.3,0,1,0,1,0,0,1,PaaS,Public Cloud,GCP
50.0,startup,medium,high,us,448,12.0,97.9,1,1,0,0,0,0,1,IaaS,Hybrid Cloud,AWS
150.87,startup,low,high,eu,160,13.6,99.75,1,1,0,1,0,0,1,IaaS,Private Cloud,GCP
3057.26,webapp,medium,high,us,57,9.24,99.94,1,1,0,0,0,0,0,IaaS,Hybrid Cloud,AWS
2854.72,ml,medium,basic,asia,252,169.13,95.35,0,0,0,0,1,0,0,IaaS,Public Cloud,GCP
237.09,startup,low,basic,eu,17,500.34,95.1,0,0,0,0,0,0,1,PaaS,Public Cloud,GCP
2522.5,ml,medium,high,us,148,116.55,97.92,1,1,0,0,1,0,0,IaaS,Hybrid Cloud,GCP
189.19,webapp,low,moderate,us,25,300.85,95.21,0,0,0,0,0,0,1,PaaS,Public Cloud,AWS
420.48,startup,medium,basic,us,111,6.66,98.98,0,0,0,1,0,0,1,PaaS,Public Cloud,GCP
268.33,startup,high,basic,asia,474,83.6,95.62,0,0,0,0,0,1,1,PaaS,Public Cloud,GCP
481.56,enterprise,low,high,eu,81,25.45,96.7,1,1,0,0,0,0,0,IaaS,Hybrid Cloud,Azure
192.33,startup,high,basic,eu,446,98.85,96.22,0,0,0,0,0,1,1,PaaS,Public Cloud,AWS
475.85,webapp,medium,high,eu,159,302.65,97.16,1,1,0,1,0,0,1,IaaS,Hybrid Cloud,GCP
594.12,ml,medium,high,asia,379,49.29,95.02,1,0,0,0,1,0,0,IaaS,Private Cloud,GCP
787.36,webapp,high,basic,us,230,163.81,99.98,0,0,0,0,0,1,1,PaaS,Public Cloud,AWS
50.0,startup,medium,moderate,us,104,464.33,98.65,1,0,0,1,0,0,1,PaaS,Public Cloud,GCP
722.97,startup,high,moderate,eu,51,141.29,95.16,1,1,0,0,0,0,1,IaaS,Public Cloud,Azure
2509.89,enterprise,medium,moderate,asia,47,267.81,95.94,0,0,1,0,0,0,0,SaaS,Hybrid Cloud,Azure
879.09,webapp,high,high,asia,166,4467.93,96.42,1,1,0,1,0,1,1,IaaS,Hybrid Cloud,AWS
208.0,webapp,high,basic,us,191,7.13,98.19,0,0,0,1,0,0,1,PaaS,Public Cloud,GCP
565.36,startup,medium,moderate,eu,323,711.32,98.61,0,0,0,1,0,0,1,PaaS,Public Cloud,GCP
14051.05,ml,low,high,eu,420,455.4,98.94,1,0,0,0,1,0,0,IaaS,Private Cloud,Azure
280.15,startup,medium,basic,us,229,35.93,95.1,0,0,0,0,0,0,1,PaaS,Public Cloud,AWS
2541.7,enterprise,medium,basic,us,114,210.5,99.94,0,1,1,0,0,0,0,IaaS,Hybrid Cloud,Azure
1251.52,webapp,medium,high,us,17,10.25,96.95,1,1,0,0,0,0,1,IaaS,Hybrid Cloud,AWS
3142.39,ml,high,basic,asia,179,156.01,95.22,0,1,0,0,1,1,0,IaaS,Public Cloud,GCP
626.33,startup,low,moderate,eu,453,80.95,98.34,0,0,0,0,0,0,1,PaaS,Public Cloud,AWS
3125.68,enterprise,high,moderate,us,237,30.21,97.79,0,1,1,0,0,0,0,IaaS,Hybrid Cloud,Azure
720.96,webapp,medium,moderate,asia,133,129.73,96.33,0,0,0,0,0,0,1,PaaS,Public Cloud,AWS
1026.82,webapp,medium,basic,asia,489,529.9,96.5,0,1,0,0,0,0,1,PaaS,Public Cloud,AWS
516.27,webapp,high,moderate,eu,296,106.45,95.57,0,0,0,1,0,1,1,PaaS,Public Cloud,GCP
861.91,webapp,high,moderate,asia,426,46.98,96.42,0,1,0,0,0,1,1,IaaS,Public Cloud,AWS
62.47,startup,low,basic,us,388,41.01,96.42,0,0,0,1,0,0,1,PaaS,Public Cloud,GCP
319.03,startup,medium,basic,eu,486,64.79,96.56,0,0,0,0,0,0,1,PaaS,Public Cloud,GCP
374.67,startup,high,high,eu,129,105.18,99.96,1,1,0,1,0,0,1,IaaS,Hybrid Cloud,GCP
4381.65,enterprise,high,basic,us,21,17.44,97.33,0,1,1,0,0,1,0,SaaS,Public Cloud,Azure
245.59,startup,low,moderate,asia,62,20.81,95.35,0,0,0,1,0,0,1,PaaS,Public Cloud,GCP
393.59,webapp,low,basic,us,225,9.21,95.31,0,1,0,0,0,0,1,PaaS,Public Cloud,AWS
246.31,startup,low,moderate,asia,384,21.4,95.28,0,0,0,1,0,0,1,PaaS,Public Cloud,GCP
459.38,webapp,high,high,eu,373,42.64,98.0,1,0,0,0,0,0,1,IaaS,Private Cloud,Azure
11082.61,enterprise,high,moderate,eu,113,277.75,98.17,0,0,1,0,0,0,0,IaaS,Public Cloud,Azure
123.74,startup,medium,moderate,eu,290,350.14,99.0,0,1,0,1,0,0,1,PaaS,Public Cloud,GCP
162.58,startup,high,high,us,72,109.56,96.47,1,1,0,0,0,1,1,IaaS,Hybrid Cloud,AWS
1362.63,enterprise,medium,moderate,asia,226,185.41,99.31,0,0,1,0,0,0,0,IaaS,Hybrid Cloud,Azure
159.65,startup,medium,moderate,us,211,5.91,96.81,1,0,0,0,0,0,1,PaaS,Public Cloud,AWS
285.83,webapp,medium,basic,asia,176,158.33,98.23,0,0,0,1,0,0,1,PaaS,Public Cloud,GCP
263.66,startup,high,moderate,asia,75,0.99,96.12,1,0,0,1,0,1,1,PaaS,Public Cloud,GCP
2032.17,enterprise,high,moderate,eu,398,32.92,95.94,1,0,1,0,0,1,0,IaaS,Hybrid Cloud,Azure
945.88,webapp,low,moderate,us,285,32.53,96.68,1,0,0,1,0,0,1,IaaS,Public Cloud,AWS
214.33,startup,low,basic,asia,287,155.0,98.96,0,0,0,1,0,0,1,PaaS,Public Cloud,GCP
521.72,startup,low,high,asia,285,99.76,97.12,1,0,0,0,0,0,1,IaaS,Private Cloud,AWS
1902.61,enterprise,medium,high,asia,408,63.95,95.11,1,0,0,0,0,0,0,IaaS,Private Cloud,AWS
2673.76,enterprise,medium,moderate,asia,457,604.79,98.3,1,0,0,0,0,0,0,IaaS,Hybrid Cloud,AWS
117.72,webapp,low,basic,eu,335,13.26,98.95,0,1,0,0,0,0,1,PaaS,Public Cloud,AWS
6047.64,enterprise,low,moderate,us,135,134.59,96.77,0,1,1,0,0,0,0,IaaS,Hybrid Cloud,Azure
231.28,startup,medium,moderate,asia,270,597.41,98.49,0,0,0,1,0,0,1,PaaS,Public Cloud,GCP
4193.99,enterprise,medium,basic,eu,152,18.64,98.3,0,1,1,0,0,0,0,IaaS,Hybrid Cloud,Azure
245.52,webapp,high,high,eu,108,27.18,97.14,1,1,0,0,0,1,1,IaaS,Hybrid Cloud,Azure
580.42,webapp,high,basic,asia,426,74.13,96.66,0,1,0,1,0,0,1,PaaS,Public Cloud,GCP
61.35,webapp,medium,basic,us,350,1467.75,95.41,0,1,0,0,0,0,1,PaaS,Public Cloud,AWS
1500.0,webapp,medium,basic,eu,255,45.5,98.62,0,1,0,0,0,0,1,PaaS,Public Cloud,AWS
802.3,startup,medium,basic,asia,429,50.99,99.42,0,0,0,1,0,0,1,PaaS,Public Cloud,GCP
6817.96,enterprise,low,moderate,asia,105,62.09,96.66,0,1,0,0,0,0,0,IaaS,Hybrid Cloud,AWS
2017.78,enterprise,medium,high,us,380,51.75,98.71,1,0,0,0,0,0,0,IaaS,Private Cloud,AWS
5149.46,enterprise,low,high,us,197,56.24,98.22,1,1,1,0,0,0,0,IaaS,Private Cloud,Azure
152.69,webapp,medium,moderate,eu,281,96.52,97.87,0,0,0,0,0,0,1,PaaS,Public Cloud,AWS
29748.02,enterprise,high,moderate,eu,203,204.31,95.83,1,1,0,0,0,0,0,IaaS,Hybrid Cloud,Azure
326.51,webapp,high,basic,eu,192,44.53,99.85,0,1,0,1,0,1,1,PaaS,Public Cloud,GCP
9214.29,enterprise,medium,moderate,asia,45,25.54,95.12,0,0,1,0,0,0,0,SaaS,Hybrid Cloud,Azure
174.38,startup,low,moderate,asia,431,21.05,96.98,1,1,0,0,0,0,1,IaaS,Public Cloud,GCP
494.29,startup,medium,moderate,asia,11,6.23,97.86,0,1,0,0,0,0,1,PaaS,Public Cloud,GCP
5052.36,enterprise,low,moderate,us,85,19.85,99.89,1,0,0,0,0,0,0,IaaS,Private Cloud,AWS
984.55,webapp,high,moderate,asia,93,2655.55,97.77,1,1,0,0,0,1,1,IaaS,Public Cloud,AWS
234.85,webapp,high,high,eu,427,46.12,97.55,1,0,0,0,0,0,1,IaaS,Private Cloud,Azure
4227.4,enterprise,high,high,asia,155,10.56,97.46,1,0,1,0,0,1,0,IaaS,Hybrid Cloud,Azure
177.03,startup,medium,basic,eu,414,272.45,97.46,0,0,0,1,0,0,1,PaaS,Public Cloud,GCP
114.25,startup,low,moderate,asia,490,41.37,99.44,1,1,0,0,0,0,1,IaaS,Public Cloud,GCP
6271.94,enterprise,low,moderate,us,111,390.69,96.13,0,1,1,0,0,0,0,IaaS,Hybrid Cloud,Azure
227.44,startup,medium,moderate,us,36,180.59,96.76,1,0,0,0,0,0,1,PaaS,Public Cloud,AWS
165.9,ml,medium,basic,us,396,505.49,99.14,0,0,0,0,1,0,0,IaaS,Public Cloud,GCP
308.05,enterprise,high,high,eu,142,82.51,97.98,1,0,1,0,0,1,0,IaaS,Private Cloud,Azure
2454.18,enterprise,high,moderate,us,24,17.51,95.29,1,1,1,0,0,1,0,IaaS,Hybrid Cloud,Azure
612.3,startup,medium,moderate,us,121,375.67,95.92,1,1,0,1,0,0,1,IaaS,Public Cloud,GCP
119.74,startup,medium,moderate,eu,384,74.04,99.8,0,0,0,0,0,0,1,PaaS,Public Cloud,AWS
110.86,startup,high,high,eu,498,167.37,97.13,1,0,0,1,0,0,1,IaaS,Public Cloud,GCP
6779.15,enterprise,high,moderate,us,116,20.18,95.45,1,0,0,0,0,1,0,IaaS,Hybrid Cloud,AWS
58.09,startup,high,basic,eu,419,9.49,97.02,0,0,0,1,0,0,1,PaaS,Public Cloud,GCP
794.48,webapp,medium,moderate,us,106,61.62,98.53,0,1,0,0,0,0,1,IaaS,Public Cloud,AWS
254.51,webapp,medium,moderate,us,47,14.01,98.48,0,0,0,0,0,0,1,PaaS,Public Cloud,AWS
7361.18,enterprise,medium,high,eu,84,96.65,99.39,1,1,1,0,0,0,0,IaaS,Hybrid Cloud,Azure
1352.41,ml,medium,high,us,110,18.45,97.59,1,1,0,0,1,0,0,IaaS,Hybrid Cloud,GCP
950.37,startup,medium,high,asia,161,352.05,98.05,1,0,0,0,0,0,1,IaaS,Private Cloud,AWS
108.34,startup,low,basic,asia,225,90.26,97.4,0,0,0,1,0,0,1,PaaS,Public Cloud,GCP
1273.14,startup,high,moderate,eu,239,109.06,96.44,0,0,0,0,0,1,1,PaaS,Public Cloud,AWS
1568.2,enterprise,low,high,us,225,105.54,96.83,1,0,0,0,0,0,0,IaaS,Private Cloud,AWS
1075.05,webapp,medium,basic,eu,494,44.68,97.7,0,0,0,0,0,0,1,PaaS,Public Cloud,AWS
1228.0,enterprise,high,moderate,eu,439,15.23,99.5,1,0,0,0,0,1,0,IaaS,Hybrid Cloud,Azure
1040.42,startup,low,moderate,asia,245,1028.12,95.79,1,0,0,1,0,0,1,IaaS,Public Cloud,GCP
192.68,startup,low,moderate,us,497,552.72,99.43,0,0,0,0,0,0,1,PaaS,Public Cloud,AWS
2312.93,enterprise,low,basic,asia,489,47.56,99.52,0,1,1,0,0,0,0,IaaS,Hybrid Cloud,Azure
2768.35,ml,high,high,us,141,5.74,98.13,1,0,0,0,1,0,0,IaaS,Private Cloud,GCP
947.68,webapp,low,moderate,eu,202,18.72,97.35,1,1,0,0,0,0,1,IaaS,Hybrid Cloud,Azure
204.93,webapp,low,basic,us,301,24.44,97.49,0,0,0,1,0,0,1,PaaS,Public Cloud,GCP
1050.4,webapp,medium,basic,eu,221,154.69,97.71,0,1,0,1,0,0,1,PaaS,Public Cloud,GCP
279.58,startup,medium,moderate,us,255,101.85,95.57,1,1,0,0,0,0,1,IaaS,Public Cloud,AWS
437.22,startup,low,moderate,asia,186,365.88,98.1,1,0,0,1,0,0,1,PaaS,Public Cloud,GCP
641.31,webapp,high,high,eu,80,1589.75,95.74,1,1,0,0,0,0,1,IaaS,Hybrid Cloud,AWS
366.15,webapp,low,moderate,eu,371,27.72,95.27,0,0,0,1,0,0,1,PaaS,Public Cloud,GCP
781.2,webapp,low,basic,us,484,67.52,99.68,0,0,0,0,0,0,1,PaaS,Public Cloud,AWS
3849.47,enterprise,medium,basic,us,408,378.66,95.34,0,1,1,0,0,0,0,IaaS,Hybrid Cloud,Azure
117.87,webapp,medium,moderate,asia,332,8.89,96.69,1,0,0,1,0,0,1,PaaS,Public Cloud,GCP
14658.86,enterprise,medium,moderate,eu,224,72.1,98.26,1,1,1,0,0,0,0,IaaS,Hybrid Cloud,Azure
860.09,webapp,medium,moderate,eu,135,780.03,96.95,0,0,0,0,0,0,1,PaaS,Public Cloud,AWS
1732.04,enterprise,medium,moderate,us,235,108.64,96.77,0,0,1,0,0,0,0,IaaS,Hybrid Cloud,Azure
261.66,webapp,low,moderate,us,187,302.07,97.75,0,0,0,1,0,0,1,PaaS,Public Cloud,GCP
1622.96,webapp,high,moderate,eu,343,131.99,98.29,1,0,0,0,0,1,1,IaaS,Public Cloud,AWS
414.3,webapp,high,high,us,317,174.78,97.12,1,1,0,1,0,0,1,IaaS,Hybrid Cloud,GCP
1023.01,enterprise,low,high,asia,425,3.01,95.74,1,0,1,0,0,0,0,IaaS,Private Cloud,Azure
5156.04,enterprise,low,moderate,asia,133,78.88,95.69,0,1,1,0,0,0,0,IaaS,Hybrid Cloud,Azure
463.52,webapp,high,moderate,asia,89,14.07,96.26,1,0,0,1,0,0,1,PaaS,Public Cloud,GCP
341.66,webapp,low,moderate,us,130,84.31,98.6,0,1,0,1,0,0,1,PaaS,Public Cloud,GCP
5425.98,enterprise,low,moderate,eu,83,12.42,96.52,0,1,1,0,0,0,0,IaaS,Hybrid Cloud,Azure
456.58,startup,medium,high,us,133,22.81,96.53,1,0,0,1,0,0,1,IaaS,Private Cloud,GCP
1253.71,enterprise,medium,moderate,asia,420,6.77,98.87,1,1,1,0,0,0,0,IaaS,Hybrid Cloud,Azure
981.36,ml,high,basic,eu,123,156.14,95.74,0,0,0,0,1,1,0,IaaS,Public Cloud,GCP
293.09,ml,medium,basic,eu,438,24.4,96.93,0,0,0,0,1,0,0,IaaS,Public Cloud,GCP
128.33,startup,medium,high,eu,392,109.39,95.17,1,0,0,0,0,0,1,IaaS,Private Cloud,Azure
4785.36,ml,low,basic,asia,96,174.46,97.36,0,0,0,0,1,0,0,IaaS,Public Cloud,GCP
3544.32,ml,high,basic,asia,152,46.12,96.83,0,0,0,0,1,1,0,IaaS,Public Cloud,GCP
655.69,startup,medium,basic,us,374,436.57,97.76,0,1,0,1,0,0,1,PaaS,Public Cloud,GCP
957.07,enterprise,low,moderate,asia,46,9.57,95.1,0,1,1,0,0,0,0,IaaS,Hybrid Cloud,Azure
561.82,webapp,medium,moderate,asia,137,52.48,95.8,1,1,0,1,0,0,1,IaaS,Hybrid Cloud,GCP
243.66,webapp,medium,moderate,eu,315,111.97,97.41,1,0,0,1,0,0,1,PaaS,Public Cloud,GCP
2019.2,enterprise,medium,basic,eu,434,368.73,97.97,0,1,0,0,0,0,0,IaaS,Hybrid Cloud,AWS
1203.97,ml,low,moderate,us,88,1.29,96.3,0,1,0,0,1,0,0,IaaS,Hybrid Cloud,GCP
304.1,startup,medium,moderate,eu,159,85.34,96.54,0,1,0,1,0,0,1,PaaS,Public Cloud,GCP
3309.89,enterprise,medium,moderate,eu,102,129.51,98.64,1,1,1,0,0,0,0,IaaS,Hybrid Cloud,Azure
237.96,webapp,high,moderate,us,472,170.61,97.39,0,0,0,1,0,1,1,PaaS,Public Cloud,GCP
498.49,startup,high,basic,asia,300,10.07,97.88,0,0,0,1,0,1,1,PaaS,Public Cloud,GCP
806.3,webapp,high,moderate,us,120,20.7,97.42,1,0,0,0,0,1,1,IaaS,Public Cloud,AWS
413.37,webapp,low,high,eu,194,154.06,96.82,1,1,0,0,0,0,1,IaaS,Private Cloud,Azure
278.13,startup,low,high,us,437,263.51,97.7,1,0,0,0,0,0,1,IaaS,Private Cloud,AWS
12382.33,enterprise,high,moderate,us,23,220.77,97.65,0,0,0,0,0,1,0,IaaS,Public Cloud,AWS
259.37,startup,medium,moderate,eu,19,89.97,98.83,1,1,0,0,0,0,1,PaaS,Public Cloud,Azure
14511.32,enterprise,medium,moderate,us,92,428.41,95.18,1,1,1,0,0,0,0,IaaS,Hybrid Cloud,Azure
8676.22,enterprise,medium,moderate,us,487,21.27,98.58,0,0,1,0,0,0,0,IaaS,Hybrid Cloud,Azure
957.56,webapp,low,high,eu,286,16.15,95.42,1,0,0,0,0,0,1,IaaS,Private Cloud,Azure
394.67,webapp,low,moderate,us,118,124.11,96.79,0,0,0,1,0,0,1,PaaS,Public Cloud,GCP
1487.95,webapp,high,moderate,eu,301,29.42,97.01,1,0,0,1,0,1,1,IaaS,Public Cloud,Azure
281.36,webapp,low,moderate,eu,110,20.93,97.66,1,0,0,1,0,0,1,PaaS,Private Cloud,GCP
1024.37,enterprise,low,high,asia,10,247.11,97.24,1,1,1,0,0,0,0,IaaS,Private Cloud,Azure
167.59,startup,high,moderate,asia,127,54.59,96.13,0,0,0,0,0,0,1,PaaS,Public Cloud,GCP
1882.33,enterprise,low,basic,us,355,157.66,96.61,0,0,0,0,0,0,0,SaaS,Public Cloud,AWS
4647.31,enterprise,high,moderate,us,367,7.37,99.98,0,0,1,0,0,1,0,IaaS,Public Cloud,Azure
895.1,webapp,low,basic,us,472,12.92,99.65,0,0,0,0,0,0,1,PaaS,Public Cloud,AWS
1825.05,enterprise,low,basic,eu,459,21.52,96.41,0,1,0,0,0,0,0,IaaS,Hybrid Cloud,AWS
162.32,startup,medium,moderate,asia,53,28.71,96.78,1,0,0,0,0,0,1,PaaS,Public Cloud,GCP
664.75,webapp,low,basic,asia,216,455.93,98.86,0,1,0,0,0,0,1,PaaS,Public Cloud,AWS
1626.98,enterprise,low,basic,eu,227,186.47,95.13,0,0,1,0,0,0,0,SaaS,Public Cloud,Azure
4339.2,ml,medium,moderate,asia,431,27.66,99.2,1,1,0,0,1,0,0,IaaS,Hybrid Cloud,GCP
2062.82,webapp,medium,high,asia,476,31.52,99.6,1,1,0,1,0,0,0,IaaS,Hybrid Cloud,GCP
3033.62,webapp,high,basic,us,222,47.73,96.99,0,1,0,1,0,0,0,PaaS,Public Cloud,GCP
154.05,startup,low,moderate,eu,172,79.64,97.82,0,1,0,1,0,0,1,PaaS,Public Cloud,GCP
257.51,startup,medium,moderate,asia,222,175.23,97.53,1,1,0,1,0,0,1,IaaS,Public Cloud,GCP
3539.61,ml,low,basic,asia,461,191.92,97.52,0,0,0,0,1,0,0,IaaS,Public Cloud,GCP
260.83,webapp,medium,high,asia,459,19.31,99.6,1,0,0,1,0,0,1,IaaS,Private Cloud,GCP
4990.79,ml,medium,moderate,eu,323,41.48,98.45,1,1,0,0,1,0,0,IaaS,Hybrid Cloud,Azure
50.0,startup,low,moderate,us,493,165.95,98.73,1,1,0,1,0,0,1,IaaS,Public Cloud,GCP
149.66,startup,medium,high,asia,492,302.6,98.99,1,1,0,0,0,0,1,IaaS,Hybrid Cloud,GCP
1065.75,enterprise,high,high,us,3,137.61,98.41,1,1,0,0,0,0,0,IaaS,Hybrid Cloud,AWS
2436.88,enterprise,medium,high,us,175,105.31,96.32,1,0,0,0,0,0,0,IaaS,Private Cloud,AWS
532.34,webapp,low,moderate,asia,406,288.9,96.32,0,0,0,1,0,0,1,PaaS,Public Cloud,GCP
3054.84,enterprise,medium,basic,us,101,48.38,99.47,0,0,0,0,0,0,0,SaaS,Public Cloud,AWS
217.0,webapp,high,moderate,eu,305,130.76,99.89,1,0,0,0,0,0,1,PaaS,Public Cloud,Azure
6725.32,enterprise,medium,high,us,39,17.29,96.63,1,1,1,0,0,0,0,IaaS,Hybrid Cloud,Azure
1064.0,startup,low,basic,us,350,293.62,96.12,0,0,0,0,0,0,1,PaaS,Public Cloud,AWS
1059.14,ml,medium,moderate,asia,257,142.35,97.4,0,0,0,0,1,0,0,IaaS,Public Cloud,GCP
737.57,ml,medium,high,us,290,75.05,96.73,1,1,0,0,1,0,0,IaaS,Hybrid Cloud,GCP
608.22,webapp,low,moderate,us,71,48.42,96.13,0,0,0,0,0,0,1,PaaS,Public Cloud,AWS
188.02,webapp,medium,basic,us,332,26.69,96.83,0,0,0,0,0,0,1,PaaS,Public Cloud,AWS
130.65,startup,medium,high,eu,391,6.02,99.84,1,1,0,0,0,0,1,IaaS,Hybrid Cloud,Azure
707.22,webapp,medium,high,asia,311,4.37,98.34,1,0,0,1,0,0,1,IaaS,Private Cloud,GCP
200.92,webapp,high,high,us,412,8.44,96.55,1,1,0,0,0,0,1,IaaS,Hybrid Cloud,AWS
240.84,startup,high,moderate,us,324,24.17,99.72,1,0,0,0,0,0,1,PaaS,Public Cloud,AWS
685.87,webapp,medium,basic,eu,187,85.21,96.57,0,0,0,0,0,0,1,PaaS,Public Cloud,AWS
292.47,webapp,medium,moderate,eu,284,87.24,97.74,0,0,0,1,0,0,1,PaaS,Public Cloud,GCP
975.74,enterprise,low,moderate,asia,181,27.36,98.45,1,0,1,0,0,0,0,IaaS,Private Cloud,Azure
308.33,startup,medium,high,asia,171,374.95,97.26,1,0,0,1,0,0,1,IaaS,Private Cloud,GCP
62.34,startup,high,moderate,us,88,313.02,96.81,1,0,0,1,0,1,1,PaaS,Public Cloud,GCP
118.07,startup,medium,high,asia,438,29.73,99.87,1,0,0,0,0,0,1,IaaS,Private Cloud,GCP
490.78,startup,medium,basic,asia,36,768.68,98.0,0,1,0,0,0,0,1,PaaS,Public Cloud,GCP
1736.67,enterprise,medium,moderate,eu,225,44.69,96.57,1,0,0,0,0,0,0,IaaS,Hybrid Cloud,Azure
133.95,webapp,high,moderate,us,428,15.51,96.51,0,1,0,0,0,1,1,PaaS,Public Cloud,AWS
3435.48,enterprise,medium,basic,eu,162,5.75,96.05,0,1,0,0,0,0,0,IaaS,Hybrid Cloud,AWS
38967.62,enterprise,medium,basic,eu,365,19.6,95.51,0,0,1,0,0,0,0,IaaS,Public Cloud,Azure
104.71,webapp,high,high,eu,228,101.12,99.13,1,0,0,0,0,0,1,IaaS,Private Cloud,Azure
460.1,webapp,high,basic,eu,202,18.7,95.91,0,1,0,1,0,1,1,PaaS,Public Cloud,GCP
924.82,webapp,medium,basic,us,323,8.94,98.39,0,1,0,0,0,0,1,PaaS,Public Cloud,AWS
265.38,webapp,high,basic,us,364,303.17,96.15,0,1,0,1,0,0,1,PaaS,Public Cloud,GCP
1077.14,webapp,medium,basic,us,277,2.45,98.11,0,1,0,1,0,0,1,PaaS,Public Cloud,GCP
59.01,webapp,medium,basic,eu,152,30.67,95.94,0,1,0,1,0,0,1,PaaS,Public Cloud,GCP
126.66,startup,high,basic,us,128,13.26,98.96,0,0,0,1,0,0,1,PaaS,Public Cloud,GCP
136.55,webapp,medium,moderate,us,436,5.94,98.24,0,1,0,1,0,0,1,PaaS,Public Cloud,GCP
650.19,webapp,high,basic,us,394,91.2,99.05,0,1,0,1,0,0,1,PaaS,Public Cloud,GCP
849.76,ml,medium,high,us,383,57.43,98.64,1,0,0,0,1,0,0,IaaS,Private Cloud,GCP
180.36,webapp,medium,basic,asia,436,5.8,96.25,0,1,0,1,0,0,1,PaaS,Public Cloud,GCP
351.02,webapp,high,high,asia,389,292.4,96.29,1,1,0,1,0,0,1,IaaS,Hybrid Cloud,GCP
2686.39,enterprise,medium,basic,asia,410,593.85,98.09,0,0,0,0,0,0,0,SaaS,Public Cloud,AWS
1764.65,webapp,medium,basic,us,177,8.26,96.01,0,1,0,1,0,0,1,PaaS,Public Cloud,AWS
1475.44,webapp,high,basic,us,301,76.63,97.71,0,1,0,0,0,0,1,PaaS,Public Cloud,AWS
634.27,webapp,medium,moderate,asia,287,41.35,96.0,1,1,0,1,0,0,1,IaaS,Hybrid Cloud,GCP
278.28,startup,low,moderate,asia,154,10.46,98.75,1,1,0,0,0,0,1,IaaS,Public Cloud,GCP
4427.24,enterprise,high,basic,eu,344,649.87,95.44,0,0,1,0,0,1,0,SaaS,Public Cloud,Azure
638.02,webapp,high,basic,us,304,99.27,96.39,0,0,0,0,0,0,1,PaaS,Public Cloud,AWS
106.91,startup,low,high,eu,487,39.83,98.3,1,1,0,1,0,0,1,IaaS,Private Cloud,GCP
403.23,webapp,high,high,eu,247,26.13,98.98,1,0,0,1,0,0,1,IaaS,Private Cloud,GCP
2764.62,enterprise,low,basic,us,379,20.43,96.89,0,0,1,0,0,0,0,SaaS,Public Cloud,Azure
891.75,webapp,medium,basic,asia,443,16.25,99.69,0,0,0,1,0,0,1,PaaS,Public Cloud,GCP
230.12,startup,medium,high,eu,91,94.09,95.17,1,1,0,1,0,0,1,IaaS,Hybrid Cloud,GCP
595.87,webapp,medium,basic,eu,164,342.44,95.29,0,0,0,0,0,0,1,PaaS,Public Cloud,AWS
828.59,webapp,medium,moderate,eu,377,91.16,99.57,1,0,0,0,0,0,1,IaaS,Public Cloud,Azure
250.05,webapp,low,basic,asia,348,16.27,95.82,0,0,0,1,0,0,1,PaaS,Public Cloud,GCP
4064.85,ml,high,basic,asia,84,84.56,95.44,0,0,0,0,1,1,0,IaaS,Public Cloud,GCP
396.09,webapp,medium,basic,asia,349,43.12,96.96,0,0,0,0,0,0,1,PaaS,Public Cloud,GCP
287.95,webapp,medium,high,eu,430,20.96,96.39,1,1,0,0,0,0,1,IaaS,Hybrid Cloud,Azure
226.69,webapp,low,basic,us,473,183.94,96.06,0,1,0,0,0,0,1,PaaS,Public Cloud,AWS
1341.82,enterprise,medium,high,eu,31,194.38,98.66,1,1,1,0,0,0,0,IaaS,Hybrid Cloud,Azure
252.33,webapp,low,moderate,eu,143,15.53,96.8,0,1,0,1,0,0,1,PaaS,Public Cloud,GCP
5505.78,enterprise,high,moderate,us,287,19.6,95.83,1,0,1,0,0,1,0,IaaS,Hybrid Cloud,Azure
333.44,webapp,high,high,eu,437,1459.87,96.29,1,0,0,0,0,0,1,IaaS,Private Cloud,AWS
3624.78,ml,low,moderate,eu,157,81.8,98.33,0,1,0,0,1,0,0,IaaS,Hybrid Cloud,GCP
4633.94,ml,medium,high,asia,459,135.0,98.62,1,0,0,0,1,0,0,IaaS,Private Cloud,GCP
6293.6,enterprise,low,high,us,473,159.65,96.63,1,0,0,0,0,0,0,IaaS,Private Cloud,AWS
213.49,startup,high,high,asia,296,1436.54,98.66,1,1,0,1,0,1,1,IaaS,Hybrid Cloud,GCP
352.78,webapp,low,moderate,eu,312,95.02,97.37,1,0,0,0,0,0,1,PaaS,Public Cloud,Azure
528.23,webapp,high,high,asia,140,477.69,97.72,1,0,0,0,0,0,1,IaaS,Private Cloud,AWS
291.31,webapp,high,high,us,137,2.44,95.62,1,0,0,1,0,0,1,IaaS,Private Cloud,GCP
273.14,webapp,medium,basic,asia,239,17.0,97.72,0,0,0,1,0,0,1,PaaS,Public Cloud,GCP
321.91,webapp,high,basic,us,27,1378.7,98.24,0,0,0,0,0,0,1,PaaS,Public Cloud,AWS
76.37,startup,medium,high,us,445,7.13,99.94,1,0,0,1,0,0,1,IaaS,Private Cloud,GCP
5280.03,enterprise,high,moderate,asia,431,22.03,99.7,0,0,0,0,0,1,0,IaaS,Public Cloud,AWS
26653.64,enterprise,high,basic,us,48,29.84,99.54,0,1,0,0,0,1,0,IaaS,Hybrid Cloud,AWS
565.22,startup,high,high,us,185,12.43,98.47,1,1,0,0,0,1,1,IaaS,Public Cloud,AWS
3250.97,enterprise,high,high,eu,263,354.13,99.25,1,0,1,0,0,0,0,IaaS,Hybrid Cloud,Azure
5438.16,enterprise,low,basic,us,215,32.49,97.64,0,0,0,0,0,0,0,SaaS,Public Cloud,AWS
125.61,startup,medium,high,eu,107,16.05,99.04,1,0,0,1,0,0,1,IaaS,Private Cloud,GCP
7868.6,enterprise,low,basic,eu,203,24.07,99.63,0,0,1,0,0,0,0,SaaS,Public Cloud,Azure
2390.23,ml,high,moderate,asia,187,37.2,96.61,0,1,0,0,1,1,0,IaaS,Public Cloud,GCP
128.09,startup,low,basic,asia,308,9.17,98.14,0,0,0,0,0,0,1,PaaS,Public Cloud,GCP
1981.61,webapp,high,high,eu,359,13.31,98.39,1,0,0,0,0,1,1,IaaS,Private Cloud,AWS
286.54,ml,medium,high,us,112,65.68,98.7,1,0,0,0,1,0,0,IaaS,Private Cloud,GCP
12718.09,enterprise,medium,moderate,eu,5,17.4,95.47,0,0,1,0,0,0,0,SaaS,Hybrid Cloud,Azure
4546.73,enterprise,high,basic,us,141,6.18,98.37,0,0,1,0,0,1,0,SaaS,Public Cloud,Azure
902.84,webapp,high,moderate,eu,457,47.12,99.26,0,0,0,0,0,0,1,PaaS,Public Cloud,AWS
339.85,webapp,medium,moderate,us,166,142.28,96.29,0,1,0,0,0,0,1,PaaS,Public Cloud,AWS
81.92,startup,high,high,asia,416,7.89,96.53,1,0,0,0,0,0,1,IaaS,Public Cloud,GCP
10163.65,ml,low,moderate,eu,334,39.55,96.84,1,1,0,0,1,0,0,IaaS,Hybrid Cloud,Azure
1842.68,ml,high,basic,asia,163,32.02,96.1,0,1,0,0,1,0,0,IaaS,Public Cloud,GCP
1787.24,enterprise,high,basic,asia,93,48.14,98.06,0,1,0,0,0,0,0,SaaS,Public Cloud,AWS
2776.86,ml,high,basic,us,469,16.3,99.83,0,0,0,0,1,0,0,IaaS,Public Cloud,GCP
362.88,webapp,high,basic,eu,446,103.29,97.79,0,0,0,0,0,1,1,PaaS,Public Cloud,AWS
1477.81,ml,medium,moderate,eu,401,109.23,95.23,0,0,0,0,1,0,0,IaaS,Public Cloud,GCP
4444.5,ml,low,basic,eu,382,22.93,99.67,0,1,0,0,1,0,0,IaaS,Public Cloud,GCP
16230.26,enterprise,high,moderate,asia,304,117.55,96.62,1,1,1,0,0,1,0,IaaS,Hybrid Cloud,Azure
291.48,webapp,low,moderate,asia,141,319.44,98.22,1,1,0,0,0,0,1,IaaS,Hybrid Cloud,GCP
132.22,startup,low,basic,eu,351,38.19,97.01,0,1,0,0,0,0,1,PaaS,Public Cloud,GCP
7066.83,enterprise,high,basic,us,154,196.41,96.31,0,1,1,0,0,1,0,IaaS,Public Cloud,Azure
2855.31,ml,medium,high,eu,66,958.51,98.84,1,1,0,0,1,0,0,IaaS,Hybrid Cloud,Azure
451.75,webapp,high,moderate,eu,191,94.95,95.1,1,1,0,0,0,1,1,IaaS,Public Cloud,Azure
69.47,startup,high,high,asia,297,349.92,99.11,1,0,0,0,0,0,1,IaaS,Public Cloud,GCP
5380.09,ml,medium,basic,asia,66,6.36,95.01,0,0,0,0,1,0,0,IaaS,Public Cloud,GCP
71.46,startup,medium,high,asia,434,2.32,96.54,1,0,0,0,0,0,1,IaaS,Private Cloud,GCP
616.44,startup,medium,high,asia,446,4.77,99.51,1,0,0,1,0,0,1,IaaS,Private Cloud,GCP
335.24,ml,medium,moderate,asia,40,981.35,99.86,0,0,0,0,1,0,0,IaaS,Public Cloud,GCP
214.41,startup,low,basic,us,317,14.9,99.54,0,0,0,0,0,0,1,PaaS,Public Cloud,AWS
185.13,startup,high,high,asia,400,34.59,97.23,1,1,0,0,0,0,1,IaaS,Public Cloud,GCP
929.93,webapp,high,moderate,us,323,48.3,99.83,1,0,0,0,0,0,1,IaaS,Public Cloud,AWS
747.44,startup,low,moderate,asia,51,147.46,95.83,0,1,0,0,0,0,1,PaaS,Public Cloud,AWS
590.32,webapp,medium,high,asia,91,225.65,97.27,1,0,0,0,0,0,1,IaaS,Private Cloud,AWS
2553.74,ml,medium,basic,asia,422,372.55,99.29,0,1,0,0,1,0,0,IaaS,Public Cloud,GCP
270.14,webapp,low,high,eu,381,4.5,96.45,1,1,0,0,0,0,1,IaaS,Private Cloud,Azure
183.69,webapp,medium,basic,us,215,76.38,97.98,0,0,0,0,0,0,1,PaaS,Public Cloud,AWS
108.88,startup,high,moderate,asia,160,12.06,99.83,0,0,0,0,0,1,1,PaaS,Public Cloud,GCP
4163.75,enterprise,high,basic,us,140,194.57,96.83,0,1,0,0,0,0,0,IaaS,Public Cloud,AWS
73.85,webapp,medium,high,asia,28,68.95,95.47,1,0,0,1,0,0,1,PaaS,Private Cloud,GCP
171.99,webapp,low,basic,us,426,6.68,99.16,0,1,0,1,0,0,1,PaaS,Public Cloud,GCP
197.54,webapp,high,basic,asia,138,98.37,98.44,0,1,0,1,0,1,1,PaaS,Public Cloud,GCP
657.18,webapp,medium,basic,asia,45,71.69,99.93,0,0,0,0,0,0,1,PaaS,Public Cloud,AWS
4889.55,enterprise,medium,high,asia,473,130.29,98.95,1,0,1,0,0,0,0,IaaS,Private Cloud,Azure
10668.0,ml,medium,basic,eu,289,107.9,95.74,0,1,0,0,1,0,0,IaaS,Public Cloud,GCP
303.64,startup,low,moderate,eu,265,73.86,99.88,0,1,0,0,0,0,1,PaaS,Public Cloud,AWS
124.93,webapp,medium,moderate,eu,92,400.49,97.33,0,1,0,0,0,0,1,PaaS,Public Cloud,GCP
177.39,startup,high,basic,eu,33,162.21,99.19,0,1,0,1,0,1,1,PaaS,Public Cloud,GCP
4877.1,webapp,low,basic,asia,192,32.35,97.17,0,0,0,1,0,0,0,PaaS,Public Cloud,GCP
907.14,webapp,low,basic,asia,324,163.94,96.13,0,0,0,1,0,0,1,PaaS,Public Cloud,GCP
266.7,startup,low,moderate,eu,43,734.78,97.03,0,1,0,0,0,0,1,PaaS,Public Cloud,GCP
509.76,webapp,high,basic,asia,49,91.24,99.94,0,1,0,1,0,1,1,PaaS,Public Cloud,GCP
2886.75,enterprise,medium,high,eu,94,15.4,98.5,1,0,0,0,0,0,0,IaaS,Private Cloud,Azure
5844.78,enterprise,low,basic,asia,136,43.45,99.31,0,0,1,0,0,0,0,SaaS,Public Cloud,Azure
337.6,startup,high,basic,eu,50,8.23,99.68,0,1,0,0,0,0,1,PaaS,Public Cloud,AWS
1945.36,enterprise,medium,high,eu,239,2639.62,98.24,1,0,1,0,0,0,0,IaaS,Private Cloud,Azure
395.6,startup,low,basic,us,406,41.53,99.27,0,0,0,1,0,0,1,PaaS,Public Cloud,GCP
1067.5,ml,medium,moderate,us,315,1964.73,99.86,1,1,0,0,1,0,0,IaaS,Hybrid Cloud,AWS
1017.58,webapp,medium,high,asia,126,2.07,95.36,1,0,0,1,0,0,1,IaaS,Private Cloud,GCP
197.32,startup,high,moderate,us,303,70.44,98.36,0,0,0,1,0,1,1,PaaS,Public Cloud,GCP
3181.14,enterprise,medium,moderate,eu,446,77.03,95.08,0,0,0,0,0,0,0,IaaS,Hybrid Cloud,AWS
1237.81,enterprise,medium,moderate,eu,149,30.75,96.28,1,0,1,0,0,0,0,IaaS,Hybrid Cloud,Azure
30365.69,enterprise,medium,moderate,eu,361,94.28,97.69,1,1,0,0,0,0,0,IaaS,Hybrid Cloud,Azure
295.28,startup,medium,moderate,us,33,426.13,95.52,0,1,0,0,0,0,1,PaaS,Public Cloud,AWS
769.87,webapp,high,high,us,103,71.02,99.69,1,1,0,0,0,0,1,IaaS,Hybrid Cloud,AWS
206.73,startup,low,high,us,109,187.98,96.2,1,0,0,0,0,0,1,IaaS,Private Cloud,AWS
403.0,startup,medium,high,asia,62,1627.51,96.55,1,1,0,1,0,0,1,IaaS,Hybrid Cloud,GCP
371.15,ml,high,high,eu,358,21.14,97.77,1,0,0,0,1,0,0,IaaS,Private Cloud,GCP
73.73,startup,high,moderate,eu,251,34.23,98.14,0,0,0,1,0,1,1,PaaS,Public Cloud,GCP
608.45,ml,medium,moderate,asia,386,1318.16,95.39,0,0,0,0,1,0,0,IaaS,Public Cloud,GCP
209.83,webapp,high,basic,asia,393,9.37,95.89,0,1,0,0,0,1,1,PaaS,Public Cloud,GCP
3016.15,enterprise,medium,basic,asia,128,23.13,95.8,0,0,1,0,0,0,0,SaaS,Public Cloud,Azure
729.01,webapp,medium,basic,us,101,21.16,99.78,0,0,0,0,0,0,1,PaaS,Public Cloud,AWS
582.99,webapp,high,basic,us,265,22.1,96.55,0,0,0,1,0,0,1,PaaS,Public Cloud,AWS
2113.57,enterprise,medium,moderate,asia,423,27.34,96.86,1,1,1,0,0,0,0,IaaS,Hybrid Cloud,Azure
10584.77,ml,medium,basic,eu,269,673.35,96.89,0,1,0,0,1,0,0,IaaS,Public Cloud,GCP
71.04,startup,medium,moderate,eu,143,828.73,98.69,1,0,0,0,0,0,1,PaaS,Public Cloud,Azure
1078.86,webapp,medium,high,eu,395,38.4,97.62,1,0,0,1,0,0,1,IaaS,Private Cloud,Azure
216.43,startup,medium,high,eu,442,1.24,99.76,1,1,0,0,0,0,1,IaaS,Hybrid Cloud,Azure
102.94,webapp,medium,high,eu,164,97.03,99.15,1,0,0,1,0,0,1,IaaS,Private Cloud,GCP
266.18,webapp,high,moderate,eu,268,69.63,97.04,0,0,0,1,0,0,1,PaaS,Public Cloud,GCP
183.79,startup,high,moderate,asia,284,20.44,95.87,0,0,0,0,0,1,1,PaaS,Public Cloud,GCP
95.65,startup,low,moderate,eu,48,19.0,97.6,0,1,0,0,0,0,1,PaaS,Public Cloud,GCP
643.52,webapp,medium,moderate,asia,358,19.6,95.98,1,1,0,0,0,0,1,IaaS,Hybrid Cloud,AWS
66.88,startup,high,high,us,128,51.54,96.61,1,0,0,0,0,1,1,IaaS,Public Cloud,AWS
921.07,webapp,low,moderate,eu,398,355.75,95.01,1,0,0,1,0,0,1,IaaS,Private Cloud,Azure
54.45,startup,medium,moderate,asia,134,19.16,97.98,1,1,0,0,0,0,1,IaaS,Public Cloud,GCP
1513.35,webapp,medium,moderate,eu,46,205.02,98.26,1,0,0,1,0,0,1,PaaS,Private Cloud,Azure
574.21,webapp,medium,moderate,asia,115,27.35,95.78,0,0,0,1,0,0,1,PaaS,Public Cloud,GCP
4541.76,enterprise,medium,moderate,asia,156,740.45,98.56,1,1,1,0,0,0,0,IaaS,Hybrid Cloud,Azure
993.5,webapp,high,basic,eu,368,56.08,99.95,0,0,0,1,0,1,1,PaaS,Public Cloud,GCP
1421.49,enterprise,medium,moderate,asia,315,10.67,96.84,0,0,1,0,0,0,0,IaaS,Hybrid Cloud,Azure
448.41,startup,low,basic,eu,168,161.92,97.18,0,0,0,1,0,0,1,PaaS,Public Cloud,GCP
92.96,startup,low,high,eu,85,1.29,96.68,1,1,0,1,0,0,1,IaaS,Private Cloud,GCP
307.86,startup,high,moderate,eu,80,497.39,96.24,0,0,0,1,0,1,1,PaaS,Public Cloud,GCP
689.28,webapp,low,basic,asia,306,23.28,97.11,0,0,0,1,0,0,1,PaaS,Public Cloud,GCP
172.9,webapp,medium,basic,asia,68,38.38,96.04,0,1,0,0,0,0,1,PaaS,Public Cloud,GCP
245.03,startup,low,moderate,asia,259,20.07,98.88,1,0,0,1,0,0,1,PaaS,Public Cloud,GCP
177.95,webapp,high,basic,asia,104,22.67,95.6,0,0,0,1,0,1,1,PaaS,Public Cloud,GCP
232.78,startup,high,high,eu,244,55.09,96.48,1,0,0,1,0,1,1,IaaS,Public Cloud,GCP
329.42,startup,high,high,asia,358,1477.85,97.02,1,0,0,1,0,0,1,IaaS,Public Cloud,GCP
267.92,startup,medium,basic,eu,234,18.13,99.64,0,1,0,1,0,0,1,PaaS,Public Cloud,GCP
1754.7,webapp,medium,moderate,us,375,15.59,99.2,1,0,0,0,0,0,1,IaaS,Hybrid Cloud,AWS
454.91,enterprise,medium,moderate,us,212,11.95,96.58,1,0,0,0,0,0,0,IaaS,Public Cloud,AWS
30046.14,enterprise,high,moderate,asia,356,49.91,99.63,0,0,1,0,0,0,0,IaaS,Hybrid Cloud,Azure
688.62,startup,low,moderate,eu,56,8.83,99.11,1,1,0,0,0,0,1,IaaS,Public Cloud,Azure
840.73,webapp,medium,high,eu,282,181.55,96.36,1,0,0,1,0,0,1,IaaS,Private Cloud,Azure
187.4,webapp,low,moderate,eu,378,55.37,97.17,1,1,0,1,0,0,1,IaaS,Hybrid Cloud,GCP
4935.42,enterprise,medium,moderate,eu,147,5.05,95.41,1,0,0,0,0,0,0,IaaS,Hybrid Cloud,Azure
305.51,webapp,high,high,asia,352,5.91,97.05,1,1,0,1,0,1,1,IaaS,Hybrid Cloud,GCP
1405.9,webapp,medium,moderate,us,60,23.51,98.58,0,0,0,1,0,0,1,PaaS,Public Cloud,AWS
1831.04,webapp,high,moderate,eu,158,26.37,97.65,1,0,0,0,0,1,1,IaaS,Public Cloud,Azure
1536.02,webapp,high,moderate,asia,13,194.66,99.7,0,0,0,1,0,1,1,PaaS,Public Cloud,GCP
606.72,enterprise,medium,moderate,asia,67,3494.4,95.76,1,1,1,0,0,0,0,IaaS,Hybrid Cloud,Azure
1596.36,webapp,high,basic,us,380,50.96,97.34,0,0,0,0,0,1,1,PaaS,Public Cloud,AWS
317.89,webapp,medium,moderate,asia,487,189.66,99.0,1,0,0,1,0,0,1,PaaS,Public Cloud,GCP
509.45,startup,medium,high,asia,425,156.27,97.09,1,1,0,0,0,0,1,IaaS,Hybrid Cloud,AWS
206.0,startup,low,moderate,us,250,22.26,97.69,0,0,0,0,0,0,1,PaaS,Public Cloud,AWS
548.33,webapp,low,moderate,eu,268,66.87,95.79,0,0,0,1,0,0,1,PaaS,Public Cloud,GCP
3776.93,enterprise,low,high,us,439,80.77,95.68,1,1,0,0,0,0,0,IaaS,Private Cloud,AWS
1974.52,enterprise,medium,moderate,asia,188,405.61,98.74,0,1,1,0,0,0,0,IaaS,Hybrid Cloud,Azure
439.36,webapp,low,basic,us,417,104.56,95.21,0,0,0,1,0,0,1,PaaS,Public Cloud,GCP
75.16,startup,low,basic,us,53,341.97,95.62,0,1,0,1,0,0,1,PaaS,Public Cloud,GCP
383.46,webapp,low,basic,asia,135,8.78,97.98,0,0,0,1,0,0,1,PaaS,Public Cloud,GCP
398.79,webapp,medium,high,us,191,23.17,96.33,1,0,0,0,0,0,1,IaaS,Private Cloud,AWS
1180.37,ml,high,moderate,asia,80,5.23,98.37,0,0,0,0,1,1,0,IaaS,Public Cloud,GCP
1165.16,ml,medium,high,us,353,27.11,98.04,1,0,0,0,1,0,0,IaaS,Private Cloud,GCP
1534.77,webapp,high,high,asia,276,129.14,96.36,1,1,0,0,0,0,1,IaaS,Hybrid Cloud,AWS
4407.0,enterprise,high,moderate,us,263,35.33,95.75,1,1,0,0,0,1,0,IaaS,Hybrid Cloud,AWS
2928.38,enterprise,medium,moderate,us,184,522.92,99.12,0,1,0,0,0,0,0,IaaS,Hybrid Cloud,AWS
215.71,webapp,high,moderate,asia,207,72.01,96.44,1,0,0,0,0,1,1,PaaS,Public Cloud,GCP
180.24,startup,high,basic,us,308,339.45,96.25,0,0,0,0,0,1,1,PaaS,Public Cloud,AWS
1372.94,webapp,low,basic,asia,166,41.37,99.77,0,1,0,1,0,0,1,PaaS,Public Cloud,GCP
246.74,webapp,high,moderate,eu,465,891.29,96.91,0,1,0,1,0,1,1,PaaS,Public Cloud,GCP
315.45,startup,low,basic,us,228,66.74,99.23,0,1,0,1,0,0,1,PaaS,Public Cloud,GCP
1913.97,ml,medium,moderate,us,193,429.12,98.63,1,1,0,0,1,0,0,IaaS,Hybrid Cloud,GCP
382.3,webapp,high,moderate,asia,48,15.28,96.23,1,1,0,0,0,1,1,PaaS,Public Cloud,GCP
7038.02,enterprise,low,moderate,eu,439,177.94,95.13,0,1,1,0,0,0,0,IaaS,Hybrid Cloud,Azure
50.0,startup,medium,basic,asia,374,108.5,99.82,0,1,0,0,0,0,1,PaaS,Public Cloud,GCP
81.43,startup,low,basic,us,75,72.1,97.21,0,0,0,1,0,0,1,PaaS,Public Cloud,GCP
5999.04,ml,high,basic,us,335,94.18,97.77,0,1,0,0,1,1,0,IaaS,Public Cloud,GCP
3675.58,enterprise,medium,high,eu,171,711.87,96.46,1,1,1,0,0,0,0,IaaS,Hybrid Cloud,Azure
482.19,webapp,medium,basic,us,373,47.06,97.05,0,1,0,0,0,0,1,PaaS,Public Cloud,AWS
1875.4,ml,medium,moderate,us,186,55.02,98.15,0,0,0,0,1,0,0,IaaS,Public Cloud,GCP
2111.89,webapp,low,basic,asia,65,10.32,99.75,0,0,0,1,0,0,0,PaaS,Public Cloud,GCP
795.36,webapp,low,basic,us,202,12.49,95.99,0,0,0,0,0,0,1,PaaS,Public Cloud,AWS
1165.9,ml,medium,moderate,asia,254,1556.77,95.36,0,0,0,0,1,0,0,IaaS,Public Cloud,GCP
6776.46,ml,medium,basic,eu,347,52.88,99.23,0,0,0,0,1,0,0,IaaS,Public Cloud,GCP
5484.04,ml,low,basic,asia,396,6.6,97.06,0,0,0,0,1,0,0,IaaS,Public Cloud,GCP
3299.45,enterprise,medium,moderate,asia,203,21.29,97.63,0,0,1,0,0,0,0,IaaS,Hybrid Cloud,Azure
134.87,startup,high,high,us,90,113.09,99.16,1,0,0,1,0,0,1,IaaS,Public Cloud,GCP
2235.15,enterprise,high,basic,eu,380,26.83,95.8,0,0,0,0,0,0,0,SaaS,Public Cloud,AWS
572.47,webapp,medium,moderate,asia,347,39.98,97.4,1,0,0,0,0,0,1,IaaS,Public Cloud,AWS
2513.96,enterprise,medium,basic,us,483,665.34,99.33,0,1,0,0,0,0,0,IaaS,Hybrid Cloud,AWS
2101.41,enterprise,low,high,us,257,691.18,96.68,1,1,1,0,0,0,0,IaaS,Private Cloud,Azure
253.92,webapp,high,moderate,eu,412,8.88,97.98,1,0,0,0,0,0,1,PaaS,Public Cloud,Azure
9377.87,enterprise,medium,moderate,us,110,2.36,97.48,1,0,1,0,0,0,0,IaaS,Hybrid Cloud,Azure
3169.08,webapp,medium,high,us,368,10.55,98.97,1,1,0,0,0,0,0,IaaS,Hybrid Cloud,AWS
1765.25,enterprise,low,moderate,asia,260,10.99,95.65,1,1,0,0,0,0,0,IaaS,Hybrid Cloud,AWS
650.86,webapp,medium,moderate,us,140,116.01,96.69,1,1,0,1,0,0,1,IaaS,Hybrid Cloud,AWS
3338.65,enterprise,low,basic,us,314,130.36,99.63,0,0,1,0,0,0,0,SaaS,Public Cloud,Azure
752.44,webapp,low,basic,us,36,15.94,97.03,0,1,0,0,0,0,1,PaaS,Public Cloud,AWS
5744.82,ml,low,moderate,eu,218,13.44,99.17,0,1,0,0,1,0,0,IaaS,Hybrid Cloud,GCP
2882.32,webapp,medium,basic,asia,324,12.0,98.47,0,0,0,1,0,0,0,PaaS,Public Cloud,GCP
1472.61,ml,medium,basic,us,447,85.01,99.91,0,0,0,0,1,0,0,IaaS,Public Cloud,GCP
274.35,webapp,high,moderate,us,351,32.86,98.52,0,1,0,0,0,1,1,PaaS,Public Cloud,AWS
178.35,startup,medium,basic,asia,474,48.74,97.4,0,0,0,0,0,0,1,PaaS,Public Cloud,GCP
129.65,startup,high,moderate,asia,252,18.2,96.42,0,1,0,1,0,1,1,PaaS,Public Cloud,GCP
106.13,startup,high,high,eu,17,2273.66,95.33,1,0,0,0,0,0,1,PaaS,Public Cloud,AWS
337.91,startup,medium,high,eu,246,66.8,99.96,1,1,0,1,0,0,1,IaaS,Hybrid Cloud,GCP
181.51,startup,medium,high,asia,403,47.14,97.97,1,0,0,1,0,0,1,IaaS,Private Cloud,GCP
2496.5,enterprise,medium,high,us,426,11.36,98.35,1,1,1,0,0,0,0,IaaS,Hybrid Cloud,Azure
384.35,startup,medium,high,eu,491,28.28,99.24,1,1,0,1,0,0,1,IaaS,Hybrid Cloud,GCP
299.31,webapp,high,basic,eu,59,82.79,98.46,0,0,0,1,0,1,1,PaaS,Public Cloud,GCP
121.37,webapp,high,moderate,us,233,26.84,95.98,1,1,0,0,0,1,1,IaaS,Public Cloud,AWS
92.21,startup,low,moderate,us,313,16.52,99.65,0,0,0,0,0,0,1,PaaS,Public Cloud,AWS
318.77,startup,low,moderate,asia,151,76.76,95.51,1,0,0,1,0,0,1,PaaS,Public Cloud,GCP
1162.25,webapp,high,moderate,asia,28,96.35,97.86,0,0,0,0,0,1,1,PaaS,Public Cloud,AWS
789.22,enterprise,low,basic,asia,389,5.67,97.1,0,1,1,0,0,0,0,IaaS,Public Cloud,Azure
1100.94,webapp,medium,basic,asia,259,682.53,95.15,0,1,0,0,0,0,1,PaaS,Public Cloud,AWS
5830.43,enterprise,medium,high,eu,312,165.88,95.78,1,1,1,0,0,0,0,IaaS,Hybrid Cloud,Azure
257.76,startup,low,moderate,asia,400,230.36,99.98,0,0,0,0,0,0,1,PaaS,Public Cloud,GCP
4739.0,enterprise,high,basic,asia,283,360.03,95.06,0,1,0,0,0,0,0,IaaS,Public Cloud,AWS
124.16,startup,high,moderate,us,230,68.49,99.98,1,1,0,1,0,1,1,IaaS,Public Cloud,GCP
2916.64,webapp,medium,moderate,asia,213,96.01,98.77,0,0,0,0,0,0,0,PaaS,Public Cloud,GCP
1396.69,enterprise,medium,high,us,254,114.98,99.39,1,0,1,0,0,0,0,IaaS,Private Cloud,Azure
1068.46,webapp,low,moderate,us,133,148.38,99.94,0,0,0,1,0,0,1,PaaS,Public Cloud,GCP
1187.06,startup,high,basic,us,345,270.55,99.36,0,1,0,1,0,0,1,PaaS,Public Cloud,AWS
159.88,startup,medium,moderate,asia,24,315.68,97.79,0,0,0,0,0,0,1,PaaS,Public Cloud,GCP
22064.09,enterprise,medium,high,asia,186,24.58,95.51,1,0,1,0,0,0,0,IaaS,Private Cloud,Azure
2604.31,enterprise,high,basic,eu,91,11.69,97.58,0,0,0,0,0,1,0,SaaS,Public Cloud,AWS
58.87,startup,high,high,eu,104,973.69,99.01,1,1,0,0,0,1,1,IaaS,Hybrid Cloud,AWS
54.85,startup,medium,moderate,us,55,57.69,97.96,0,0,0,1,0,0,1,PaaS,Public Cloud,GCP
1035.36,enterprise,high,high,us,69,172.65,99.62,1,0,1,0,0,1,0,IaaS,Hybrid Cloud,Azure
108.22,startup,medium,high,us,344,34.17,97.54,1,0,0,0,0,0,1,IaaS,Private Cloud,AWS
216.37,startup,medium,basic,eu,52,178.65,97.69,0,0,0,1,0,0,1,PaaS,Public Cloud,GCP
604.73,webapp,medium,high,eu,46,8.33,98.87,1,0,0,0,0,0,1,IaaS,Private Cloud,Azure
6794.96,enterprise,high,basic,eu,161,30.91,96.47,0,0,0,0,0,0,0,SaaS,Public Cloud,Azure
1171.23,enterprise,high,basic,asia,236,21.05,98.62,0,0,0,0,0,0,0,SaaS,Public Cloud,AWS
50.0,startup,low,moderate,asia,63,1.52,95.77,1,0,0,0,0,0,1,PaaS,Public Cloud,GCP
1578.27,enterprise,medium,basic,asia,213,63.2,97.3,0,1,1,0,0,0,0,IaaS,Hybrid Cloud,Azure
3489.12,ml,medium,basic,us,226,47.79,97.84,0,0,0,0,1,0,0,IaaS,Public Cloud,GCP
269.95,startup,high,moderate,us,152,67.02,98.28,1,1,0,1,0,0,1,IaaS,Public Cloud,GCP
1855.23,webapp,medium,moderate,us,133,41.44,99.3,1,0,0,0,0,0,1,IaaS,Hybrid Cloud,AWS
1891.75,enterprise,high,basic,us,58,212.77,96.58,0,0,1,0,0,1,0,SaaS,Public Cloud,Azure
412.59,enterprise,high,high,eu,32,35.54,99.93,1,0,0,0,0,0,0,IaaS,Hybrid Cloud,Azure
547.22,startup,high,moderate,asia,239,476.45,99.33,1,1,0,1,0,0,1,IaaS,Public Cloud,GCP
480.83,webapp,high,moderate,eu,410,311.73,97.19,0,1,0,0,0,1,1,PaaS,Public Cloud,AWS
402.53,webapp,high,moderate,asia,478,10.34,95.25,0,0,0,0,0,1,1,PaaS,Public Cloud,GCP
253.63,startup,high,basic,us,23,216.28,98.56,0,0,0,1,0,0,1,PaaS,Public Cloud,GCP
262.72,webapp,low,basic,us,172,47.86,97.38,0,0,0,1,0,0,1,PaaS,Public Cloud,GCP
3254.9,webapp,high,high,us,329,51.26,95.07,1,0,0,0,0,1,0,IaaS,Private Cloud,AWS
4438.82,enterprise,high,basic,asia,290,142.19,98.64,0,1,1,0,0,1,0,IaaS,Public Cloud,Azure
73.88,startup,medium,basic,asia,51,363.21,96.02,0,0,0,0,0,0,1,PaaS,Public Cloud,GCP
1977.43,webapp,low,moderate,asia,266,42.04,95.65,1,1,0,1,0,0,1,IaaS,Hybrid Cloud,GCP
2903.55,enterprise,high,basic,asia,24,18.3,96.31,0,1,0,0,0,1,0,SaaS,Public Cloud,AWS
297.88,startup,medium,high,asia,374,103.35,95.31,1,1,0,1,0,0,1,IaaS,Hybrid Cloud,GCP
749.71,webapp,high,basic,us,413,18.54,97.6,0,0,0,1,0,1,1,PaaS,Public Cloud,AWS
8441.24,enterprise,high,basic,us,138,24.02,95.52,0,1,1,0,0,1,0,IaaS,Public Cloud,Azure
302.91,webapp,medium,moderate,us,123,96.27,95.36,0,1,0,0,0,0,1,PaaS,Public Cloud,AWS
272.59,webapp,high,moderate,us,55,37.36,97.16,1,0,0,1,0,0,1,PaaS,Public Cloud,GCP
1403.55,webapp,medium,moderate,eu,155,27.59,98.44,0,0,0,0,0,0,1,PaaS,Public Cloud,AWS
237.14,webapp,low,high,us,239,23.2,99.13,1,1,0,0,0,0,1,IaaS,Private Cloud,AWS
1199.76,enterprise,medium,moderate,eu,460,16.11,99.23,1,1,1,0,0,0,0,IaaS,Hybrid Cloud,Azure
6122.24,enterprise,medium,high,us,123,629.54,98.22,1,1,0,0,0,0,0,IaaS,Hybrid Cloud,AWS
14428.67,enterprise,medium,high,asia,213,22.25,99.53,1,0,1,0,0,0,0,IaaS,Private Cloud,Azure
380.06,webapp,medium,high,asia,104,151.29,96.17,1,0,0,0,0,0,1,IaaS,Private Cloud,GCP
647.16,startup,low,moderate,asia,71,86.76,95.93,1,1,0,1,0,0,1,IaaS,Public Cloud,GCP
390.5,webapp,low,moderate,asia,455,8.02,97.32,0,0,0,1,0,0,1,PaaS,Public Cloud,GCP
210.73,startup,medium,moderate,us,65,254.75,95.93,1,1,0,0,0,0,1,PaaS,Public Cloud,AWS
11996.71,enterprise,low,high,us,468,94.2,96.43,1,0,1,0,0,0,0,IaaS,Private Cloud,Azure
972.1,ml,high,high,us,108,26.36,95.69,1,1,0,0,1,0,0,IaaS,Hybrid Cloud,GCP
1002.64,startup,medium,basic,eu,199,84.35,96.83,0,1,0,1,0,0,1,PaaS,Public Cloud,GCP
276.91,startup,low,high,asia,423,137.69,98.45,1,1,0,1,0,0,1,IaaS,Private Cloud,GCP
131.84,startup,high,moderate,asia,336,1.95,98.84,1,0,0,0,0,0,1,PaaS,Public Cloud,GCP
544.17,startup,high,moderate,eu,248,33.53,95.29,0,0,0,0,0,1,1,PaaS,Public Cloud,AWS
4060.13,enterprise,high,high,us,209,15.22,95.83,1,1,1,0,0,1,0,IaaS,Hybrid Cloud,Azure
1947.52,enterprise,high,moderate,us,325,67.92,95.26,1,0,1,0,0,1,0,IaaS,Hybrid Cloud,Azure
934.57,startup,high,basic,eu,359,271.78,99.35,0,0,0,0,0,0,1,PaaS,Public Cloud,AWS
13330.75,enterprise,high,basic,us,250,94.22,98.25,0,0,1,0,0,0,0,IaaS,Public Cloud,Azure
465.19,webapp,medium,high,us,194,391.81,96.67,1,0,0,0,0,0,1,IaaS,Private Cloud,AWS
532.35,startup,medium,high,eu,375,19.01,95.15,1,1,0,0,0,0,1,IaaS,Hybrid Cloud,Azure
4533.27,enterprise,low,basic,eu,357,39.21,96.0,0,0,1,0,0,0,0,SaaS,Public Cloud,Azure
2446.21,enterprise,low,basic,us,181,409.45,98.86,0,0,0,0,0,0,0,SaaS,Public Cloud,AWS
138.65,startup,low,basic,us,94,16.24,95.13,0,0,0,1,0,0,1,PaaS,Public Cloud,GCP
1230.55,webapp,medium,moderate,asia,81,22.91,99.28,0,1,0,1,0,0,1,PaaS,Hybrid Cloud,GCP
50.0,startup,medium,moderate,us,281,73.53,96.77,0,0,0,0,0,0,1,PaaS,Public Cloud,AWS
9095.06,ml,medium,high,us,399,12.69,99.97,1,0,0,0,1,0,0,IaaS,Private Cloud,GCP
85.3,webapp,medium,basic,eu,275,7.64,99.51,0,1,0,0,0,0,1,PaaS,Public Cloud,GCP
4098.53,enterprise,medium,moderate,asia,353,77.42,97.19,0,1,1,0,0,0,0,IaaS,Hybrid Cloud,Azure
2404.01,enterprise,low,moderate,us,140,65.13,95.62,0,1,0,0,0,0,0,IaaS,Hybrid Cloud,AWS
1375.76,enterprise,low,moderate,us,399,64.46,99.35,1,0,0,0,0,0,0,IaaS,Private Cloud,AWS
875.29,webapp,medium,moderate,eu,249,48.56,96.18,0,0,0,1,0,0,1,PaaS,Public Cloud,GCP
193.84,webapp,medium,moderate,eu,323,15.51,99.34,0,1,0,0,0,0,1,PaaS,Public Cloud,AWS
448.15,webapp,medium,basic,eu,309,777.5,95.76,0,1,0,0,0,0,1,PaaS,Public Cloud,AWS
716.97,startup,high,high,asia,321,29.57,99.28,1,0,0,0,0,0,1,IaaS,Public Cloud,AWS
335.07,startup,low,moderate,asia,433,5.18,96.35,0,1,0,1,0,0,1,PaaS,Public Cloud,GCP
110.92,startup,medium,basic,eu,74,323.28,96.37,0,0,0,0,0,0,1,PaaS,Public Cloud,AWS
432.4,webapp,medium,basic,us,406,23.39,98.11,0,1,0,1,0,0,1,PaaS,Public Cloud,GCP
1129.6,enterprise,medium,moderate,eu,354,139.74,97.88,0,0,1,0,0,0,0,IaaS,Hybrid Cloud,Azure
2074.04,webapp,high,high,us,170,3851.31,99.62,1,0,0,1,0,1,0,IaaS,Private Cloud,AWS
1014.71,webapp,low,basic,us,488,1245.99,95.56,0,0,0,0,0,0,1,PaaS,Public Cloud,AWS
18418.88,enterprise,high,moderate,asia,493,187.26,99.39,1,0,0,0,0,1,0,IaaS,Hybrid Cloud,AWS
285.71,webapp,medium,high,eu,274,426.08,97.18,1,0,0,0,0,0,1,IaaS,Private Cloud,Azure
573.63,webapp,high,high,us,419,104.98,95.48,1,0,0,0,0,0,1,IaaS,Private Cloud,AWS
372.61,startup,medium,basic,eu,108,15.0,95.39,0,0,0,0,0,0,1,PaaS,Public Cloud,GCP
387.92,startup,high,basic,asia,267,42.57,98.83,0,0,0,0,0,0,1,PaaS,Public Cloud,GCP
172.3,webapp,high,high,us,263,167.64,99.27,1,1,0,0,0,0,1,IaaS,Hybrid Cloud,AWS
1844.77,enterprise,medium,moderate,eu,129,47.78,97.87,0,1,1,0,0,0,0,IaaS,Hybrid Cloud,Azure
2596.49,enterprise,medium,high,us,167,421.58,95.29,1,0,0,0,0,0,0,IaaS,Private Cloud,AWS
120.19,startup,low,high,asia,362,374.79,96.75,1,1,0,0,0,0,1,IaaS,Private Cloud,GCP
559.33,webapp,low,high,asia,309,315.52,99.66,1,1,0,1,0,0,1,IaaS,Private Cloud,GCP
171.22,startup,high,moderate,us,21,178.29,97.54,0,1,0,1,0,0,1,PaaS,Public Cloud,GCP
437.74,startup,high,basic,us,231,8.12,95.98,0,0,0,1,0,0,1,PaaS,Public Cloud,GCP
3011.59,ml,medium,basic,eu,76,15.53,95.76,0,0,0,0,1,0,0,IaaS,Public Cloud,GCP
3912.67,enterprise,medium,high,asia,388,27.1,98.94,1,1,1,0,0,0,0,IaaS,Hybrid Cloud,Azure
212.98,webapp,low,moderate,us,122,11.89,96.82,0,1,0,0,0,0,1,PaaS,Public Cloud,AWS
893.77,webapp,high,high,asia,210,94.1,98.48,1,1,0,1,0,0,1,IaaS,Hybrid Cloud,GCP
2915.68,ml,low,moderate,us,348,111.0,95.19,1,0,0,0,1,0,0,IaaS,Private Cloud,GCP
11921.46,enterprise,low,basic,eu,415,9.57,99.54,0,1,1,0,0,0,0,IaaS,Hybrid Cloud,Azure
146.39,webapp,medium,high,eu,312,10.94,99.04,1,0,0,1,0,0,1,IaaS,Private Cloud,GCP
50.0,startup,medium,basic,eu,430,161.85,99.4,0,0,0,1,0,0,1,PaaS,Public Cloud,GCP
315.56,startup,low,moderate,us,454,5.01,96.97,1,1,0,1,0,0,1,IaaS,Public Cloud,GCP
521.32,startup,high,basic,eu,480,86.77,95.91,0,0,0,0,0,0,1,PaaS,Public Cloud,AWS
4216.79,enterprise,high,basic,asia,85,7.06,97.74,0,0,0,0,0,1,0,SaaS,Public Cloud,AWS
4219.45,enterprise,medium,moderate,asia,217,95.81,97.94,0,0,1,0,0,0,0,IaaS,Hybrid Cloud,Azure
675.91,webapp,high,basic,eu,419,109.69,98.46,0,0,0,1,0,1,1,PaaS,Public Cloud,GCP
324.25,webapp,high,basic,us,108,2.91,95.46,0,0,0,1,0,1,1,PaaS,Public Cloud,GCP
423.72,webapp,medium,high,asia,112,23.48,98.95,1,1,0,0,0,0,1,IaaS,Hybrid Cloud,GCP
90.5,webapp,high,basic,asia,424,17.63,97.42,0,0,0,0,0,1,1,PaaS,Public Cloud,GCP
1115.8,webapp,high,moderate,us,161,70.34,95.36,1,1,0,1,0,1,1,IaaS,Hybrid Cloud,AWS
676.44,enterprise,medium,basic,eu,335,2875.18,96.26,0,0,1,0,0,0,0,SaaS,Public Cloud,Azure
600.51,webapp,medium,high,eu,372,20.01,99.82,1,0,0,0,0,0,1,IaaS,Private Cloud,Azure
8710.77,enterprise,low,moderate,eu,428,36.16,98.87,1,0,1,0,0,0,0,IaaS,Private Cloud,Azure
259.66,webapp,medium,moderate,us,35,100.3,98.06,0,0,0,1,0,0,1,PaaS,Public Cloud,GCP
724.2,webapp,medium,moderate,eu,29,23.82,96.77,0,1,0,0,0,0,1,PaaS,Public Cloud,AWS
2488.35,enterprise,medium,basic,us,33,82.38,95.22,0,1,0,0,0,0,0,SaaS,Hybrid Cloud,AWS
488.11,startup,low,basic,asia,342,97.99,96.16,0,1,0,0,0,0,1,PaaS,Public Cloud,GCP
1562.44,webapp,high,moderate,eu,400,45.36,98.52,1,1,0,0,0,0,1,IaaS,Hybrid Cloud,Azure
463.55,startup,medium,basic,us,196,26.04,99.14,0,1,0,0,0,0,1,PaaS,Public Cloud,AWS
475.78,enterprise,high,basic,eu,340,4785.3,98.24,0,1,0,0,0,0,0,SaaS,Public Cloud,AWS
116.27,startup,medium,moderate,us,461,18.07,98.2,1,1,0,1,0,0,1,IaaS,Public Cloud,GCP
734.19,webapp,medium,high,eu,228,113.66,96.01,1,0,0,0,0,0,1,IaaS,Private Cloud,Azure
142.79,webapp,high,basic,us,474,47.68,98.3,0,1,0,1,0,1,1,PaaS,Public Cloud,GCP
926.77,startup,high,high,asia,87,350.72,98.53,1,1,0,0,0,0,1,IaaS,Hybrid Cloud,AWS
748.91,startup,high,high,us,39,27.16,95.56,1,1,0,1,0,1,1,IaaS,Public Cloud,AWS
176.41,webapp,medium,high,us,75,8.4,99.05,1,0,0,0,0,0,1,IaaS,Private Cloud,AWS
811.14,webapp,low,moderate,asia,418,2.01,97.74,1,1,0,1,0,0,1,IaaS,Hybrid Cloud,GCP
4426.35,webapp,high,moderate,eu,416,30.33,96.19,0,1,0,0,0,1,0,IaaS,Hybrid Cloud,AWS
1322.08,webapp,low,moderate,us,185,48.06,95.48,0,0,0,1,0,0,1,PaaS,Public Cloud,GCP
393.52,webapp,medium,moderate,us,489,3.21,99.07,0,0,0,1,0,0,1,PaaS,Public Cloud,GCP
322.57,webapp,high,moderate,asia,288,100.99,97.22,1,1,0,0,0,1,1,IaaS,Public Cloud,GCP
3154.29,enterprise,high,moderate,asia,448,17.77,98.22,1,0,0,0,0,1,0,IaaS,Hybrid Cloud,AWS
1284.31,webapp,high,basic,us,112,79.96,96.01,0,0,0,0,0,0,1,PaaS,Public Cloud,AWS
1592.78,ml,high,basic,us,197,43.16,98.98,0,0,0,0,1,1,0,IaaS,Public Cloud,GCP
66.58,startup,high,basic,eu,237,112.17,95.97,0,1,0,0,0,1,1,PaaS,Public Cloud,AWS
231.24,startup,low,moderate,asia,146,14.71,96.86,0,1,0,1,0,0,1,PaaS,Public Cloud,GCP
81.34,startup,low,high,eu,44,27.9,96.52,1,0,0,0,0,0,1,PaaS,Private Cloud,Azure
124.13,ml,low,basic,us,145,41.15,98.0,0,0,0,0,1,0,0,IaaS,Public Cloud,GCP
989.29,webapp,medium,high,asia,56,170.62,97.49,1,0,0,1,0,0,1,IaaS,Private Cloud,GCP
974.06,enterprise,high,high,asia,254,220.0,99.52,1,1,0,0,0,0,0,IaaS,Hybrid Cloud,AWS
1531.73,webapp,low,basic,us,201,1607.57,98.86,0,0,0,1,0,0,1,PaaS,Public Cloud,AWS
593.3,webapp,low,moderate,eu,426,68.61,96.72,1,1,0,0,0,0,1,IaaS,Hybrid Cloud,Azure
4322.12,enterprise,high,high,us,326,12.64,99.52,1,0,0,0,0,1,0,IaaS,Private Cloud,AWS
3737.29,enterprise,low,high,eu,383,229.42,98.29,1,0,0,0,0,0,0,IaaS,Private Cloud,Azure
265.74,webapp,high,basic,eu,358,71.95,98.58,0,1,0,0,0,1,1,PaaS,Public Cloud,AWS
6364.57,enterprise,medium,high,asia,201,2.86,98.41,1,0,1,0,0,0,0,IaaS,Private Cloud,Azure
190.95,webapp,medium,moderate,us,292,311.68,97.49,1,0,0,0,0,0,1,PaaS,Public Cloud,AWS
870.57,webapp,low,moderate,us,149,333.72,97.06,1,0,0,0,0,0,1,IaaS,Private Cloud,AWS
797.54,webapp,high,moderate,eu,83,151.93,99.96,0,0,0,0,0,1,1,PaaS,Public Cloud,AWS
1897.96,webapp,medium,moderate,asia,76,103.76,98.65,0,0,0,1,0,0,1,PaaS,Public Cloud,GCP
10838.73,enterprise,high,basic,eu,180,34.68,99.47,0,1,1,0,0,0,0,IaaS,Public Cloud,Azure
142.63,webapp,medium,high,eu,497,159.37,99.5,1,1,0,1,0,0,1,IaaS,Hybrid Cloud,GCP
1208.15,webapp,high,moderate,asia,62,33.92,99.96,0,1,0,0,0,1,1,PaaS,Public Cloud,AWS
2923.46,enterprise,medium,moderate,asia,390,54.38,98.11,0,0,1,0,0,0,0,IaaS,Hybrid Cloud,Azure
56.28,startup,medium,basic,eu,293,3.24,95.64,0,1,0,1,0,0,1,PaaS,Public Cloud,GCP
76.9,startup,high,basic,asia,190,47.49,97.61,0,0,0,0,0,0,1,PaaS,Public Cloud,GCP
4306.01,ml,high,moderate,us,328,146.34,97.23,1,0,0,0,1,1,0,IaaS,Public Cloud,GCP
2217.81,ml,medium,moderate,asia,151,194.07,98.45,0,1,0,0,1,0,0,IaaS,Hybrid Cloud,GCP
97.96,startup,high,moderate,asia,127,163.75,98.89,0,0,0,0,0,1,1,PaaS,Public Cloud,GCP
68.89,webapp,medium,moderate,eu,468,36.52,98.68,1,0,0,0,0,0,1,PaaS,Public Cloud,Azure
842.41,webapp,medium,moderate,asia,407,16.31,96.14,0,0,0,1,0,0,1,PaaS,Public Cloud,GCP
1188.42,webapp,medium,moderate,eu,204,4.48,99.65,1,0,0,0,0,0,1,IaaS,Private Cloud,Azure
1217.18,enterprise,low,moderate,us,320,139.13,96.73,1,1,1,0,0,0,0,IaaS,Hybrid Cloud,Azure
251.92,startup,low,moderate,us,72,52.99,99.55,1,0,0,0,0,0,1,PaaS,Public Cloud,AWS
5848.92,webapp,medium,basic,asia,6,472.63,98.99,0,0,0,0,0,0,0,PaaS,Public Cloud,GCP
957.81,startup,high,basic,eu,185,35.72,95.4,0,0,0,1,0,0,1,PaaS,Public Cloud,GCP
795.03,webapp,high,moderate,us,440,278.42,98.15,0,1,0,1,0,1,1,IaaS,Public Cloud,AWS
171.78,webapp,medium,basic,asia,465,121.8,97.74,0,0,0,1,0,0,1,PaaS,Public Cloud,GCP
370.22,webapp,medium,moderate,asia,52,18.41,99.0,1,0,0,1,0,0,1,PaaS,Public Cloud,GCP
893.6,ml,medium,moderate,asia,143,27.35,96.78,0,0,0,0,1,0,0,IaaS,Public Cloud,GCP
766.87,webapp,high,moderate,eu,232,29.61,98.47,0,0,0,1,0,0,1,PaaS,Public Cloud,GCP
3402.66,webapp,high,high,eu,122,18.51,99.76,1,0,0,0,0,1,0,IaaS,Private Cloud,Azure
1544.59,startup,medium,high,us,123,31.11,97.05,1,0,0,1,0,0,1,IaaS,Private Cloud,GCP
78.58,startup,low,high,eu,63,7.67,97.98,1,1,0,1,0,0,1,IaaS,Private Cloud,GCP
162.51,startup,low,high,us,466,56.24,97.59,1,1,0,0,0,0,1,IaaS,Private Cloud,AWS
8617.56,enterprise,high,moderate,eu,141,35.79,96.41,1,0,1,0,0,1,0,IaaS,Hybrid Cloud,Azure
386.05,webapp,high,moderate,asia,360,64.81,99.99,0,0,0,0,0,0,1,PaaS,Public Cloud,GCP
140.64,startup,high,high,asia,245,29.73,99.22,1,0,0,1,0,0,1,IaaS,Public Cloud,GCP
850.95,webapp,low,high,asia,155,65.1,99.4,1,0,0,0,0,0,1,IaaS,Private Cloud,AWS
751.98,webapp,high,basic,eu,323,17.46,97.7,0,1,0,1,0,1,1,PaaS,Public Cloud,GCP
22499.28,enterprise,high,basic,us,495,30.88,99.42,0,1,1,0,0,0,0,IaaS,Hybrid Cloud,Azure
150.14,webapp,medium,moderate,us,184,700.53,95.48,0,0,0,0,0,0,1,PaaS,Public Cloud,AWS
2677.01,enterprise,high,moderate,us,80,489.46,97.63,1,0,0,0,0,1,0,IaaS,Hybrid Cloud,AWS
271.25,startup,high,basic,us,4,21.47,99.12,0,1,0,1,0,0,1,SaaS,Public Cloud,GCP
1327.7,ml,high,moderate,us,306,163.83,96.44,1,1,0,0,1,0,0,IaaS,Hybrid Cloud,GCP
466.34,ml,high,basic,eu,5,14.01,98.44,0,1,0,0,1,0,0,SaaS,Public Cloud,GCP
3483.74,enterprise,high,basic,asia,484,6.85,95.4,0,1,1,0,0,0,0,IaaS,Public Cloud,Azure
7223.29,webapp,medium,basic,us,115,2914.58,96.06,0,0,0,1,0,0,0,PaaS,Public Cloud,AWS
169.22,startup,low,basic,eu,272,24.63,97.14,0,0,0,0,0,0,1,PaaS,Public Cloud,GCP
6594.59,enterprise,medium,high,asia,250,27.87,97.02,1,1,0,0,0,0,0,IaaS,Hybrid Cloud,Azure
1869.16,enterprise,high,high,eu,364,839.38,99.03,1,1,0,0,0,1,0,IaaS,Hybrid Cloud,Azure
365.33,webapp,high,moderate,eu,484,22.63,96.73,0,0,0,0,0,1,1,PaaS,Public Cloud,AWS
577.84,webapp,high,moderate,asia,102,8.38,98.06,0,1,0,1,0,0,1,PaaS,Public Cloud,GCP
10154.48,enterprise,medium,moderate,eu,18,1.46,95.36,0,0,0,0,0,0,0,IaaS,Hybrid Cloud,Azure
7359.66,enterprise,high,basic,asia,480,76.26,95.96,0,1,1,0,0,0,0,IaaS,Public Cloud,Azure
389.01,webapp,medium,high,asia,305,2.58,98.52,1,1,0,0,0,0,1,IaaS,Hybrid Cloud,GCP
387.81,webapp,low,basic,us,128,78.05,96.8,0,0,0,1,0,0,1,PaaS,Public Cloud,GCP
409.5,startup,low,basic,eu,279,31.98,95.82,0,0,0,0,0,0,1,PaaS,Public Cloud,AWS
135.36,startup,medium,moderate,eu,131,106.19,99.37,0,1,0,1,0,0,1,PaaS,Public Cloud,GCP
115.76,startup,high,high,eu,79,346.61,95.16,1,0,0,0,0,1,1,PaaS,Public Cloud,AWS
1579.78,webapp,medium,moderate,us,311,77.82,99.14,0,0,0,0,0,0,1,PaaS,Public Cloud,AWS
10207.08,ml,high,moderate,us,461,56.11,99.71,1,0,0,0,1,1,0,IaaS,Public Cloud,GCP
222.05,startup,high,moderate,asia,279,12.41,98.93,0,1,0,1,0,0,1,PaaS,Public Cloud,GCP
4214.13,enterprise,high,high,us,452,175.73,97.56,1,0,1,0,0,0,0,IaaS,Hybrid Cloud,Azure
171.07,startup,high,basic,eu,121,8.13,95.57,0,0,0,0,0,1,1,PaaS,Public Cloud,AWS
656.14,webapp,high,basic,us,308,146.38,98.89,0,1,0,0,0,0,1,PaaS,Public Cloud,AWS
2653.83,ml,medium,basic,eu,231,1076.65,96.36,0,0,0,0,1,0,0,IaaS,Public Cloud,GCP
227.96,startup,medium,moderate,asia,219,251.53,95.3,0,1,0,1,0,0,1,PaaS,Public Cloud,GCP
655.92,ml,medium,high,eu,488,13.75,99.43,1,0,0,0,1,0,0,IaaS,Private Cloud,Azure
204.64,startup,low,basic,us,419,114.69,98.14,0,1,0,0,0,0,1,PaaS,Public Cloud,AWS
82.24,startup,low,moderate,us,143,230.11,99.65,0,0,0,1,0,0,1,PaaS,Public Cloud,GCP
93.6,startup,high,basic,asia,418,85.88,96.15,0,0,0,1,0,1,1,PaaS,Public Cloud,GCP
774.77,startup,low,moderate,us,303,12.23,97.88,1,0,0,0,0,0,1,IaaS,Public Cloud,AWS
2808.41,ml,medium,high,us,1,11.51,95.02,1,0,0,0,1,0,0,IaaS,Private Cloud,GCP
137.1,startup,medium,moderate,eu,35,133.79,99.66,1,0,0,0,0,0,1,PaaS,Public Cloud,Azure
1202.59,ml,medium,moderate,us,409,8.17,98.01,1,0,0,0,1,0,0,IaaS,Hybrid Cloud,GCP
334.06,startup,high,basic,eu,68,114.18,97.29,0,1,0,1,0,0,1,PaaS,Public Cloud,GCP
498.75,webapp,low,basic,us,290,9.11,98.72,0,0,0,0,0,0,1,PaaS,Public Cloud,AWS
1326.07,enterprise,high,high,eu,117,45.0,95.72,1,1,1,0,0,1,0,IaaS,Hybrid Cloud,Azure
207.68,startup,low,basic,eu,46,120.03,95.96,0,0,0,0,0,0,1,PaaS,Public Cloud,AWS
2185.36,webapp,medium,high,eu,170,20.25,96.96,1,1,0,0,0,0,0,IaaS,Hybrid Cloud,Azure
112.83,startup,medium,high,eu,33,288.14,96.68,1,0,0,1,0,0,1,IaaS,Private Cloud,GCP
399.4,webapp,low,basic,us,233,55.13,97.22,0,0,0,1,0,0,1,PaaS,Public Cloud,GCP
990.88,startup,medium,basic,us,142,2.19,95.19,0,1,0,1,0,0,1,PaaS,Public Cloud,GCP
204.58,webapp,medium,basic,asia,325,0.81,95.69,0,1,0,1,0,0,1,PaaS,Public Cloud,GCP
966.93,enterprise,high,moderate,asia,434,3.35,97.59,0,1,0,0,0,1,0,IaaS,Public Cloud,AWS
515.26,webapp,medium,moderate,asia,307,17.13,97.69,0,1,0,1,0,0,1,IaaS,Public Cloud,GCP
705.73,startup,high,moderate,eu,367,144.57,97.89,1,0,0,0,0,0,1,IaaS,Public Cloud,Azure
106.97,webapp,medium,high,asia,163,15.48,99.19,1,0,0,1,0,0,1,IaaS,Private Cloud,GCP
1354.01,webapp,medium,high,asia,320,46.21,99.65,1,0,0,1,0,0,1,IaaS,Private Cloud,GCP
7820.32,enterprise,high,high,asia,204,22.16,96.59,1,0,1,0,0,1,0,IaaS,Private Cloud,Azure
7440.32,enterprise,high,moderate,eu,178,40.51,96.43,1,0,1,0,0,1,0,IaaS,Hybrid Cloud,Azure
1257.5,webapp,medium,basic,eu,372,7.6,96.89,0,1,0,0,0,0,1,PaaS,Public Cloud,AWS
3966.99,enterprise,medium,high,asia,219,13.02,99.54,1,1,1,0,0,0,0,IaaS,Hybrid Cloud,Azure
128.59,startup,medium,basic,eu,24,76.14,98.66,0,1,0,1,0,0,1,PaaS,Public Cloud,GCP
83.9,startup,medium,moderate,asia,423,7.37,96.36,0,0,0,0,0,0,1,PaaS,Public Cloud,GCP
184.16,webapp,medium,basic,eu,288,42.82,97.54,0,0,0,1,0,0,1,PaaS,Public Cloud,GCP
215.32,webapp,high,high,eu,375,27.42,95.74,1,0,0,0,0,0,1,IaaS,Private Cloud,Azure
2988.81,enterprise,high,basic,eu,32,3.51,98.12,0,0,0,0,0,0,0,SaaS,Public Cloud,Azure
1621.98,ml,low,moderate,asia,184,100.76,96.52,1,1,0,0,1,0,0,IaaS,Hybrid Cloud,GCP
6465.96,enterprise,medium,moderate,us,214,233.65,96.79,0,0,1,0,0,0,0,IaaS,Hybrid Cloud,Azure
833.23,startup,high,basic,eu,242,23.17,97.03,0,1,0,0,0,1,1,PaaS,Public Cloud,AWS
180.06,startup,medium,moderate,eu,224,12.03,95.62,1,1,0,1,0,0,1,IaaS,Public Cloud,GCP
551.73,enterprise,medium,basic,eu,233,55.91,98.38,0,1,1,0,0,0,0,IaaS,Public Cloud,Azure
6455.52,enterprise,medium,basic,asia,118,249.72,97.68,0,0,0,0,0,0,0,SaaS,Public Cloud,AWS
2023.38,webapp,medium,high,asia,403,52.17,99.19,1,1,0,0,0,0,0,IaaS,Hybrid Cloud,GCP
18148.29,enterprise,low,high,asia,146,63.54,95.19,1,1,0,0,0,0,0,IaaS,Private Cloud,Azure
428.95,startup,medium,moderate,asia,111,28.68,98.13,1,0,0,1,0,0,1,PaaS,Public Cloud,GCP
615.37,webapp,low,high,asia,118,43.15,95.99,1,0,0,0,0,0,1,IaaS,Private Cloud,AWS
274.22,startup,medium,moderate,us,281,2.73,96.35,0,1,0,1,0,0,1,PaaS,Public Cloud,GCP
580.31,webapp,medium,basic,eu,268,9.45,99.12,0,1,0,1,0,0,1,PaaS,Public Cloud,GCP
150.12,webapp,high,moderate,us,4,3.4,95.6,0,0,0,0,0,0,1,PaaS,Public Cloud,AWS
50.0,startup,high,high,us,102,32.78,97.99,1,1,0,0,0,0,1,IaaS,Public Cloud,AWS
250.92,startup,medium,moderate,asia,97,1.73,95.4,1,0,0,1,0,0,1,PaaS,Public Cloud,GCP
114.76,webapp,low,moderate,us,203,86.18,96.26,1,1,0,1,0,0,1,IaaS,Hybrid Cloud,GCP
504.88,webapp,low,moderate,eu,162,143.01,99.77,1,0,0,0,0,0,1,IaaS,Public Cloud,Azure
2106.17,enterprise,medium,moderate,us,264,24.43,97.9,0,1,1,0,0,0,0,IaaS,Hybrid Cloud,Azure
2075.72,enterprise,medium,high,asia,442,58.13,95.76,1,1,0,0,0,0,0,IaaS,Hybrid Cloud,Azure
3685.46,webapp,medium,basic,us,179,158.83,99.94,0,1,0,1,0,0,0,PaaS,Public Cloud,GCP
391.91,webapp,medium,high,asia,400,233.32,96.67,1,1,0,0,0,0,1,IaaS,Hybrid Cloud,GCP
683.88,webapp,low,basic,eu,95,36.95,98.95,0,0,0,1,0,0,1,PaaS,Public Cloud,GCP
826.47,webapp,high,moderate,asia,488,800.18,97.29,1,0,0,1,0,0,1,IaaS,Public Cloud,GCP
197.23,startup,medium,basic,us,372,234.57,95.37,0,1,0,1,0,0,1,PaaS,Public Cloud,GCP
2792.85,webapp,low,high,eu,181,111.55,95.28,1,0,0,0,0,0,0,IaaS,Private Cloud,Azure
3883.89,enterprise,high,basic,eu,165,156.55,96.15,0,0,1,0,0,1,0,SaaS,Public Cloud,Azure
115.09,startup,medium,high,us,29,149.24,96.53,1,0,0,0,0,0,1,PaaS,Private Cloud,AWS
528.09,webapp,low,basic,us,73,2.28,96.3,0,0,0,0,0,0,1,PaaS,Public Cloud,AWS
186.13,webapp,low,high,eu,19,12.0,98.4,1,1,0,1,0,0,1,IaaS,Private Cloud,GCP
65.44,webapp,high,moderate,eu,417,7.73,97.11,1,0,0,1,0,1,1,PaaS,Public Cloud,GCP
244.84,webapp,medium,basic,eu,41,39.94,98.79,0,1,0,1,0,0,1,PaaS,Public Cloud,GCP
8952.01,enterprise,medium,basic,asia,374,2.63,97.48,0,0,1,0,0,0,0,SaaS,Public Cloud,Azure
894.13,ml,low,basic,us,143,245.34,98.47,0,0,0,0,1,0,0,IaaS,Public Cloud,GCP
139.73,webapp,medium,moderate,us,129,16.14,99.19,0,0,0,1,0,0,1,PaaS,Public Cloud,GCP
229.68,startup,medium,high,asia,133,29.62,95.52,1,0,0,1,0,0,1,IaaS,Private Cloud,GCP
364.14,startup,medium,high,eu,89,28.76,98.73,1,0,0,0,0,0,1,PaaS,Private Cloud,Azure
537.02,webapp,medium,moderate,eu,419,7.83,97.65,0,0,0,0,0,0,1,PaaS,Public Cloud,AWS
11384.24,enterprise,high,high,eu,375,312.53,95.0,1,1,1,0,0,0,0,IaaS,Hybrid Cloud,Azure
1641.28,ml,medium,moderate,eu,272,157.56,99.26,0,1,0,0,1,0,0,IaaS,Hybrid Cloud,GCP
454.84,webapp,medium,high,asia,240,5.61,97.7,1,0,0,0,0,0,1,IaaS,Private Cloud,GCP
3248.97,enterprise,high,moderate,asia,232,26.48,98.0,1,0,1,0,0,0,0,IaaS,Hybrid Cloud,Azure
112.29,startup,medium,basic,eu,135,15.28,95.93,0,1,0,1,0,0,1,PaaS,Public Cloud,GCP
298.23,webapp,high,high,eu,21,259.97,97.09,1,1,0,0,0,1,1,IaaS,Hybrid Cloud,AWS
175.62,startup,medium,high,us,129,18.18,96.55,1,0,0,0,0,0,1,IaaS,Private Cloud,AWS
1002.68,webapp,low,basic,asia,433,52.12,98.15,0,0,0,0,0,0,1,PaaS,Public Cloud,AWS
9749.38,enterprise,medium,high,eu,159,26.31,99.06,1,0,1,0,0,0,0,IaaS,Private Cloud,Azure
346.62,startup,high,basic,us,173,27.5,99.96,0,0,0,0,0,1,1,PaaS,Public Cloud,AWS
585.02,webapp,low,moderate,asia,93,52.39,96.53,1,0,0,0,0,0,1,PaaS,Public Cloud,AWS
100.33,webapp,medium,moderate,eu,162,40.25,96.79,0,1,0,1,0,0,1,PaaS,Public Cloud,GCP
672.97,ml,high,basic,us,103,5.08,95.17,0,0,0,0,1,0,0,IaaS,Public Cloud,GCP
185.63,startup,low,basic,asia,99,284.12,96.7,0,0,0,1,0,0,1,PaaS,Public Cloud,GCP
112.19,startup,high,high,asia,58,145.59,97.92,1,1,0,0,0,1,1,IaaS,Hybrid Cloud,GCP
214.75,webapp,low,moderate,asia,383,49.02,98.87,0,1,0,1,0,0,1,PaaS,Public Cloud,GCP
1504.07,webapp,medium,high,us,381,15.84,96.48,1,0,0,1,0,0,1,IaaS,Private Cloud,GCP
486.81,webapp,low,moderate,us,9,285.42,97.17,1,0,0,1,0,0,1,PaaS,Private Cloud,GCP
26605.47,enterprise,low,high,us,187,6.38,97.41,1,0,1,0,0,0,0,IaaS,Private Cloud,Azure
771.05,enterprise,medium,moderate,us,198,32.96,96.35,1,0,0,0,0,0,0,IaaS,Hybrid Cloud,AWS
422.78,startup,medium,basic,eu,123,8.05,96.25,0,0,0,0,0,0,1,PaaS,Public Cloud,AWS
3377.09,ml,medium,high,asia,29,172.62,99.23,1,1,0,0,1,0,0,IaaS,Hybrid Cloud,GCP
208.57,startup,high,moderate,asia,363,31.79,97.62,0,0,0,1,0,0,1,PaaS,Public Cloud,GCP
8858.47,enterprise,medium,basic,us,19,17.28,97.88,0,1,0,0,0,0,0,SaaS,Hybrid Cloud,AWS
533.01,webapp,low,high,eu,202,20.52,99.95,1,0,0,0,0,0,1,IaaS,Private Cloud,Azure
7221.28,ml,medium,moderate,eu,303,176.3,98.89,1,1,0,0,1,0,0,IaaS,Hybrid Cloud,Azure
1138.55,webapp,low,basic,eu,63,28.8,95.31,0,1,0,1,0,0,1,PaaS,Public Cloud,GCP
404.86,webapp,high,moderate,eu,286,67.02,99.23,1,0,0,0,0,1,1,PaaS,Public Cloud,AWS
1265.4,startup,high,moderate,us,189,126.12,97.38,1,1,0,1,0,1,1,IaaS,Public Cloud,AWS
192.64,startup,high,basic,eu,258,151.88,99.11,0,1,0,1,0,0,1,PaaS,Public Cloud,GCP
304.93,startup,low,high,eu,169,11.96,98.35,1,1,0,1,0,0,1,IaaS,Private Cloud,GCP
99.33,startup,medium,moderate,asia,88,64.06,97.4,0,0,0,1,0,0,1,PaaS,Public Cloud,GCP
3149.0,enterprise,medium,moderate,eu,171,16.22,97.14,1,0,1,0,0,0,0,IaaS,Hybrid Cloud,Azure
113.67,startup,medium,basic,asia,136,3.9,97.94,0,0,0,1,0,0,1,PaaS,Public Cloud,GCP
18632.76,enterprise,medium,high,asia,202,25.14,98.79,1,1,0,0,0,0,0,IaaS,Hybrid Cloud,Azure
250.49,startup,high,basic,eu,222,38.13,96.19,0,0,0,1,0,1,1,PaaS,Public Cloud,GCP
160.39,startup,medium,high,asia,161,602.82,98.16,1,1,0,1,0,0,1,IaaS,Hybrid Cloud,GCP
10284.25,enterprise,high,high,asia,41,35.63,99.98,1,0,1,0,0,1,0,IaaS,Private Cloud,Azure
3782.18,webapp,medium,basic,eu,191,18.07,95.27,0,1,0,1,0,0,0,PaaS,Public Cloud,Azure
235.57,startup,medium,moderate,eu,353,988.67,96.32,1,0,0,1,0,0,1,PaaS,Public Cloud,GCP
21960.19,enterprise,high,basic,asia,120,13.71,96.58,0,0,1,0,0,1,0,IaaS,Public Cloud,Azure
5962.1,enterprise,medium,basic,asia,92,223.22,99.37,0,1,1,0,0,0,0,SaaS,Hybrid Cloud,Azure
416.81,webapp,medium,basic,us,495,56.3,96.03,0,0,0,0,0,0,1,PaaS,Public Cloud,AWS
103.74,startup,medium,high,eu,310,131.19,98.27,1,1,0,0,0,0,1,IaaS,Hybrid Cloud,Azure
19755.2,enterprise,medium,basic,eu,456,7.68,95.95,0,0,1,0,0,0,0,IaaS,Public Cloud,Azure
268.41,startup,low,basic,asia,9,139.03,98.47,0,0,0,0,0,0,1,PaaS,Public Cloud,GCP
2916.6,ml,medium,high,asia,217,43.56,99.95,1,1,0,0,1,0,0,IaaS,Hybrid Cloud,GCP
193.68,startup,medium,basic,eu,106,60.55,97.34,0,1,0,1,0,0,1,PaaS,Public Cloud,GCP
134.28,startup,medium,high,us,250,18.0,96.86,1,0,0,1,0,0,1,IaaS,Private Cloud,GCP
6481.67,enterprise,high,moderate,eu,426,38.97,95.55,0,1,0,0,0,1,0,IaaS,Hybrid Cloud,AWS
386.59,webapp,medium,moderate,eu,396,134.86,96.16,1,1,0,1,0,0,1,IaaS,Hybrid Cloud,GCP
1659.32,webapp,medium,basic,asia,260,23.61,96.6,0,0,0,1,0,0,1,PaaS,Public Cloud,GCP
3140.65,enterprise,low,moderate,us,336,277.27,97.16,0,1,1,0,0,0,0,IaaS,Hybrid Cloud,Azure
258.15,startup,low,basic,us,330,178.36,99.66,0,1,0,0,0,0,1,PaaS,Public Cloud,AWS
556.94,webapp,medium,basic,asia,494,47.53,98.25,0,0,0,1,0,0,1,PaaS,Public Cloud,GCP
402.91,webapp,high,moderate,us,441,435.88,97.23,0,1,0,1,0,1,1,PaaS,Public Cloud,GCP
67.97,startup,medium,moderate,us,418,11.32,96.12,1,1,0,1,0,0,1,IaaS,Public Cloud,GCP
547.14,startup,low,moderate,asia,205,697.34,98.68,1,0,0,1,0,0,1,IaaS,Public Cloud,GCP
280.09,startup,high,moderate,eu,236,32.99,97.43,0,0,0,1,0,1,1,PaaS,Public Cloud,GCP
120.58,startup,high,high,asia,53,137.7,97.51,1,1,0,0,0,0,1,IaaS,Hybrid Cloud,GCP
327.15,webapp,low,moderate,eu,371,84.73,97.73,0,0,0,0,0,0,1,PaaS,Public Cloud,AWS
1961.29,startup,medium,high,eu,451,4.69,98.37,1,0,0,1,0,0,1,IaaS,Private Cloud,Azure
498.96,startup,medium,high,eu,166,2.73,98.08,1,1,0,1,0,0,1,IaaS,Hybrid Cloud,GCP
4112.79,enterprise,low,moderate,asia,486,62.26,97.55,1,0,0,0,0,0,0,IaaS,Private Cloud,AWS
1502.12,webapp,high,basic,eu,14,1039.21,96.68,0,1,0,0,0,0,1,PaaS,Public Cloud,AWS
137.79,startup,medium,moderate,us,162,82.96,95.13,1,0,0,0,0,0,1,PaaS,Public Cloud,AWS
582.71,webapp,low,basic,eu,212,375.7,98.14,0,1,0,0,0,0,1,PaaS,Public Cloud,AWS
755.62,webapp,low,high,eu,428,5.41,95.42,1,0,0,1,0,0,1,IaaS,Private Cloud,Azure
127.89,webapp,medium,basic,us,158,10.99,99.7,0,1,0,0,0,0,1,PaaS,Public Cloud,AWS
134.88,webapp,high,moderate,us,481,172.43,96.2,0,0,0,0,0,0,1,PaaS,Public Cloud,AWS
5402.75,webapp,medium,moderate,asia,167,22.88,99.44,1,1,0,0,0,0,0,IaaS,Hybrid Cloud,AWS
2267.58,webapp,medium,high,us,268,128.48,97.99,1,1,0,0,0,0,0,IaaS,Hybrid Cloud,AWS
1523.65,enterprise,high,moderate,us,210,35.12,98.22,0,1,1,0,0,0,0,IaaS,Hybrid Cloud,Azure
3977.08,enterprise,high,basic,asia,446,6.19,98.2,0,0,1,0,0,0,0,SaaS,Public Cloud,Azure
1901.9,enterprise,low,basic,eu,201,25.11,97.59,0,0,1,0,0,0,0,SaaS,Public Cloud,Azure
1818.89,enterprise,high,basic,us,276,363.71,96.57,0,0,0,0,0,1,0,SaaS,Public Cloud,AWS
108.79,startup,low,moderate,asia,262,4.82,98.05,0,0,0,0,0,0,1,PaaS,Public Cloud,GCP
892.1,webapp,high,basic,eu,243,40.53,96.5,0,0,0,0,0,1,1,PaaS,Public Cloud,AWS
6945.19,ml,high,basic,asia,65,15.16,96.96,0,0,0,0,1,1,0,IaaS,Public Cloud,GCP
99.66,startup,low,high,eu,208,664.76,96.83,1,1,0,0,0,0,1,IaaS,Private Cloud,Azure
55.33,startup,medium,basic,asia,200,11.15,99.97,0,0,0,1,0,0,1,PaaS,Public Cloud,GCP
4594.49,webapp,medium,high,us,88,143.12,99.33,1,0,0,0,0,0,0,IaaS,Private Cloud,AWS
618.67,startup,high,basic,us,122,68.87,96.68,0,0,0,1,0,1,1,PaaS,Public Cloud,AWS
3655.9,enterprise,medium,high,eu,272,32.48,95.15,1,1,1,0,0,0,0,IaaS,Hybrid Cloud,Azure
50.0,startup,high,moderate,asia,157,17.52,96.43,0,0,0,0,0,1,1,PaaS,Public Cloud,GCP
4053.67,enterprise,low,moderate,eu,411,32.76,95.08,0,0,0,0,0,0,0,IaaS,Private Cloud,AWS
615.2,webapp,low,basic,eu,98,28.86,95.64,0,0,0,0,0,0,1,PaaS,Public Cloud,AWS
166.97,startup,high,basic,asia,432,332.25,99.23,0,1,0,1,0,1,1,PaaS,Public Cloud,GCP
595.68,startup,medium,moderate,eu,27,144.65,97.11,0,1,0,1,0,0,1,PaaS,Public Cloud,GCP
401.2,enterprise,medium,moderate,asia,278,9.89,99.95,1,0,0,0,0,0,0,IaaS,Public Cloud,GCP
7454.61,enterprise,low,moderate,eu,137,154.12,95.87,0,1,0,0,0,0,0,IaaS,Hybrid Cloud,AWS
316.87,startup,medium,basic,eu,333,6.25,97.92,0,1,0,1,0,0,1,PaaS,Public Cloud,GCP
225.62,startup,medium,basic,us,205,126.62,95.1,0,0,0,1,0,0,1,PaaS,Public Cloud,GCP
355.66,webapp,high,moderate,asia,490,76.23,95.46,1,1,0,1,0,1,1,IaaS,Public Cloud,GCP
147.69,webapp,medium,moderate,eu,227,14.11,98.76,0,1,0,1,0,0,1,PaaS,Public Cloud,GCP
496.23,startup,low,basic,asia,123,66.38,96.0,0,1,0,1,0,0,1,PaaS,Public Cloud,GCP
951.46,webapp,medium,basic,asia,90,10.9,95.26,0,1,0,1,0,0,1,PaaS,Public Cloud,GCP
1861.04,enterprise,medium,moderate,us,110,93.54,96.34,0,0,1,0,0,0,0,IaaS,Hybrid Cloud,Azure
259.36,webapp,high,moderate,us,280,394.25,97.9,1,0,0,1,0,1,1,PaaS,Public Cloud,GCP
322.28,startup,low,basic,eu,289,30.95,96.84,0,1,0,1,0,0,1,PaaS,Public Cloud,GCP
3832.52,enterprise,high,moderate,eu,276,202.23,98.72,0,0,1,0,0,0,0,IaaS,Public Cloud,Azure
2829.53,enterprise,high,basic,eu,493,41.12,99.01,0,0,0,0,0,0,0,SaaS,Public Cloud,Azure
103.55,startup,medium,basic,eu,218,87.08,99.5,0,1,0,1,0,0,1,PaaS,Public Cloud,GCP
132.46,startup,low,basic,eu,322,137.16,97.2,0,0,0,1,0,0,1,PaaS,Public Cloud,GCP
4478.84,enterprise,low,moderate,eu,84,117.83,99.55,0,0,0,0,0,0,0,SaaS,Private Cloud,AWS
150.91,startup,medium,high,eu,323,56.66,95.85,1,0,0,1,0,0,1,IaaS,Private Cloud,GCP
395.08,webapp,low,basic,asia,217,13.62,96.04,0,0,0,1,0,0,1,PaaS,Public Cloud,GCP
562.98,webapp,low,basic,us,468,50.69,96.49,0,0,0,0,0,0,1,PaaS,Public Cloud,AWS
170.17,startup,low,basic,us,273,322.63,99.39,0,1,0,1,0,0,1,PaaS,Public Cloud,GCP
1455.45,enterprise,medium,moderate,us,153,1581.7,99.33,1,1,0,0,0,0,0,IaaS,Hybrid Cloud,AWS
418.05,startup,medium,basic,us,343,456.39,98.71,0,0,0,0,0,0,1,PaaS,Public Cloud,AWS
234.2,startup,medium,moderate,us,469,132.13,99.13,1,0,0,1,0,0,1,PaaS,Public Cloud,GCP
157.06,startup,medium,moderate,eu,233,10.46,95.55,0,1,0,1,0,0,1,PaaS,Public Cloud,GCP
705.54,webapp,medium,basic,eu,185,308.62,99.9,0,0,0,0,0,0,1,PaaS,Public Cloud,AWS
4937.04,enterprise,high,moderate,eu,99,83.46,96.02,1,0,1,0,0,1,0,IaaS,Hybrid Cloud,Azure
1423.34,ml,medium,moderate,asia,86,1138.09,95.44,0,1,0,0,1,0,0,IaaS,Hybrid Cloud,GCP
2258.18,enterprise,medium,basic,eu,101,175.86,99.76,0,0,1,0,0,0,0,SaaS,Public Cloud,Azure
556.01,webapp,high,moderate,us,390,10.23,99.22,0,1,0,0,0,1,1,IaaS,Public Cloud,AWS
2129.82,webapp,low,basic,asia,298,128.94,97.0,0,0,0,0,0,0,0,PaaS,Public Cloud,GCP
1233.03,enterprise,medium,moderate,asia,8,79.83,99.52,0,1,0,0,0,0,0,SaaS,Hybrid Cloud,AWS
2263.6,webapp,medium,high,us,306,2.03,98.32,1,0,0,0,0,0,0,IaaS,Private Cloud,AWS
488.08,startup,high,moderate,asia,166,70.29,95.29,0,1,0,1,0,1,1,PaaS,Public Cloud,GCP
203.34,startup,low,high,eu,196,79.81,96.22,1,0,0,1,0,0,1,IaaS,Private Cloud,GCP
150.14,startup,medium,high,us,264,15.66,97.83,1,0,0,0,0,0,1,IaaS,Private Cloud,AWS
274.14,startup,medium,high,eu,130,37.15,95.51,1,0,0,1,0,0,1,IaaS,Private Cloud,GCP
298.26,ml,medium,moderate,eu,238,26.08,96.38,0,1,0,0,1,0,0,IaaS,Public Cloud,GCP
202.19,webapp,high,high,asia,61,11.52,99.58,1,0,0,1,0,1,1,PaaS,Private Cloud,GCP
161.17,startup,medium,high,us,86,3.19,98.16,1,1,0,0,0,0,1,IaaS,Hybrid Cloud,AWS
347.28,startup,low,basic,us,118,52.78,99.21,0,0,0,0,0,0,1,PaaS,Public Cloud,AWS
749.16,webapp,high,moderate,asia,186,226.61,95.45,0,0,0,0,0,1,1,PaaS,Public Cloud,AWS
4681.06,ml,high,moderate,asia,244,50.68,99.44,1,0,0,0,1,1,0,IaaS,Public Cloud,GCP
322.64,webapp,medium,moderate,us,86,66.08,98.69,1,0,0,1,0,0,1,PaaS,Public Cloud,GCP
238.87,webapp,medium,moderate,eu,32,103.74,99.69,1,0,0,0,0,0,1,PaaS,Public Cloud,Azure
220.39,webapp,low,basic,eu,431,32.28,95.97,0,0,0,1,0,0,1,PaaS,Public Cloud,GCP
1091.05,startup,high,basic,asia,40,9.18,98.58,0,0,0,1,0,1,1,PaaS,Public Cloud,GCP
1213.81,webapp,medium,basic,us,429,38.63,95.76,0,0,0,0,0,0,1,PaaS,Public Cloud,AWS
2292.53,webapp,low,basic,us,142,28.27,99.27,0,1,0,1,0,0,0,PaaS,Public Cloud,GCP
190.38,webapp,medium,moderate,eu,409,27.06,97.87,0,1,0,0,0,0,1,PaaS,Public Cloud,GCP
157.36,webapp,high,high,asia,293,17.14,98.54,1,0,0,1,0,0,1,IaaS,Private Cloud,GCP
856.5,enterprise,medium,high,us,130,12.58,96.76,1,0,0,0,0,0,0,IaaS,Private Cloud,AWS
154.23,webapp,medium,high,asia,24,13.29,99.3,1,1,0,1,0,0,1,IaaS,Hybrid Cloud,GCP
139.44,startup,medium,basic,asia,400,26.23,99.64,0,0,0,1,0,0,1,PaaS,Public Cloud,GCP
706.44,webapp,medium,moderate,eu,476,18.27,97.19,1,1,0,1,0,0,1,IaaS,Hybrid Cloud,Azure
4642.01,ml,low,moderate,us,459,13.69,96.66,1,1,0,0,1,0,0,IaaS,Hybrid Cloud,GCP
655.09,startup,medium,basic,eu,364,2.73,96.67,0,0,0,0,0,0,1,PaaS,Public Cloud,AWS
254.86,webapp,medium,high,eu,314,30.37,98.61,1,0,0,1,0,0,1,IaaS,Private Cloud,GCP
8333.1,enterprise,high,moderate,asia,435,241.99,97.56,1,0,1,0,0,0,0,IaaS,Hybrid Cloud,Azure
110.17,startup,medium,high,eu,237,41.34,98.7,1,1,0,1,0,0,1,IaaS,Hybrid Cloud,GCP
61.99,startup,high,basic,asia,304,137.27,99.38,0,1,0,0,0,0,1,PaaS,Public Cloud,GCP
128.34,startup,low,basic,us,217,30.05,98.89,0,0,0,0,0,0,1,PaaS,Public Cloud,AWS
125.08,webapp,medium,high,asia,320,13.61,96.46,1,0,0,1,0,0,1,IaaS,Private Cloud,GCP
175.35,startup,medium,basic,asia,157,35.48,95.69,0,0,0,1,0,0,1,PaaS,Public Cloud,GCP
3670.62,enterprise,low,basic,us,96,24.02,95.68,0,0,0,0,0,0,0,SaaS,Public Cloud,AWS
1935.65,enterprise,high,basic,eu,402,21.46,99.74,0,1,0,0,0,0,0,IaaS,Public Cloud,AWS
6774.21,enterprise,medium,basic,asia,363,55.3,96.47,0,0,0,0,0,0,0,SaaS,Public Cloud,AWS
288.8,startup,medium,moderate,us,387,26.01,95.21,0,1,0,0,0,0,1,PaaS,Public Cloud,AWS
50.0,startup,high,moderate,eu,255,105.58,96.6,1,0,0,1,0,0,1,PaaS,Public Cloud,GCP
7303.11,enterprise,medium,basic,asia,64,1273.06,96.51,0,0,0,0,0,0,0,SaaS,Public Cloud,AWS
2455.06,enterprise,medium,moderate,us,106,1.55,96.38,0,0,0,0,0,0,0,IaaS,Hybrid Cloud,AWS
6451.0,ml,low,basic,asia,334,223.01,96.48,0,0,0,0,1,0,0,IaaS,Public Cloud,GCP
364.54,webapp,medium,moderate,us,113,23.07,95.31,1,0,0,0,0,0,1,PaaS,Public Cloud,AWS
110.61,webapp,medium,basic,asia,295,25.94,96.65,0,0,0,1,0,0,1,PaaS,Public Cloud,GCP
239.67,webapp,low,moderate,asia,61,516.49,95.66,1,1,0,1,0,0,1,PaaS,Hybrid Cloud,GCP
1328.56,webapp,low,moderate,eu,473,923.08,95.98,0,1,0,1,0,0,1,PaaS,Hybrid Cloud,GCP
23008.31,enterprise,high,moderate,us,376,682.51,98.6,1,0,0,0,0,1,0,IaaS,Hybrid Cloud,AWS
2432.42,enterprise,high,basic,us,218,23.05,98.64,0,1,1,0,0,1,0,IaaS,Public Cloud,Azure
490.97,ml,medium,basic,asia,446,20.62,95.91,0,0,0,0,1,0,0,IaaS,Public Cloud,GCP
232.79,startup,high,moderate,us,23,96.45,98.36,0,1,0,1,0,0,1,PaaS,Public Cloud,GCP
294.5,startup,medium,basic,eu,252,2.71,99.85,0,1,0,1,0,0,1,PaaS,Public Cloud,GCP
2372.21,enterprise,low,high,us,217,0.82,99.62,1,0,0,0,0,0,0,IaaS,Private Cloud,AWS
435.09,ml,high,moderate,eu,147,168.88,99.18,0,0,0,0,1,1,0,IaaS,Public Cloud,GCP
2378.48,enterprise,high,high,asia,110,255.38,98.36,1,0,0,0,0,1,0,IaaS,Hybrid Cloud,AWS
270.18,startup,medium,basic,us,281,1070.84,95.93,0,0,0,1,0,0,1,PaaS,Public Cloud,GCP
860.36,startup,low,basic,eu,273,410.16,98.99,0,1,0,1,0,0,1,PaaS,Public Cloud,GCP
662.75,webapp,medium,basic,us,199,636.37,97.98,0,1,0,0,0,0,1,PaaS,Public Cloud,AWS
141.76,startup,medium,high,eu,391,15.18,99.38,1,1,0,0,0,0,1,IaaS,Hybrid Cloud,Azure
1456.06,enterprise,low,moderate,asia,222,7.71,98.1,0,0,1,0,0,0,0,IaaS,Private Cloud,Azure
925.94,enterprise,low,high,eu,458,110.9,96.17,1,0,1,0,0,0,0,IaaS,Private Cloud,Azure
311.99,startup,medium,moderate,eu,109,2.52,98.02,1,1,0,1,0,0,1,IaaS,Public Cloud,GCP
228.58,webapp,medium,basic,eu,346,29.3,98.66,0,1,0,0,0,0,1,PaaS,Public Cloud,AWS
5581.27,enterprise,high,basic,us,145,1419.14,97.3,0,0,0,0,0,0,0,SaaS,Public Cloud,AWS
3152.86,enterprise,medium,moderate,eu,123,35.13,95.0,1,0,1,0,0,0,0,IaaS,Hybrid Cloud,Azure
765.68,webapp,high,basic,eu,352,15.31,95.48,0,1,0,1,0,1,1,PaaS,Public Cloud,GCP
5346.13,ml,low,moderate,us,80,14.6,97.75,0,0,0,0,1,0,0,IaaS,Public Cloud,GCP
1490.82,enterprise,low,moderate,asia,50,3.21,95.75,0,0,1,0,0,0,0,SaaS,Private Cloud,Azure
1980.95,ml,low,moderate,asia,165,31.56,96.42,0,0,0,0,1,0,0,IaaS,Public Cloud,GCP
92.02,startup,high,moderate,us,356,6.19,99.56,0,1,0,0,0,1,1,PaaS,Public Cloud,AWS
2613.84,ml,high,high,eu,377,8.27,96.31,1,0,0,0,1,0,0,IaaS,Private Cloud,GCP
339.89,startup,low,high,asia,38,102.74,99.13,1,1,0,0,0,0,1,IaaS,Private Cloud,GCP
1117.69,webapp,low,moderate,eu,274,2.97,96.26,0,0,0,0,0,0,1,PaaS,Private Cloud,AWS
2372.74,enterprise,high,basic,asia,489,198.48,98.85,0,0,0,0,0,1,0,SaaS,Public Cloud,AWS
250.51,startup,low,high,eu,238,11.45,99.61,1,0,0,0,0,0,1,IaaS,Private Cloud,Azure
970.88,ml,low,basic,eu,425,8.94,97.27,0,1,0,0,1,0,0,IaaS,Public Cloud,GCP
214.62,webapp,low,basic,us,160,12.3,97.51,0,1,0,0,0,0,1,PaaS,Public Cloud,AWS
12636.06,enterprise,high,moderate,asia,253,8.61,99.85,1,1,0,0,0,0,0,IaaS,Hybrid Cloud,AWS
445.14,webapp,low,basic,eu,323,81.59,96.14,0,0,0,1,0,0,1,PaaS,Public Cloud,GCP
665.81,webapp,low,high,us,141,60.28,99.8,1,1,0,1,0,0,1,IaaS,Private Cloud,GCP
450.96,webapp,low,high,eu,105,310.81,97.62,1,1,0,1,0,0,1,IaaS,Private Cloud,GCP
2982.34,enterprise,low,moderate,us,376,21.93,99.25,1,1,1,0,0,0,0,IaaS,Hybrid Cloud,Azure
28044.82,enterprise,medium,basic,asia,273,134.53,96.37,0,0,1,0,0,0,0,IaaS,Public Cloud,Azure
116.76,startup,medium,high,eu,4,39.66,99.98,1,1,0,0,0,0,1,IaaS,Hybrid Cloud,Azure
94.7,startup,high,basic,asia,380,279.11,99.73,0,0,0,0,0,0,1,PaaS,Public Cloud,GCP
6063.86,enterprise,medium,basic,us,353,115.5,99.46,0,1,0,0,0,0,0,IaaS,Hybrid Cloud,AWS
10395.12,enterprise,high,basic,asia,404,38.98,97.24,0,0,0,0,0,1,0,IaaS,Public Cloud,AWS
586.53,startup,medium,moderate,asia,190,302.02,98.79,0,0,0,0,0,0,1,PaaS,Public Cloud,AWS
419.24,webapp,medium,moderate,asia,193,100.75,99.05,1,0,0,0,0,0,1,PaaS,Public Cloud,GCP
335.5,startup,low,high,us,56,1698.77,98.67,1,0,0,0,0,0,1,PaaS,Private Cloud,AWS
551.7,webapp,high,moderate,asia,352,2.98,97.19,0,0,0,0,0,1,1,PaaS,Public Cloud,AWS
205.77,webapp,high,basic,asia,295,144.79,95.71,0,1,0,0,0,1,1,PaaS,Public Cloud,GCP
299.85,webapp,medium,high,asia,425,41.03,99.37,1,0,0,1,0,0,1,IaaS,Private Cloud,GCP
290.2,webapp,medium,moderate,us,221,28.67,97.84,0,0,0,1,0,0,1,PaaS,Public Cloud,GCP
8112.11,enterprise,medium,basic,us,254,159.1,97.76,0,0,1,0,0,0,0,SaaS,Public Cloud,Azure
4202.9,enterprise,high,moderate,eu,353,79.53,98.43,0,1,0,0,0,0,0,IaaS,Hybrid Cloud,AWS
471.49,webapp,high,moderate,us,4,88.89,96.88,0,1,0,1,0,1,1,PaaS,Public Cloud,GCP
1041.69,enterprise,low,high,us,398,0.52,99.02,1,1,1,0,0,0,0,IaaS,Private Cloud,Azure
368.91,startup,medium,moderate,asia,457,45.43,95.11,0,1,0,1,0,0,1,PaaS,Public Cloud,GCP
1243.3,webapp,low,high,asia,236,15.51,99.0,1,0,0,1,0,0,1,IaaS,Private Cloud,GCP
88.44,startup,medium,high,eu,482,89.34,97.96,1,1,0,1,0,0,1,IaaS,Hybrid Cloud,GCP
3292.01,ml,medium,high,asia,429,289.58,97.6,1,1,0,0,1,0,0,IaaS,Hybrid Cloud,GCP
660.0,webapp,medium,high,eu,378,139.23,97.75,1,0,0,1,0,0,1,IaaS,Private Cloud,Azure
417.2,startup,low,moderate,us,148,1.19,95.67,0,0,0,0,0,0,1,PaaS,Public Cloud,AWS
386.35,startup,high,high,asia,295,423.84,98.59,1,0,0,0,0,0,1,IaaS,Public Cloud,GCP
635.95,startup,high,basic,us,63,57.56,99.1,0,0,0,0,0,1,1,PaaS,Public Cloud,AWS
295.27,startup,high,high,eu,28,4.61,97.23,1,0,0,1,0,0,1,IaaS,Public Cloud,GCP
227.64,webapp,low,basic,us,35,69.88,95.09,0,1,0,0,0,0,1,PaaS,Public Cloud,AWS
168.04,startup,medium,moderate,asia,178,564.29,98.15,1,0,0,0,0,0,1,PaaS,Public Cloud,GCP
1664.85,enterprise,medium,high,us,49,1242.4,99.32,1,0,1,0,0,0,0,IaaS,Private Cloud,Azure
178.67,webapp,high,basic,asia,194,83.42,95.51,0,0,0,0,0,1,1,PaaS,Public Cloud,GCP
997.09,webapp,medium,basic,us,427,343.1,95.43,0,0,0,0,0,0,1,PaaS,Public Cloud,AWS
1288.45,ml,high,moderate,eu,410,91.75,95.36,1,0,0,0,1,1,0,IaaS,Public Cloud,GCP
59.38,startup,low,moderate,eu,16,166.34,95.21,1,1,0,1,0,0,1,PaaS,Public Cloud,GCP
5091.29,enterprise,medium,moderate,asia,54,24.8,96.09,0,0,0,0,0,0,0,IaaS,Hybrid Cloud,AWS
573.45,startup,high,high,us,401,28.75,96.38,1,0,0,0,0,0,1,IaaS,Public Cloud,AWS
526.72,startup,medium,moderate,eu,339,6.41,97.44,0,0,0,0,0,0,1,PaaS,Public Cloud,AWS
586.2,webapp,medium,basic,eu,420,2730.24,98.29,0,0,0,0,0,0,1,PaaS,Public Cloud,AWS
604.93,startup,low,basic,asia,2,54.94,97.91,0,0,0,0,0,0,1,PaaS,Public Cloud,AWS
732.67,webapp,low,moderate,asia,450,40.21,96.0,0,0,0,1,0,0,1,PaaS,Public Cloud,GCP
471.79,startup,medium,basic,eu,427,271.25,97.72,0,0,0,1,0,0,1,PaaS,Public Cloud,GCP
616.51,webapp,medium,basic,asia,134,272.99,97.23,0,1,0,1,0,0,1,PaaS,Public Cloud,GCP
4159.01,enterprise,high,moderate,eu,359,121.37,97.11,0,0,1,0,0,1,0,IaaS,Public Cloud,Azure
327.54,startup,medium,basic,asia,404,164.01,99.32,0,1,0,1,0,0,1,PaaS,Public Cloud,GCP
628.03,webapp,high,moderate,eu,324,86.35,95.2,1,1,0,0,0,0,1,IaaS,Public Cloud,Azure
1809.29,enterprise,low,moderate,eu,59,71.68,98.72,0,1,0,0,0,0,0,IaaS,Hybrid Cloud,Azure
28240.99,enterprise,high,moderate,asia,5,41.37,95.26,1,1,0,0,0,1,0,IaaS,Hybrid Cloud,AWS
61.13,startup,medium,basic,asia,204,74.85,96.31,0,1,0,0,0,0,1,PaaS,Public Cloud,GCP
8112.99,enterprise,low,moderate,eu,244,11.49,96.98,0,1,0,0,0,0,0,IaaS,Hybrid Cloud,AWS
196.45,startup,low,moderate,eu,202,2.73,96.51,0,0,0,1,0,0,1,PaaS,Public Cloud,GCP
3935.22,enterprise,low,moderate,eu,362,37.35,98.33,0,0,1,0,0,0,0,IaaS,Private Cloud,Azure
500.8,ml,low,moderate,eu,156,139.35,96.69,0,0,0,0,1,0,0,IaaS,Public Cloud,GCP
128.23,startup,low,moderate,us,112,10.78,96.04,0,0,0,0,0,0,1,PaaS,Public Cloud,AWS
485.25,startup,medium,moderate,eu,55,3.49,99.12,0,1,0,1,0,0,1,PaaS,Public Cloud,GCP
436.52,webapp,medium,moderate,asia,134,20.17,96.61,0,1,0,0,0,0,1,PaaS,Public Cloud,GCP
149.38,webapp,low,moderate,asia,348,126.13,96.1,1,0,0,0,0,0,1,PaaS,Private Cloud,GCP
10123.24,enterprise,medium,moderate,eu,301,62.08,96.11,1,0,0,0,0,0,0,IaaS,Hybrid Cloud,Azure
368.42,startup,medium,moderate,eu,289,13.14,97.91,1,0,0,0,0,0,1,PaaS,Public Cloud,Azure
312.87,webapp,low,high,us,481,3.65,98.37,1,1,0,1,0,0,1,IaaS,Private Cloud,GCP
445.66,webapp,high,moderate,asia,441,48.22,97.96,1,0,0,0,0,1,1,PaaS,Public Cloud,GCP
409.27,webapp,medium,basic,asia,1,9.8,96.36,0,1,0,1,0,0,1,SaaS,Public Cloud,GCP
1052.9,enterprise,high,basic,eu,460,37.95,95.15,0,0,1,0,0,1,0,SaaS,Public Cloud,Azure
465.18,webapp,low,basic,us,8,150.48,95.45,0,0,0,1,0,0,1,SaaS,Public Cloud,GCP
243.23,startup,high,basic,us,224,34.57,97.37,0,0,0,0,0,1,1,PaaS,Public Cloud,AWS
420.92,startup,medium,moderate,us,233,14.23,96.75,0,0,0,1,0,0,1,PaaS,Public Cloud,GCP
11084.59,ml,medium,basic,asia,127,280.56,99.57,0,0,0,0,1,0,0,IaaS,Public Cloud,GCP
1418.69,ml,medium,high,eu,21,10.84,97.12,1,0,0,0,1,0,0,IaaS,Private Cloud,Azure
1294.18,enterprise,high,basic,us,205,21.33,97.92,0,0,0,0,0,0,0,SaaS,Public Cloud,AWS
2193.45,ml,medium,moderate,us,26,63.14,96.16,0,0,0,0,1,0,0,IaaS,Public Cloud,GCP
27818.85,enterprise,high,moderate,asia,65,123.84,98.43,1,1,1,0,0,1,0,IaaS,Hybrid Cloud,Azure
273.62,startup,high,moderate,eu,35,47.06,95.41,1,0,0,1,0,0,1,PaaS,Public Cloud,GCP
152.61,webapp,medium,moderate,us,365,58.32,99.19,1,0,0,0,0,0,1,PaaS,Public Cloud,AWS
9314.6,ml,medium,basic,asia,144,44.09,95.08,0,0,0,0,1,0,0,IaaS,Public Cloud,GCP
10690.79,enterprise,high,moderate,us,205,5.37,98.29,0,1,1,0,0,1,0,IaaS,Hybrid Cloud,Azure
16147.51,enterprise,medium,high,us,483,52.39,97.12,1,0,1,0,0,0,0,IaaS,Private Cloud,Azure
618.06,webapp,medium,moderate,asia,446,7.82,95.87,1,0,0,1,0,0,1,IaaS,Public Cloud,GCP
108.21,startup,medium,high,asia,95,5.75,95.35,1,0,0,0,0,0,1,PaaS,Private Cloud,GCP
125.5,startup,medium,basic,us,201,8.25,97.19,0,1,0,1,0,0,1,PaaS,Public Cloud,GCP
7197.67,enterprise,medium,basic,eu,31,27.74,99.99,0,1,1,0,0,0,0,SaaS,Hybrid Cloud,Azure
513.49,enterprise,medium,basic,asia,404,15.61,95.27,0,0,0,0,0,0,0,SaaS,Public Cloud,AWS
262.33,webapp,low,high,asia,207,414.45,98.4,1,0,0,0,0,0,1,IaaS,Private Cloud,GCP
173.12,webapp,low,high,asia,357,29.48,96.41,1,1,0,1,0,0,1,IaaS,Private Cloud,GCP
5140.69,ml,low,high,eu,68,540.09,97.56,1,1,0,0,1,0,0,IaaS,Private Cloud,Azure
5598.03,enterprise,low,high,eu,466,53.42,96.21,1,1,0,0,0,0,0,IaaS,Hybrid Cloud,Azure
547.62,webapp,low,moderate,asia,85,24.03,99.41,0,1,0,0,0,0,1,PaaS,Public Cloud,AWS
3083.59,enterprise,low,basic,us,48,116.1,95.97,0,0,1,0,0,0,0,SaaS,Public Cloud,Azure
6718.82,enterprise,high,moderate,us,55,38.4,95.47,0,0,1,0,0,1,0,SaaS,Public Cloud,Azure
4290.56,ml,high,moderate,asia,267,126.13,96.44,1,0,0,0,1,1,0,IaaS,Public Cloud,GCP
303.02,startup,high,high,eu,271,124.28,96.25,1,0,0,0,0,1,1,IaaS,Public Cloud,AWS
1284.66,webapp,low,moderate,asia,102,44.63,95.98,1,0,0,1,0,0,1,IaaS,Private Cloud,GCP
476.76,webapp,low,moderate,us,179,23.25,98.14,1,0,0,0,0,0,1,PaaS,Private Cloud,AWS
1729.12,enterprise,low,moderate,us,243,230.27,99.54,1,0,0,0,0,0,0,IaaS,Private Cloud,AWS
2780.32,enterprise,medium,moderate,asia,313,478.13,98.92,1,0,1,0,0,0,0,IaaS,Hybrid Cloud,Azure
9353.03,enterprise,high,basic,asia,349,37.03,97.21,0,0,0,0,0,1,0,SaaS,Public Cloud,AWS
279.18,webapp,medium,basic,asia,94,8.49,95.08,0,0,0,0,0,0,1,PaaS,Public Cloud,GCP
2584.83,enterprise,medium,basic,us,25,304.91,97.26,0,0,0,0,0,0,0,SaaS,Public Cloud,AWS
224.26,webapp,medium,basic,us,446,179.77,95.4,0,0,0,1,0,0,1,PaaS,Public Cloud,GCP
507.23,enterprise,low,basic,eu,182,5.69,96.32,0,0,0,0,0,0,0,SaaS,Public Cloud,AWS
509.13,startup,low,moderate,us,120,4.45,97.22,0,1,0,1,0,0,1,IaaS,Public Cloud,GCP
3535.57,webapp,high,moderate,eu,460,131.87,98.39,1,1,0,0,0,1,0,IaaS,Hybrid Cloud,Azure
221.15,startup,medium,basic,asia,309,3.36,95.22,0,0,0,1,0,0,1,PaaS,Public Cloud,GCP
1107.22,ml,medium,basic,eu,382,144.81,98.43,0,1,0,0,1,0,0,IaaS,Public Cloud,GCP
888.07,webapp,medium,basic,eu,152,17.32,99.68,0,1,0,0,0,0,1,PaaS,Public Cloud,AWS
50.0,startup,high,basic,us,339,10.74,98.61,0,0,0,0,0,0,1,PaaS,Public Cloud,AWS
461.01,startup,high,moderate,eu,396,144.99,97.65,0,0,0,0,0,0,1,PaaS,Public Cloud,GCP
358.53,webapp,high,high,eu,201,28.27,95.28,1,0,0,1,0,0,1,IaaS,Private Cloud,GCP
6003.15,ml,medium,basic,eu,249,84.96,98.42,0,0,0,0,1,0,0,IaaS,Public Cloud,GCP
366.1,webapp,high,high,eu,137,1977.66,99.37,1,0,0,0,0,1,1,IaaS,Private Cloud,AWS
910.52,ml,medium,moderate,eu,259,28.58,98.0,0,1,0,0,1,0,0,IaaS,Public Cloud,GCP
296.28,startup,medium,high,asia,492,88.32,99.46,1,0,0,0,0,0,1,IaaS,Private Cloud,GCP
1363.16,webapp,low,high,asia,200,176.34,96.62,1,1,0,1,0,0,1,IaaS,Private Cloud,GCP
1034.82,enterprise,medium,moderate,eu,405,50.59,99.35,1,1,0,0,0,0,0,IaaS,Hybrid Cloud,Azure
211.44,startup,high,high,asia,220,140.78,95.76,1,1,0,1,0,0,1,IaaS,Public Cloud,GCP
116.18,webapp,high,moderate,us,318,72.55,96.35,0,1,0,1,0,0,1,PaaS,Public Cloud,GCP
5186.78,enterprise,medium,moderate,asia,366,131.62,98.77,0,0,1,0,0,0,0,IaaS,Hybrid Cloud,Azure
2482.3,enterprise,medium,moderate,us,378,67.0,98.96,1,0,1,0,0,0,0,IaaS,Hybrid Cloud,Azure
605.99,startup,medium,high,us,314,13.9,97.74,1,0,0,0,0,0,1,IaaS,Private Cloud,AWS
516.44,ml,low,high,eu,252,120.68,96.69,1,1,0,0,1,0,0,IaaS,Private Cloud,Azure
460.57,startup,medium,moderate,eu,152,42.27,97.43,1,0,0,0,0,0,1,PaaS,Public Cloud,Azure
3000.91,enterprise,medium,basic,asia,107,2.74,99.95,0,0,1,0,0,0,0,SaaS,Public Cloud,Azure
731.57,enterprise,medium,high,us,195,28.6,98.22,1,1,1,0,0,0,0,IaaS,Hybrid Cloud,Azure
1692.81,ml,low,basic,asia,397,47.57,96.7,0,1,0,0,1,0,0,IaaS,Public Cloud,GCP
534.34,webapp,medium,basic,eu,246,160.84,96.39,0,1,0,0,0,0,1,PaaS,Public Cloud,AWS
2894.92,enterprise,medium,moderate,us,49,119.57,96.02,1,0,1,0,0,0,0,IaaS,Hybrid Cloud,Azure
370.81,startup,high,high,asia,378,589.15,95.22,1,0,0,0,0,0,1,IaaS,Public Cloud,GCP
1885.35,startup,medium,moderate,asia,123,21.64,99.76,0,0,0,0,0,0,1,PaaS,Public Cloud,AWS
3800.85,ml,medium,basic,us,453,58.88,99.22,0,0,0,0,1,0,0,IaaS,Public Cloud,GCP
1848.77,enterprise,low,basic,asia,315,105.41,96.65,0,0,1,0,0,0,0,SaaS,Public Cloud,Azure
4680.92,ml,low,moderate,eu,91,22.98,98.22,0,1,0,0,1,0,0,IaaS,Hybrid Cloud,GCP
671.41,webapp,medium,moderate,asia,345,4.42,98.05,1,1,0,1,0,0,1,IaaS,Hybrid Cloud,GCP
184.32,startup,low,basic,asia,231,67.43,98.74,0,1,0,0,0,0,1,PaaS,Public Cloud,GCP
417.95,startup,medium,moderate,asia,485,61.37,97.85,1,0,0,0,0,0,1,PaaS,Public Cloud,GCP
14180.94,enterprise,medium,high,us,261,49.87,97.76,1,1,1,0,0,0,0,IaaS,Hybrid Cloud,Azure
906.21,enterprise,medium,basic,asia,333,217.02,96.11,0,0,0,0,0,0,0,SaaS,Public Cloud,AWS
670.3,enterprise,low,basic,asia,362,1872.24,99.7,0,1,1,0,0,0,0,IaaS,Public Cloud,Azure
499.67,webapp,low,high,asia,122,87.09,97.6,1,0,0,1,0,0,1,IaaS,Private Cloud,GCP
152.86,startup,medium,moderate,eu,239,140.96,96.95,0,0,0,0,0,0,1,PaaS,Public Cloud,AWS
296.59,webapp,medium,moderate,us,24,281.84,99.93,1,0,0,1,0,0,1,PaaS,Public Cloud,GCP
6361.08,enterprise,low,moderate,eu,449,20.47,97.56,0,0,1,0,0,0,0,IaaS,Private Cloud,Azure
715.61,enterprise,low,high,us,197,167.64,98.62,1,0,0,0,0,0,0,IaaS,Private Cloud,AWS
254.38,startup,medium,high,eu,84,14.13,95.51,1,0,0,0,0,0,1,IaaS,Private Cloud,Azure
434.26,enterprise,medium,moderate,us,486,89.04,97.81,0,0,1,0,0,0,0,SaaS,Public Cloud,Azure
265.88,startup,low,basic,eu,135,11.23,96.79,0,1,0,0,0,0,1,PaaS,Public Cloud,GCP
658.05,webapp,low,basic,eu,144,84.08,95.01,0,0,0,1,0,0,1,PaaS,Public Cloud,GCP
263.16,startup,high,moderate,asia,434,31.67,99.77,0,1,0,1,0,0,1,PaaS,Public Cloud,GCP
50.0,startup,medium,basic,eu,213,227.92,95.52,0,1,0,0,0,0,1,PaaS,Public Cloud,GCP
1722.53,webapp,medium,moderate,us,226,108.35,98.95,0,1,0,1,0,0,1,IaaS,Hybrid Cloud,GCP
3447.63,enterprise,medium,high,asia,95,1.01,99.0,1,0,1,0,0,0,0,IaaS,Private Cloud,Azure
328.49,startup,high,moderate,us,91,1.36,96.25,0,0,0,1,0,1,1,PaaS,Public Cloud,GCP
5684.78,enterprise,low,basic,asia,473,10.21,96.88,0,0,0,0,0,0,0,SaaS,Public Cloud,AWS
1025.02,webapp,high,moderate,us,198,164.99,99.81,0,0,0,0,0,1,1,PaaS,Public Cloud,AWS
245.52,startup,medium,high,eu,155,42.82,99.58,1,1,0,1,0,0,1,IaaS,Hybrid Cloud,GCP
100.08,startup,medium,basic,asia,221,86.65,97.26,0,1,0,0,0,0,1,PaaS,Public Cloud,GCP
3958.31,webapp,medium,moderate,eu,272,155.61,97.93,1,1,0,1,0,0,0,IaaS,Hybrid Cloud,Azure
2939.64,enterprise,medium,moderate,asia,11,72.4,95.95,0,1,1,0,0,0,0,IaaS,Hybrid Cloud,Azure
201.32,webapp,medium,high,asia,153,45.4,95.81,1,1,0,0,0,0,1,IaaS,Hybrid Cloud,GCP
3861.38,webapp,high,basic,asia,246,62.47,95.8,0,0,0,0,0,1,0,PaaS,Public Cloud,AWS
841.6,enterprise,medium,basic,eu,373,34.2,96.58,0,0,1,0,0,0,0,SaaS,Public Cloud,Azure
888.0,webapp,high,moderate,asia,466,191.72,99.29,1,0,0,0,0,0,1,IaaS,Public Cloud,AWS
505.56,webapp,high,basic,asia,362,10.52,96.31,0,1,0,1,0,0,1,PaaS,Public Cloud,GCP
789.77,webapp,medium,high,eu,164,38.71,99.36,1,0,0,1,0,0,1,IaaS,Private Cloud,Azure
2893.09,enterprise,high,basic,eu,247,26.34,96.73,0,0,1,0,0,1,0,SaaS,Public Cloud,Azure
562.2,startup,low,high,us,6,14.1,99.22,1,0,0,0,0,0,1,IaaS,Private Cloud,AWS
866.74,webapp,medium,basic,asia,378,20.13,98.25,0,0,0,1,0,0,1,PaaS,Public Cloud,GCP
254.8,webapp,low,moderate,asia,392,165.06,95.73,0,0,0,1,0,0,1,PaaS,Public Cloud,GCP
387.0,startup,low,basic,eu,197,51.89,97.68,0,0,0,0,0,0,1,PaaS,Public Cloud,AWS
137.0,startup,low,basic,asia,261,24.6,98.19,0,0,0,1,0,0,1,PaaS,Public Cloud,GCP
147.89,webapp,low,basic,asia,247,135.07,97.25,0,0,0,0,0,0,1,PaaS,Public Cloud,GCP
482.73,startup,high,moderate,eu,433,43.45,98.47,0,1,0,0,0,0,1,PaaS,Public Cloud,AWS
4905.86,enterprise,low,moderate,asia,151,224.27,98.38,1,0,1,0,0,0,0,IaaS,Private Cloud,Azure
218.19,startup,medium,high,us,366,120.75,95.06,1,0,0,1,0,0,1,IaaS,Private Cloud,GCP
320.07,enterprise,low,moderate,asia,208,28.14,99.2,0,1,1,0,0,0,0,IaaS,Hybrid Cloud,Azure
399.29,webapp,high,moderate,asia,5,147.4,99.82,1,1,0,1,0,0,1,PaaS,Public Cloud,GCP
294.09,webapp,low,high,asia,443,14.29,98.39,1,0,0,1,0,0,1,IaaS,Private Cloud,GCP
172.39,startup,high,basic,asia,138,17.94,98.16,0,1,0,0,0,1,1,PaaS,Public Cloud,GCP
1321.68,startup,high,moderate,asia,75,734.31,98.82,0,1,0,0,0,1,1,PaaS,Public Cloud,AWS
404.04,webapp,medium,high,eu,103,275.67,97.57,1,1,0,1,0,0,1,IaaS,Hybrid Cloud,GCP
2766.78,enterprise,high,moderate,us,462,62.47,95.43,0,0,1,0,0,0,0,IaaS,Public Cloud,Azure
253.17,startup,medium,basic,us,36,16.52,97.4,0,0,0,1,0,0,1,PaaS,Public Cloud,GCP
110.92,startup,low,basic,asia,459,125.06,99.8,0,1,0,1,0,0,1,PaaS,Public Cloud,GCP
235.17,webapp,medium,basic,eu,268,192.8,99.76,0,1,0,1,0,0,1,PaaS,Public Cloud,GCP
1144.37,webapp,medium,high,eu,103,48.23,96.75,1,0,0,0,0,0,1,IaaS,Private Cloud,Azure
459.34,enterprise,medium,moderate,us,102,190.14,97.41,1,0,1,0,0,0,0,IaaS,Hybrid Cloud,Azure
983.97,ml,high,moderate,us,304,34.86,99.3,0,0,0,0,1,0,0,IaaS,Public Cloud,GCP
86.32,startup,high,high,asia,296,16.69,96.04,1,0,0,0,0,1,1,IaaS,Public Cloud,GCP
1395.81,enterprise,low,moderate,us,358,62.02,95.08,0,0,0,0,0,0,0,IaaS,Private Cloud,AWS
690.07,enterprise,medium,moderate,eu,428,143.27,98.93,0,1,1,0,0,0,0,IaaS,Hybrid Cloud,Azure
386.07,webapp,medium,moderate,asia,52,18.24,97.77,0,0,0,1,0,0,1,PaaS,Public Cloud,GCP
925.29,webapp,low,high,eu,137,54.02,95.12,1,0,0,1,0,0,1,IaaS,Private Cloud,Azure
407.33,ml,high,high,eu,24,449.01,99.54,1,1,0,0,1,1,0,IaaS,Hybrid Cloud,GCP
324.9,webapp,high,moderate,us,469,270.18,98.72,0,0,0,0,0,1,1,PaaS,Public Cloud,AWS
386.15,enterprise,medium,basic,asia,140,24.31,99.66,0,1,1,0,0,0,0,SaaS,Public Cloud,GCP
545.56,webapp,low,basic,eu,300,14.1,97.28,0,1,0,0,0,0,1,PaaS,Public Cloud,AWS
606.78,ml,medium,moderate,asia,181,18.01,99.36,1,1,0,0,1,0,0,IaaS,Hybrid Cloud,GCP
4469.89,enterprise,high,high,us,87,16.05,96.68,1,0,1,0,0,1,0,IaaS,Private Cloud,Azure
816.11,webapp,high,high,us,30,2.25,97.08,1,1,0,0,0,0,1,IaaS,Hybrid Cloud,AWS
1133.3,webapp,medium,moderate,us,483,15.53,95.61,1,1,0,1,0,0,1,IaaS,Hybrid Cloud,GCP
107.87,startup,medium,basic,asia,338,320.9,97.05,0,1,0,0,0,0,1,PaaS,Public Cloud,GCP
8901.07,enterprise,medium,moderate,us,82,1222.51,98.62,1,1,0,0,0,0,0,IaaS,Hybrid Cloud,AWS
123.63,startup,low,moderate,asia,297,68.92,97.03,0,0,0,0,0,0,1,PaaS,Public Cloud,GCP
1983.56,enterprise,high,moderate,us,282,56.32,95.43,1,1,0,0,0,0,0,IaaS,Hybrid Cloud,AWS
21786.9,enterprise,low,basic,eu,474,25.05,99.07,0,0,0,0,0,0,0,IaaS,Private Cloud,AWS
308.14,enterprise,high,moderate,us,26,5.45,97.64,0,1,0,0,0,0,0,SaaS,Public Cloud,AWS
3063.62,enterprise,medium,moderate,eu,101,16.54,97.17,0,1,0,0,0,0,0,IaaS,Hybrid Cloud,AWS
532.01,webapp,medium,basic,us,131,107.72,99.35,0,0,0,1,0,0,1,PaaS,Public Cloud,GCP
1504.3,enterprise,medium,high,us,301,157.31,95.39,1,1,1,0,0,0,0,IaaS,Hybrid Cloud,Azure
474.46,startup,medium,basic,asia,459,7.08,97.71,0,1,0,0,0,0,1,PaaS,Public Cloud,GCP
415.53,webapp,low,high,us,125,6.41,99.9,1,1,0,1,0,0,1,IaaS,Private Cloud,GCP
1922.53,enterprise,medium,high,us,444,86.4,96.92,1,0,0,0,0,0,0,IaaS,Private Cloud,AWS
13904.22,enterprise,low,high,asia,204,252.59,96.33,1,0,0,0,0,0,0,IaaS,Private Cloud,AWS
353.99,webapp,medium,moderate,eu,412,80.6,95.79,0,0,0,1,0,0,1,PaaS,Public Cloud,GCP
400.83,startup,medium,moderate,us,121,178.93,97.21,0,0,0,0,0,0,1,PaaS,Public Cloud,AWS
261.83,startup,medium,basic,eu,372,128.03,95.16,0,0,0,0,0,0,1,PaaS,Public Cloud,AWS
243.38,webapp,low,high,asia,146,25.03,99.28,1,0,0,1,0,0,1,IaaS,Private Cloud,GCP
254.36,startup,high,moderate,asia,48,21.97,97.46,0,0,0,0,0,1,1,PaaS,Public Cloud,GCP
8419.88,ml,medium,high,us,129,1224.24,97.96,1,0,0,0,1,0,0,IaaS,Private Cloud,AWS
818.57,enterprise,medium,high,eu,254,149.77,98.05,1,0,1,0,0,0,0,IaaS,Private Cloud,Azure
1827.83,ml,medium,basic,eu,2,62.74,98.98,0,1,0,0,1,0,0,SaaS,Public Cloud,GCP
1229.28,webapp,medium,basic,eu,57,131.29,98.9,0,1,0,0,0,0,1,PaaS,Public Cloud,AWS
1882.09,webapp,medium,high,asia,190,4.73,97.82,1,0,0,1,0,0,1,IaaS,Private Cloud,GCP
180.57,webapp,medium,moderate,eu,393,25.37,99.36,0,1,0,1,0,0,1,PaaS,Public Cloud,GCP
1555.04,enterprise,low,moderate,asia,165,25.54,97.41,0,0,1,0,0,0,0,IaaS,Private Cloud,Azure
2560.7,enterprise,high,moderate,us,83,26.51,99.7,0,0,1,0,0,1,0,IaaS,Public Cloud,Azure
484.71,startup,low,moderate,eu,464,18.03,98.09,1,0,0,0,0,0,1,PaaS,Public Cloud,Azure
308.86,enterprise,high,basic,asia,15,38.96,96.96,0,0,1,0,0,1,0,SaaS,Public Cloud,GCP
9299.75,ml,medium,basic,eu,389,125.7,99.46,0,0,0,0,1,0,0,IaaS,Public Cloud,GCP
50.0,webapp,high,moderate,us,200,1.0,98.11,0,1,0,0,0,0,1,PaaS,Public Cloud,AWS
2325.43,webapp,high,basic,eu,134,77.52,95.55,0,1,0,0,0,0,0,PaaS,Public Cloud,Azure
204.89,webapp,low,high,us,277,50.09,95.69,1,1,0,0,0,0,1,IaaS,Private Cloud,AWS
463.61,startup,medium,high,eu,206,55.3,97.89,1,0,0,1,0,0,1,IaaS,Private Cloud,GCP
12487.54,enterprise,high,moderate,us,241,54.31,99.76,0,0,0,0,0,0,0,IaaS,Public Cloud,AWS
353.02,startup,medium,moderate,asia,353,443.75,97.46,1,0,0,1,0,0,1,PaaS,Public Cloud,GCP
365.59,webapp,low,basic,eu,432,106.16,95.95,0,1,0,0,0,0,1,PaaS,Public Cloud,AWS
763.86,webapp,medium,basic,asia,278,211.96,96.53,0,0,0,0,0,0,1,PaaS,Public Cloud,AWS
492.92,webapp,low,basic,eu,494,41.11,95.34,0,0,0,1,0,0,1,PaaS,Public Cloud,GCP
2326.1,webapp,medium,high,eu,302,85.9,96.25,1,0,0,1,0,0,0,IaaS,Private Cloud,Azure
912.16,webapp,medium,high,asia,37,16.58,98.49,1,0,0,1,0,0,1,IaaS,Private Cloud,GCP
784.64,webapp,medium,moderate,asia,324,130.63,96.05,0,0,0,1,0,0,1,PaaS,Public Cloud,GCP
2219.83,enterprise,medium,high,asia,219,26.9,98.5,1,0,1,0,0,0,0,IaaS,Private Cloud,Azure
527.29,webapp,high,high,asia,122,69.33,95.7,1,1,0,0,0,0,1,IaaS,Hybrid Cloud,AWS
3505.33,enterprise,medium,high,eu,492,1010.92,98.91,1,0,1,0,0,0,0,IaaS,Private Cloud,Azure
284.58,webapp,high,high,us,426,15.43,95.27,1,0,0,1,0,0,1,IaaS,Private Cloud,GCP
3137.29,enterprise,medium,basic,asia,115,211.27,96.09,0,0,1,0,0,0,0,SaaS,Public Cloud,Azure
95.19,webapp,medium,basic,eu,455,53.37,97.8,0,0,0,1,0,0,1,PaaS,Public Cloud,GCP
19315.88,enterprise,high,basic,us,497,372.93,99.23,0,1,1,0,0,0,0,IaaS,Public Cloud,Azure
504.06,startup,high,basic,us,363,406.69,97.68,0,1,0,0,0,1,1,PaaS,Public Cloud,AWS
1178.37,webapp,medium,basic,eu,23,189.41,99.31,0,1,0,0,0,0,1,PaaS,Public Cloud,AWS
609.28,startup,low,high,us,91,301.94,95.26,1,0,0,0,0,0,1,IaaS,Private Cloud,AWS
697.71,webapp,medium,high,asia,64,100.16,95.94,1,1,0,0,0,0,1,IaaS,Hybrid Cloud,AWS
482.46,webapp,high,basic,eu,177,6.05,99.41,0,1,0,1,0,0,1,PaaS,Public Cloud,GCP
282.25,startup,high,moderate,eu,256,356.74,97.67,1,0,0,1,0,1,1,PaaS,Public Cloud,GCP
690.1,enterprise,low,basic,us,14,236.67,99.07,0,0,0,0,0,0,0,SaaS,Public Cloud,AWS
228.8,webapp,high,moderate,asia,358,124.93,96.37,1,1,0,1,0,1,1,IaaS,Public Cloud,GCP
171.78,webapp,high,high,eu,113,20.28,96.51,1,1,0,0,0,0,1,IaaS,Hybrid Cloud,Azure
779.35,startup,medium,moderate,asia,307,176.76,95.63,1,0,0,0,0,0,1,IaaS,Public Cloud,AWS
4616.4,ml,high,moderate,eu,440,10.86,96.28,1,0,0,0,1,0,0,IaaS,Public Cloud,GCP
658.56,webapp,high,basic,us,103,106.97,96.08,0,1,0,1,0,0,1,PaaS,Public Cloud,AWS
197.74,startup,high,moderate,us,410,110.65,97.36,0,1,0,0,0,1,1,PaaS,Public Cloud,AWS
1182.22,enterprise,medium,basic,us,170,29.52,96.11,0,0,1,0,0,0,0,SaaS,Public Cloud,Azure
3035.56,enterprise,medium,moderate,eu,434,26.81,99.98,0,0,1,0,0,0,0,IaaS,Hybrid Cloud,Azure
7879.67,enterprise,medium,basic,asia,33,18.49,99.14,0,1,1,0,0,0,0,SaaS,Hybrid Cloud,Azure
251.48,startup,medium,moderate,us,362,429.84,99.5,0,1,0,1,0,0,1,PaaS,Public Cloud,GCP
351.89,webapp,high,moderate,us,240,123.64,97.27,1,0,0,1,0,1,1,PaaS,Public Cloud,GCP
4696.24,ml,medium,moderate,us,40,3.57,99.93,1,0,0,0,1,0,0,IaaS,Private Cloud,GCP
1094.63,enterprise,high,moderate,asia,80,26.82,97.56,1,0,0,0,0,1,0,IaaS,Hybrid Cloud,AWS
524.45,webapp,low,moderate,eu,427,47.4,99.35,0,1,0,1,0,0,1,PaaS,Public Cloud,GCP
10249.11,enterprise,low,basic,eu,227,116.38,95.35,0,1,1,0,0,0,0,IaaS,Hybrid Cloud,Azure
985.59,webapp,low,high,asia,138,4.62,98.92,1,0,0,0,0,0,1,IaaS,Private Cloud,AWS
328.41,startup,low,basic,eu,251,96.01,98.33,0,0,0,0,0,0,1,PaaS,Public Cloud,AWS
582.17,startup,low,high,us,454,39.51,96.29,1,1,0,0,0,0,1,IaaS,Private Cloud,AWS
495.05,webapp,low,high,eu,494,9.06,97.59,1,1,0,1,0,0,1,IaaS,Private Cloud,GCP
2736.46,enterprise,high,high,asia,2,171.78,95.95,1,0,0,0,0,1,0,IaaS,Hybrid Cloud,AWS
642.74,startup,low,moderate,asia,233,98.18,99.77,0,1,0,1,0,0,1,PaaS,Public Cloud,GCP
59.29,webapp,high,high,asia,498,1519.32,95.97,1,0,0,1,0,1,1,IaaS,Private Cloud,GCP
606.4,webapp,low,basic,asia,10,58.94,97.79,0,1,0,1,0,0,1,PaaS,Public Cloud,GCP
263.09,webapp,medium,moderate,us,370,349.98,95.85,0,0,0,1,0,0,1,PaaS,Public Cloud,GCP
116.9,startup,high,high,asia,260,157.45,97.03,1,1,0,0,0,1,1,IaaS,Hybrid Cloud,GCP
339.98,webapp,medium,moderate,eu,196,26.14,96.35,0,0,0,1,0,0,1,PaaS,Public Cloud,GCP
1338.95,enterprise,low,basic,eu,393,379.55,96.23,0,0,1,0,0,0,0,SaaS,Public Cloud,Azure
149.96,webapp,high,basic,us,266,523.57,97.76,0,1,0,1,0,1,1,PaaS,Public Cloud,GCP
183.13,startup,medium,basic,eu,234,146.06,99.88,0,1,0,0,0,0,1,PaaS,Public Cloud,GCP
170.32,webapp,medium,moderate,asia,31,42.27,97.95,0,1,0,1,0,0,1,PaaS,Public Cloud,GCP
82.41,startup,medium,moderate,eu,163,23.68,99.06,0,0,0,1,0,0,1,PaaS,Public Cloud,GCP
502.44,webapp,medium,basic,us,106,72.76,98.75,0,1,0,1,0,0,1,PaaS,Public Cloud,GCP
345.47,enterprise,high,moderate,eu,130,56.99,96.94,0,0,0,0,0,1,0,SaaS,Public Cloud,AWS
254.24,webapp,low,basic,us,485,7.78,96.19,0,1,0,0,0,0,1,PaaS,Public Cloud,AWS
8515.51,enterprise,high,moderate,asia,214,101.35,98.53,0,1,1,0,0,1,0,IaaS,Hybrid Cloud,Azure
2734.44,enterprise,medium,basic,us,141,429.65,99.92,0,1,1,0,0,0,0,IaaS,Hybrid Cloud,Azure
210.93,startup,medium,high,asia,178,194.59,99.03,1,0,0,1,0,0,1,IaaS,Private Cloud,GCP
486.93,ml,low,high,asia,471,131.73,97.07,1,1,0,0,1,0,0,IaaS,Private Cloud,GCP
1894.58,enterprise,high,basic,asia,27,12.07,97.07,0,0,0,0,0,1,0,SaaS,Public Cloud,AWS
2515.76,ml,medium,moderate,eu,222,313.46,95.11,0,0,0,0,1,0,0,IaaS,Public Cloud,GCP
2105.23,webapp,medium,high,asia,345,16.12,96.27,1,0,0,1,0,0,0,IaaS,Private Cloud,GCP
837.52,enterprise,medium,high,asia,139,38.22,98.01,1,1,1,0,0,0,0,IaaS,Hybrid Cloud,Azure
557.86,ml,medium,basic,eu,298,65.01,96.29,0,0,0,0,1,0,0,IaaS,Public Cloud,GCP
98.87,webapp,low,moderate,asia,365,527.57,97.97,1,0,0,1,0,0,1,PaaS,Public Cloud,GCP
112.93,startup,low,moderate,us,488,79.37,96.9,0,1,0,1,0,0,1,PaaS,Public Cloud,GCP
150.76,startup,low,basic,asia,346,26.6,97.07,0,1,0,1,0,0,1,PaaS,Public Cloud,GCP
4091.94,enterprise,low,high,asia,161,286.16,97.52,1,0,0,0,0,0,0,IaaS,Private Cloud,Azure
97.99,webapp,low,moderate,eu,351,376.16,96.16,1,0,0,1,0,0,1,PaaS,Private Cloud,GCP
834.36,enterprise,low,high,eu,426,24.13,97.97,1,0,1,0,0,0,0,IaaS,Private Cloud,Azure
188.11,webapp,high,moderate,asia,484,7.2,98.16,1,0,0,1,0,0,1,PaaS,Public Cloud,GCP
4811.98,enterprise,medium,moderate,us,441,27.38,97.93,0,1,1,0,0,0,0,IaaS,Hybrid Cloud,Azure
620.34,enterprise,medium,moderate,us,308,158.77,96.24,0,1,0,0,0,0,0,IaaS,Hybrid Cloud,AWS
421.0,webapp,low,high,eu,195,80.39,97.62,1,0,0,1,0,0,1,IaaS,Private Cloud,GCP
1647.23,enterprise,medium,high,eu,124,11.39,99.08,1,0,1,0,0,0,0,IaaS,Private Cloud,Azure
801.73,webapp,high,moderate,asia,147,19.86,97.21,1,1,0,1,0,1,1,IaaS,Public Cloud,GCP
368.28,startup,low,basic,us,107,25.61,97.53,0,0,0,0,0,0,1,PaaS,Public Cloud,AWS
844.84,webapp,high,moderate,us,263,81.16,97.66,1,0,0,0,0,1,1,IaaS,Public Cloud,AWS
3872.18,enterprise,low,moderate,us,138,24.59,95.49,1,0,1,0,0,0,0,IaaS,Private Cloud,Azure
4601.2,enterprise,low,basic,asia,332,15.2,99.12,0,0,0,0,0,0,0,SaaS,Public Cloud,AWS
881.38,webapp,medium,moderate,asia,142,15.4,97.17,0,0,0,0,0,0,1,PaaS,Public Cloud,AWS
3073.85,enterprise,high,basic,us,276,213.62,96.03,0,0,1,0,0,0,0,SaaS,Public Cloud,Azure
83.99,startup,medium,high,us,214,1.41,98.29,1,1,0,1,0,0,1,IaaS,Hybrid Cloud,GCP
452.23,startup,high,moderate,eu,122,26.88,98.64,0,0,0,0,0,0,1,PaaS,Public Cloud,GCP
517.28,enterprise,low,basic,eu,155,97.32,98.98,0,0,0,0,0,0,0,SaaS,Public Cloud,Azure
189.27,webapp,high,moderate,eu,282,25.32,95.94,1,0,0,0,0,1,1,PaaS,Public Cloud,AWS
3112.96,ml,medium,moderate,us,432,48.9,97.78,0,0,0,0,1,0,0,IaaS,Public Cloud,GCP
769.17,startup,low,high,eu,118,59.74,95.16,1,1,0,1,0,0,1,IaaS,Private Cloud,Azure
200.05,webapp,low,basic,asia,371,14.0,96.08,0,1,0,1,0,0,1,PaaS,Public Cloud,GCP
2541.95,webapp,medium,basic,asia,404,169.39,95.18,0,1,0,1,0,0,0,PaaS,Public Cloud,GCP
777.59,webapp,medium,basic,eu,392,13.72,99.59,0,0,0,0,0,0,1,PaaS,Public Cloud,AWS
809.63,webapp,high,moderate,us,453,71.38,99.16,0,0,0,0,0,0,1,PaaS,Public Cloud,AWS
5668.61,ml,low,moderate,eu,407,25.12,96.61,0,0,0,0,1,0,0,IaaS,Private Cloud,GCP
190.41,startup,medium,moderate,us,460,12.96,95.22,0,0,0,1,0,0,1,PaaS,Public Cloud,GCP
72.94,webapp,medium,moderate,eu,56,75.81,95.64,1,0,0,0,0,0,1,PaaS,Public Cloud,Azure
4508.69,enterprise,medium,basic,us,159,187.16,95.28,0,1,0,0,0,0,0,IaaS,Hybrid Cloud,AWS
56.37,webapp,low,moderate,asia,344,80.92,95.71,1,1,0,0,0,0,1,IaaS,Hybrid Cloud,GCP
4192.25,enterprise,low,basic,asia,198,9.64,99.01,0,1,1,0,0,0,0,IaaS,Hybrid Cloud,Azure
2130.7,webapp,medium,high,eu,485,63.9,98.22,1,0,0,0,0,0,0,IaaS,Private Cloud,Azure
1859.97,enterprise,low,moderate,eu,331,105.31,99.04,0,1,1,0,0,0,0,IaaS,Hybrid Cloud,Azure
275.23,startup,medium,basic,asia,393,60.25,99.49,0,1,0,1,0,0,1,PaaS,Public Cloud,GCP
741.96,webapp,high,basic,eu,169,19.46,97.33,0,1,0,1,0,0,1,PaaS,Public Cloud,GCP
3211.33,webapp,high,moderate,asia,352,34.96,97.76,0,1,0,0,0,1,0,IaaS,Hybrid Cloud,AWS
693.19,webapp,medium,basic,us,245,5.12,96.16,0,0,0,1,0,0,1,PaaS,Public Cloud,AWS
520.51,startup,medium,moderate,us,379,26.22,98.91,1,0,0,1,0,0,1,IaaS,Public Cloud,AWS
1123.26,enterprise,high,basic,asia,325,9.69,98.67,0,0,0,0,0,0,0,SaaS,Public Cloud,AWS
1120.42,webapp,medium,high,eu,176,31.05,97.89,1,1,0,1,0,0,1,IaaS,Hybrid Cloud,Azure
643.25,webapp,high,moderate,us,473,122.29,99.39,0,0,0,0,0,1,1,PaaS,Public Cloud,AWS
204.81,webapp,medium,high,us,393,6.92,98.07,1,0,0,0,0,0,1,IaaS,Private Cloud,AWS
109.64,startup,high,basic,asia,148,49.23,95.15,0,1,0,1,0,0,1,PaaS,Public Cloud,GCP
4196.25,enterprise,medium,high,us,157,9.96,97.72,1,0,1,0,0,0,0,IaaS,Private Cloud,Azure
256.31,webapp,medium,basic,asia,475,33.86,95.79,0,0,0,0,0,0,1,PaaS,Public Cloud,GCP
1010.72,webapp,high,basic,us,232,20.06,98.06,0,1,0,1,0,1,1,PaaS,Public Cloud,AWS
1605.08,webapp,medium,high,us,182,340.37,98.03,1,0,0,0,0,0,1,IaaS,Private Cloud,AWS
72.32,webapp,medium,high,asia,197,44.52,95.54,1,0,0,1,0,0,1,IaaS,Private Cloud,GCP
1397.62,enterprise,high,high,us,389,38.45,96.76,1,1,1,0,0,0,0,IaaS,Hybrid Cloud,Azure
81.67,startup,low,moderate,asia,456,1575.05,96.95,0,0,0,0,0,0,1,PaaS,Public Cloud,AWS
4609.52,ml,high,moderate,us,379,18.31,97.13,0,1,0,0,1,0,0,IaaS,Hybrid Cloud,GCP
461.85,webapp,low,high,eu,101,12.76,99.59,1,1,0,1,0,0,1,IaaS,Private Cloud,GCP
770.41,webapp,low,moderate,eu,90,33.0,95.02,1,0,0,0,0,0,1,PaaS,Private Cloud,Azure
80.01,startup,low,high,eu,209,1049.68,96.03,1,0,0,1,0,0,1,IaaS,Private Cloud,GCP
552.73,startup,high,basic,us,70,26.45,99.66,0,1,0,1,0,0,1,PaaS,Public Cloud,AWS
1714.46,startup,medium,high,eu,116,155.84,97.09,1,0,0,0,0,0,1,IaaS,Private Cloud,Azure
121.76,startup,high,basic,asia,490,54.6,95.88,0,0,0,0,0,1,1,PaaS,Public Cloud,GCP
459.69,ml,low,basic,eu,13,216.03,98.77,0,0,0,0,1,0,0,SaaS,Public Cloud,GCP
359.04,startup,low,moderate,eu,422,61.17,99.93,0,0,0,0,0,0,1,PaaS,Public Cloud,GCP
336.81,webapp,medium,moderate,us,475,123.03,98.86,0,1,0,1,0,0,1,PaaS,Public Cloud,GCP
1882.23,webapp,medium,moderate,us,239,282.41,96.77,1,1,0,0,0,0,1,IaaS,Hybrid Cloud,AWS
1642.22,enterprise,medium,moderate,us,380,55.13,96.93,0,1,1,0,0,0,0,IaaS,Hybrid Cloud,Azure
569.87,webapp,high,moderate,asia,287,35.63,97.7,0,1,0,0,0,1,1,IaaS,Public Cloud,AWS
3758.97,enterprise,medium,moderate,asia,306,140.16,95.31,0,1,1,0,0,0,0,IaaS,Hybrid Cloud,Azure
89.59,startup,medium,high,us,308,3.0,97.24,1,0,0,1,0,0,1,IaaS,Private Cloud,GCP
50.0,startup,medium,moderate,us,79,6.33,95.02,0,1,0,1,0,0,1,PaaS,Public Cloud,GCP
2383.49,ml,medium,moderate,us,446,141.65,96.31,0,1,0,0,1,0,0,IaaS,Hybrid Cloud,GCP
4049.91,enterprise,medium,basic,us,230,7.82,95.72,0,0,1,0,0,0,0,SaaS,Public Cloud,Azure
579.69,startup,high,high,eu,424,13.19,95.66,1,0,0,1,0,0,1,IaaS,Public Cloud,Azure
213.61,startup,low,moderate,eu,17,255.96,96.38,1,0,0,1,0,0,1,PaaS,Public Cloud,GCP
182.69,startup,high,high,us,308,12.65,95.45,1,1,0,1,0,1,1,IaaS,Hybrid Cloud,GCP
263.83,webapp,medium,moderate,asia,359,77.7,98.89,1,1,0,1,0,0,1,IaaS,Hybrid Cloud,GCP
3016.97,ml,medium,moderate,asia,125,30.83,96.21,1,1,0,0,1,0,0,IaaS,Hybrid Cloud,GCP
8675.81,enterprise,medium,high,us,246,16.14,97.38,1,0,0,0,0,0,0,IaaS,Private Cloud,AWS
590.34,enterprise,medium,basic,us,26,111.98,95.2,0,0,0,0,0,0,0,SaaS,Public Cloud,AWS
478.26,webapp,medium,moderate,asia,290,33.47,96.27,0,0,0,0,0,0,1,PaaS,Public Cloud,GCP
5475.62,webapp,high,basic,us,95,109.21,95.31,0,0,0,1,0,0,0,PaaS,Public Cloud,GCP
58.55,startup,medium,basic,eu,466,11.39,95.94,0,0,0,1,0,0,1,PaaS,Public Cloud,GCP
216.61,startup,medium,high,us,347,79.84,98.78,1,1,0,0,0,0,1,IaaS,Hybrid Cloud,AWS
4262.57,enterprise,high,high,asia,391,18.03,99.82,1,0,1,0,0,0,0,IaaS,Hybrid Cloud,Azure
516.83,webapp,low,basic,asia,449,13.74,95.92,0,0,0,0,0,0,1,PaaS,Public Cloud,AWS
179.36,startup,medium,basic,us,352,4.35,96.81,0,1,0,1,0,0,1,PaaS,Public Cloud,GCP
525.43,webapp,medium,basic,eu,391,664.73,99.33,0,0,0,0,0,0,1,PaaS,Public Cloud,AWS
3686.86,enterprise,medium,moderate,us,58,119.36,98.53,0,0,0,0,0,0,0,SaaS,Hybrid Cloud,AWS
394.48,webapp,low,moderate,us,471,68.71,96.11,0,0,0,1,0,0,1,PaaS,Public Cloud,GCP
1821.89,webapp,high,basic,asia,28,2175.94,99.44,0,0,0,0,0,0,1,PaaS,Public Cloud,AWS
220.45,startup,low,moderate,asia,173,81.94,96.51,1,0,0,0,0,0,1,PaaS,Public Cloud,GCP
259.82,startup,medium,basic,eu,295,80.19,96.78,0,1,0,0,0,0,1,PaaS,Public Cloud,GCP
727.84,webapp,low,high,asia,256,180.52,98.83,1,1,0,1,0,0,1,IaaS,Private Cloud,GCP
1036.66,enterprise,medium,high,asia,22,105.19,98.17,1,1,1,0,0,0,0,IaaS,Hybrid Cloud,Azure
656.48,webapp,high,high,us,371,13.9,96.92,1,0,0,0,0,0,1,IaaS,Private Cloud,AWS
3774.31,enterprise,low,moderate,us,390,249.81,95.53,1,1,1,0,0,0,0,IaaS,Hybrid Cloud,Azure
2336.61,webapp,medium,basic,us,483,555.13,96.4,0,0,0,1,0,0,0,PaaS,Public Cloud,GCP
211.24,startup,medium,basic,asia,287,33.89,97.31,0,0,0,1,0,0,1,PaaS,Public Cloud,GCP
228.97,startup,low,moderate,asia,44,586.58,97.13,1,1,0,1,0,0,1,PaaS,Public Cloud,GCP
351.88,webapp,low,basic,asia,34,207.25,95.62,0,0,0,0,0,0,1,PaaS,Public Cloud,GCP
126.66,startup,medium,moderate,asia,8,5.34,95.62,0,0,0,0,0,0,1,PaaS,Public Cloud,GCP
3611.67,enterprise,medium,basic,eu,402,396.26,97.03,0,0,0,0,0,0,0,SaaS,Public Cloud,AWS
3790.82,ml,high,moderate,us,248,11.9,97.45,0,1,0,0,1,0,0,IaaS,Public Cloud,GCP
399.62,startup,medium,high,us,428,112.12,99.26,1,1,0,0,0,0,1,IaaS,Hybrid Cloud,AWS
2601.3,enterprise,medium,basic,asia,483,8.45,98.36,0,0,0,0,0,0,0,SaaS,Public Cloud,AWS
1426.0,ml,high,moderate,us,460,6.81,96.98,1,1,0,0,1,1,0,IaaS,Hybrid Cloud,GCP
75.91,startup,high,basic,us,459,718.87,96.95,0,0,0,1,0,0,1,PaaS,Public Cloud,GCP
550.37,webapp,high,moderate,eu,110,14.25,95.42,0,0,0,1,0,1,1,PaaS,Public Cloud,GCP
4275.41,enterprise,medium,basic,us,21,103.15,99.11,0,0,0,0,0,0,0,SaaS,Public Cloud,AWS
568.2,webapp,low,basic,us,162,15.39,95.94,0,0,0,0,0,0,1,PaaS,Public Cloud,AWS
3800.13,ml,medium,moderate,eu,255,5.51,99.65,0,0,0,0,1,0,0,IaaS,Public Cloud,GCP
205.8,webapp,high,high,eu,403,10.89,99.2,1,1,0,1,0,1,1,IaaS,Hybrid Cloud,GCP
306.71,webapp,high,high,eu,39,8.05,97.95,1,1,0,0,0,0,1,IaaS,Hybrid Cloud,Azure
3233.81,enterprise,high,moderate,us,427,3.58,95.6,1,1,1,0,0,1,0,IaaS,Hybrid Cloud,Azure
1148.24,webapp,high,moderate,us,178,44.06,96.02,1,1,0,1,0,1,1,IaaS,Hybrid Cloud,AWS
459.05,webapp,high,basic,eu,138,4.42,97.21,0,0,0,0,0,1,1,PaaS,Public Cloud,AWS
194.75,startup,medium,moderate,eu,328,425.41,96.32,1,0,0,0,0,0,1,PaaS,Public Cloud,Azure
1559.74,webapp,low,basic,eu,390,7.48,97.57,0,0,0,1,0,0,1,PaaS,Public Cloud,GCP
78.89,startup,medium,basic,asia,172,161.73,96.25,0,0,0,0,0,0,1,PaaS,Public Cloud,GCP
2015.53,enterprise,medium,moderate,us,316,77.88,98.95,1,0,1,0,0,0,0,IaaS,Hybrid Cloud,Azure
179.25,startup,medium,basic,asia,437,22.83,96.19,0,0,0,1,0,0,1,PaaS,Public Cloud,GCP
72.62,ml,low,moderate,eu,473,25.04,97.84,1,0,0,0,1,0,0,IaaS,Private Cloud,GCP
6829.67,enterprise,high,moderate,eu,288,4.52,99.28,0,0,1,0,0,1,0,IaaS,Public Cloud,Azure
819.11,startup,medium,moderate,asia,44,162.67,97.97,0,1,0,0,0,0,1,PaaS,Public Cloud,AWS
13928.97,enterprise,low,high,us,12,7.54,95.91,1,1,1,0,0,0,0,IaaS,Private Cloud,Azure
240.43,webapp,high,high,eu,5,2.56,97.36,1,0,0,0,0,1,1,PaaS,Private Cloud,Azure
120.66,startup,high,basic,asia,120,18.2,99.55,0,0,0,0,0,0,1,PaaS,Public Cloud,GCP
388.09,startup,medium,basic,eu,444,15.35,96.47,0,0,0,1,0,0,1,PaaS,Public Cloud,GCP
125.86,webapp,high,moderate,asia,125,6.31,99.82,1,0,0,0,0,1,1,PaaS,Public Cloud,GCP
7604.41,enterprise,high,high,asia,310,6.41,97.48,1,1,0,0,0,1,0,IaaS,Hybrid Cloud,AWS
441.91,startup,high,high,us,163,121.53,95.31,1,0,0,1,0,1,1,IaaS,Public Cloud,GCP
180.35,startup,medium,basic,asia,233,18.41,99.99,0,0,0,1,0,0,1,PaaS,Public Cloud,GCP
2303.57,enterprise,medium,basic,asia,296,181.96,95.6,0,0,0,0,0,0,0,SaaS,Public Cloud,AWS
218.04,startup,medium,high,asia,133,149.31,95.91,1,0,0,1,0,0,1,IaaS,Private Cloud,GCP
209.15,enterprise,high,basic,asia,193,61.85,97.75,0,1,0,0,0,0,0,SaaS,Public Cloud,GCP
37673.42,enterprise,high,moderate,eu,12,187.08,97.51,1,1,1,0,0,0,0,IaaS,Hybrid Cloud,Azure
6096.41,enterprise,medium,basic,asia,345,18.38,99.98,0,1,1,0,0,0,0,IaaS,Hybrid Cloud,Azure
7395.27,enterprise,high,basic,eu,2,4.15,97.22,0,1,0,0,0,1,0,SaaS,Public Cloud,AWS
1016.82,webapp,medium,basic,us,427,36.4,98.67,0,1,0,0,0,0,1,PaaS,Public Cloud,AWS
800.24,webapp,high,basic,eu,313,10.1,98.53,0,1,0,0,0,1,1,PaaS,Public Cloud,AWS
363.54,webapp,high,high,asia,489,7.2,99.95,1,0,0,0,0,1,1,IaaS,Private Cloud,GCP
2693.01,enterprise,low,high,us,409,38.18,95.71,1,0,0,0,0,0,0,IaaS,Private Cloud,AWS
3014.29,enterprise,high,basic,asia,465,139.2,97.51,0,0,1,0,0,0,0,SaaS,Public Cloud,Azure
3753.33,enterprise,low,high,asia,89,3.97,99.95,1,0,1,0,0,0,0,IaaS,Private Cloud,Azure
10070.95,enterprise,high,moderate,us,40,297.74,99.26,0,0,1,0,0,1,0,IaaS,Public Cloud,Azure
147.67,webapp,low,high,us,188,573.74,96.11,1,0,0,0,0,0,1,IaaS,Private Cloud,AWS
1544.13,enterprise,low,moderate,us,242,7.11,97.24,0,0,1,0,0,0,0,IaaS,Private Cloud,Azure
1142.39,ml,high,moderate,us,119,41.1,99.03,0,1,0,0,1,1,0,IaaS,Hybrid Cloud,GCP
57.49,startup,medium,high,us,479,76.15,98.53,1,1,0,1,0,0,1,IaaS,Hybrid Cloud,GCP
835.34,webapp,medium,high,asia,143,8.18,99.08,1,1,0,0,0,0,1,IaaS,Hybrid Cloud,AWS
66.67,startup,medium,basic,us,256,26.33,96.0,0,0,0,0,0,0,1,PaaS,Public Cloud,AWS
514.86,webapp,medium,basic,eu,200,149.42,95.74,0,0,0,0,0,0,1,PaaS,Public Cloud,AWS
849.5,webapp,medium,moderate,eu,396,680.15,98.71,1,0,0,0,0,0,1,IaaS,Public Cloud,Azure
604.73,webapp,medium,basic,eu,176,63.67,99.97,0,0,0,1,0,0,1,PaaS,Public Cloud,GCP
103.45,webapp,high,basic,eu,169,68.9,96.71,0,0,0,1,0,0,1,PaaS,Public Cloud,GCP
499.04,enterprise,high,moderate,eu,205,20.12,97.23,1,0,0,0,0,0,0,IaaS,Public Cloud,Azure
4421.97,enterprise,medium,basic,asia,246,10.02,98.55,0,1,1,0,0,0,0,IaaS,Hybrid Cloud,Azure
567.75,webapp,high,moderate,us,284,48.54,97.69,0,0,0,0,0,0,1,PaaS,Public Cloud,AWS
379.53,webapp,low,moderate,us,444,272.66,95.7,1,0,0,0,0,0,1,PaaS,Public Cloud,AWS
342.91,startup,medium,basic,us,233,48.41,97.51,0,0,0,1,0,0,1,PaaS,Public Cloud,GCP
1435.79,enterprise,medium,moderate,eu,448,39.6,98.67,1,0,0,0,0,0,0,IaaS,Hybrid Cloud,Azure
3118.35,enterprise,medium,moderate,eu,325,238.14,95.0,0,1,1,0,0,0,0,IaaS,Hybrid Cloud,Azure
2088.55,enterprise,low,high,asia,216,113.61,98.88,1,1,0,0,0,0,0,IaaS,Private Cloud,Azure
409.41,webapp,high,moderate,asia,393,125.03,96.02,0,1,0,1,0,0,1,PaaS,Public Cloud,GCP
373.84,webapp,medium,basic,us,380,348.91,95.49,0,1,0,0,0,0,1,PaaS,Public Cloud,AWS
310.76,startup,low,basic,asia,327,4.0,97.41,0,0,0,0,0,0,1,PaaS,Public Cloud,GCP
142.61,startup,low,moderate,us,486,400.9,97.85,0,0,0,1,0,0,1,PaaS,Public Cloud,GCP
258.89,startup,high,basic,eu,214,88.72,96.44,0,1,0,1,0,0,1,PaaS,Public Cloud,GCP
1744.98,webapp,high,basic,eu,85,190.23,97.57,0,1,0,1,0,0,1,PaaS,Public Cloud,GCP
4779.46,enterprise,medium,basic,us,318,27.91,99.01,0,0,1,0,0,0,0,SaaS,Public Cloud,Azure
1866.29,ml,high,moderate,asia,135,108.92,97.26,0,0,0,0,1,1,0,IaaS,Public Cloud,GCP
432.21,startup,high,moderate,asia,416,54.4,96.07,0,0,0,1,0,1,1,PaaS,Public Cloud,GCP
2397.18,webapp,low,basic,us,103,73.25,97.1,0,1,0,1,0,0,0,PaaS,Public Cloud,GCP
3671.75,enterprise,medium,moderate,eu,221,743.49,96.49,0,0,1,0,0,0,0,IaaS,Hybrid Cloud,Azure
1418.39,enterprise,medium,basic,asia,229,56.63,96.95,0,1,1,0,0,0,0,IaaS,Hybrid Cloud,Azure
7376.61,enterprise,medium,moderate,us,134,171.26,96.89,0,0,0,0,0,0,0,IaaS,Hybrid Cloud,AWS
862.1,webapp,low,moderate,eu,418,11.36,98.62,1,0,0,1,0,0,1,IaaS,Private Cloud,Azure
3423.7,enterprise,low,high,us,348,87.16,97.42,1,1,1,0,0,0,0,IaaS,Hybrid Cloud,Azure
19066.96,enterprise,low,moderate,eu,190,33.14,95.41,1,0,1,0,0,0,0,IaaS,Private Cloud,Azure
115.6,webapp,high,high,us,416,8.61,99.43,1,1,0,1,0,1,1,IaaS,Hybrid Cloud,GCP
53.81,startup,high,moderate,eu,107,170.63,95.82,1,1,0,1,0,1,1,IaaS,Public Cloud,GCP
3383.52,enterprise,high,moderate,us,238,406.09,99.67,1,0,1,0,0,0,0,IaaS,Hybrid Cloud,Azure
70.17,webapp,medium,moderate,eu,385,27.06,95.24,0,0,0,0,0,0,1,PaaS,Public Cloud,GCP
1158.96,webapp,medium,moderate,eu,236,1189.47,99.97,1,0,0,1,0,0,1,IaaS,Private Cloud,Azure
3120.93,webapp,medium,high,us,377,1097.34,98.86,1,0,0,0,0,0,0,IaaS,Private Cloud,AWS
3994.22,enterprise,medium,basic,eu,472,238.95,95.45,0,0,1,0,0,0,0,SaaS,Public Cloud,Azure
425.91,startup,high,high,eu,354,290.53,95.54,1,0,0,0,0,1,1,IaaS,Public Cloud,Azure
278.14,webapp,medium,basic,asia,362,18.73,98.7,0,1,0,1,0,0,1,PaaS,Public Cloud,GCP
520.79,startup,low,moderate,us,37,11.47,98.16,0,1,0,0,0,0,1,PaaS,Public Cloud,AWS
392.05,webapp,medium,basic,us,121,18.1,99.85,0,0,0,1,0,0,1,PaaS,Public Cloud,GCP
227.9,startup,high,basic,eu,372,130.48,97.0,0,1,0,0,0,1,1,PaaS,Public Cloud,AWS
677.27,ml,medium,moderate,asia,214,190.06,98.11,0,0,0,0,1,0,0,IaaS,Public Cloud,GCP
203.54,webapp,low,high,us,181,76.52,97.51,1,1,0,0,0,0,1,IaaS,Private Cloud,AWS
847.96,webapp,medium,high,asia,415,211.49,97.1,1,0,0,1,0,0,1,IaaS,Private Cloud,GCP
1400.5,enterprise,low,moderate,us,309,16.62,96.78,0,1,0,0,0,0,0,IaaS,Hybrid Cloud,AWS
944.93,enterprise,medium,high,eu,411,128.9,97.89,1,1,1,0,0,0,0,IaaS,Hybrid Cloud,Azure
261.75,webapp,medium,high,asia,64,192.7,95.13,1,0,0,1,0,0,1,PaaS,Private Cloud,GCP
545.64,webapp,high,basic,asia,327,60.37,95.2,0,1,0,0,0,1,1,PaaS,Public Cloud,AWS
1022.68,enterprise,medium,high,us,12,18.62,98.7,1,0,0,0,0,0,0,IaaS,Private Cloud,AWS
990.91,webapp,low,basic,eu,30,89.03,99.19,0,0,0,1,0,0,1,PaaS,Public Cloud,GCP
2804.35,webapp,medium,moderate,us,368,157.77,99.14,0,1,0,1,0,0,0,IaaS,Hybrid Cloud,GCP
93.57,startup,high,moderate,us,70,251.44,96.33,1,0,0,1,0,1,1,PaaS,Public Cloud,GCP
279.26,webapp,low,basic,asia,434,147.7,98.85,0,1,0,0,0,0,1,PaaS,Public Cloud,GCP
262.67,webapp,low,moderate,us,389,19.37,95.47,0,0,0,0,0,0,1,PaaS,Public Cloud,AWS
1481.03,startup,high,high,asia,317,135.54,96.62,1,0,0,1,0,0,1,IaaS,Private Cloud,GCP
368.74,startup,medium,high,eu,327,135.77,95.75,1,0,0,1,0,0,1,IaaS,Private Cloud,GCP
13692.97,enterprise,low,moderate,eu,4,77.59,95.95,0,1,1,0,0,0,0,IaaS,Hybrid Cloud,Azure
4543.04,enterprise,high,high,asia,391,179.85,96.18,1,1,1,0,0,1,0,IaaS,Hybrid Cloud,Azure
191.26,webapp,high,moderate,eu,417,4.75,98.85,1,0,0,1,0,1,1,PaaS,Public Cloud,GCP
2314.77,enterprise,high,basic,eu,223,1.87,98.67,0,0,0,0,0,1,0,SaaS,Public Cloud,AWS
473.72,webapp,medium,basic,asia,282,72.88,98.58,0,0,0,1,0,0,1,PaaS,Public Cloud,GCP
356.82,startup,medium,moderate,us,421,339.14,97.19,0,1,0,1,0,0,1,PaaS,Public Cloud,GCP
67.52,startup,high,basic,eu,103,123.61,98.72,0,1,0,1,0,1,1,PaaS,Public Cloud,GCP
2609.71,webapp,high,moderate,eu,370,2744.17,96.54,1,0,0,0,0,1,0,IaaS,Public Cloud,AWS
294.65,webapp,low,basic,eu,409,651.27,98.43,0,0,0,1,0,0,1,PaaS,Public Cloud,GCP
4690.66,enterprise,high,basic,asia,467,194.66,95.16,0,0,1,0,0,0,0,SaaS,Public Cloud,Azure
356.93,webapp,high,basic,asia,189,18.92,95.42,0,0,0,1,0,1,1,PaaS,Public Cloud,GCP
539.04,startup,medium,high,eu,460,165.78,99.76,1,1,0,1,0,0,1,IaaS,Hybrid Cloud,Azure
1148.48,webapp,high,basic,us,467,17.87,96.35,0,1,0,1,0,0,1,PaaS,Public Cloud,AWS
755.48,ml,high,basic,eu,351,52.5,99.06,0,0,0,0,1,1,0,IaaS,Public Cloud,GCP
743.59,enterprise,medium,high,us,291,173.36,95.73,1,0,0,0,0,0,0,IaaS,Private Cloud,AWS
5287.3,enterprise,high,moderate,us,158,284.59,98.29,0,0,1,0,0,0,0,IaaS,Public Cloud,Azure
432.04,startup,low,high,asia,229,107.99,96.39,1,0,0,1,0,0,1,IaaS,Private Cloud,GCP
924.47,enterprise,high,high,asia,201,13.47,99.0,1,1,0,0,0,0,0,IaaS,Hybrid Cloud,AWS
821.23,webapp,medium,moderate,us,419,4.35,96.05,0,0,0,1,0,0,1,PaaS,Public Cloud,AWS
2756.93,enterprise,low,high,eu,105,146.21,95.78,1,0,1,0,0,0,0,IaaS,Private Cloud,Azure
277.56,webapp,low,moderate,us,381,31.51,95.49,1,0,0,1,0,0,1,PaaS,Private Cloud,GCP
5726.05,enterprise,medium,high,asia,385,50.01,96.75,1,1,1,0,0,0,0,IaaS,Hybrid Cloud,Azure
59.27,webapp,medium,basic,eu,175,396.23,96.42,0,0,0,1,0,0,1,PaaS,Public Cloud,GCP
10560.3,enterprise,high,moderate,asia,486,9.7,97.97,1,0,0,0,0,1,0,IaaS,Hybrid Cloud,AWS
395.3,webapp,medium,moderate,us,224,55.04,99.5,0,1,0,1,0,0,1,PaaS,Public Cloud,GCP
88.72,startup,high,basic,asia,63,18.06,95.31,0,0,0,0,0,1,1,PaaS,Public Cloud,GCP
5172.64,enterprise,medium,basic,eu,183,23.5,95.17,0,0,1,0,0,0,0,SaaS,Public Cloud,Azure
90.49,startup,medium,high,eu,306,46.05,97.02,1,1,0,1,0,0,1,IaaS,Hybrid Cloud,GCP
85.06,startup,medium,high,us,177,150.62,98.18,1,1,0,1,0,0,1,IaaS,Hybrid Cloud,GCP
533.31,webapp,high,basic,eu,233,121.02,99.82,0,0,0,1,0,0,1,PaaS,Public Cloud,GCP
98.24,webapp,medium,moderate,asia,214,173.97,96.63,0,1,0,1,0,0,1,PaaS,Public Cloud,GCP
521.24,webapp,high,high,asia,300,16.87,97.5,1,0,0,0,0,1,1,IaaS,Private Cloud,AWS
1477.08,webapp,medium,high,asia,134,80.68,99.24,1,0,0,1,0,0,1,IaaS,Private Cloud,GCP
1750.26,enterprise,medium,moderate,us,72,2.31,97.63,1,0,1,0,0,0,0,IaaS,Hybrid Cloud,Azure
305.2,webapp,low,basic,us,264,3447.54,97.87,0,1,0,0,0,0,1,PaaS,Public Cloud,AWS
281.34,startup,low,moderate,eu,171,18.34,96.74,0,1,0,0,0,0,1,PaaS,Public Cloud,GCP
742.97,ml,high,basic,eu,189,30.97,96.16,0,0,0,0,1,1,0,IaaS,Public Cloud,GCP
151.29,startup,medium,moderate,us,315,9.52,97.43,1,0,0,0,0,0,1,PaaS,Public Cloud,AWS
437.4,webapp,high,high,eu,142,435.98,95.74,1,1,0,1,0,1,1,IaaS,Hybrid Cloud,GCP
1371.42,enterprise,medium,basic,eu,338,2.24,96.23,0,1,0,0,0,0,0,IaaS,Hybrid Cloud,AWS
1606.41,webapp,medium,moderate,eu,315,202.07,98.89,0,0,0,1,0,0,1,PaaS,Public Cloud,GCP
1012.03,webapp,medium,moderate,asia,485,717.72,99.06,1,0,0,0,0,0,1,IaaS,Private Cloud,AWS
364.45,startup,medium,high,eu,267,169.66,98.76,1,0,0,0,0,0,1,IaaS,Private Cloud,Azure
246.18,startup,high,moderate,us,282,5.39,96.72,1,0,0,1,0,1,1,PaaS,Public Cloud,GCP
317.74,webapp,low,moderate,us,136,29.19,97.93,1,1,0,1,0,0,1,IaaS,Hybrid Cloud,GCP
758.45,startup,high,moderate,eu,14,82.01,97.32,0,0,0,0,0,1,1,PaaS,Public Cloud,AWS
122.62,startup,medium,high,us,449,213.77,97.6,1,0,0,0,0,0,1,IaaS,Private Cloud,AWS
26007.1,enterprise,medium,high,asia,189,817.81,99.91,1,0,0,0,0,0,0,IaaS,Private Cloud,Azure
260.17,startup,high,basic,asia,429,57.94,99.94,0,1,0,0,0,1,1,PaaS,Public Cloud,GCP
203.4,webapp,medium,basic,asia,198,508.23,95.96,0,0,0,1,0,0,1,PaaS,Public Cloud,GCP
1421.69,enterprise,medium,high,us,170,57.58,98.22,1,1,0,0,0,0,0,IaaS,Hybrid Cloud,AWS
4368.45,enterprise,medium,high,eu,387,1.58,98.6,1,0,1,0,0,0,0,IaaS,Private Cloud,Azure
325.43,webapp,high,high,us,110,81.0,95.5,1,1,0,1,0,0,1,IaaS,Hybrid Cloud,GCP
101.9,startup,low,moderate,asia,422,21.52,95.71,0,0,0,1,0,0,1,PaaS,Public Cloud,GCP
501.03,enterprise,low,basic,us,90,218.31,95.21,0,1,1,0,0,0,0,SaaS,Public Cloud,Azure
1630.75,enterprise,low,moderate,asia,360,1.67,98.56,1,0,1,0,0,0,0,IaaS,Private Cloud,Azure
257.69,webapp,high,basic,us,7,1300.04,97.69,0,1,0,1,0,0,1,PaaS,Public Cloud,AWS
3183.5,webapp,high,high,eu,474,32.72,96.77,1,0,0,0,0,0,0,IaaS,Private Cloud,Azure
1095.76,enterprise,medium,moderate,eu,486,27.29,99.27,0,0,0,0,0,0,0,IaaS,Hybrid Cloud,AWS
469.79,webapp,high,moderate,us,235,100.68,97.03,0,1,0,1,0,1,1,PaaS,Public Cloud,GCP
132.3,webapp,low,moderate,asia,489,5278.75,99.77,1,0,0,1,0,0,1,PaaS,Public Cloud,GCP
88.59,startup,high,moderate,eu,105,84.48,95.08,1,0,0,0,0,1,1,PaaS,Public Cloud,AWS
481.78,startup,medium,moderate,us,255,253.09,96.97,0,1,0,1,0,0,1,PaaS,Public Cloud,GCP
865.81,webapp,medium,moderate,asia,53,85.72,98.99,1,0,0,1,0,0,1,PaaS,Public Cloud,GCP
8608.78,enterprise,high,moderate,us,398,110.78,95.52,0,0,0,0,0,0,0,IaaS,Public Cloud,AWS
5775.81,enterprise,medium,basic,eu,416,71.26,98.49,0,0,0,0,0,0,0,SaaS,Public Cloud,Azure
12163.27,enterprise,medium,moderate,asia,90,7.7,98.19,1,0,0,0,0,0,0,IaaS,Hybrid Cloud,AWS
2634.57,enterprise,low,high,asia,74,15.81,97.96,1,1,0,0,0,0,0,IaaS,Private Cloud,Azure
1606.92,enterprise,medium,moderate,eu,283,465.25,98.79,0,0,0,0,0,0,0,IaaS,Hybrid Cloud,AWS
6459.29,ml,low,high,eu,340,2.27,98.07,1,0,0,0,1,0,0,IaaS,Private Cloud,Azure
174.76,startup,medium,moderate,asia,365,35.88,96.61,1,1,0,1,0,0,1,IaaS,Public Cloud,GCP
149.92,startup,medium,moderate,asia,313,22.93,98.62,0,0,0,0,0,0,1,PaaS,Public Cloud,GCP
336.62,startup,high,high,us,339,53.03,96.85,1,0,0,0,0,0,1,IaaS,Public Cloud,AWS
195.11,startup,medium,high,asia,366,381.37,95.23,1,0,0,1,0,0,1,IaaS,Private Cloud,GCP
384.99,ml,high,moderate,eu,181,311.93,97.67,1,1,0,0,1,1,0,IaaS,Public Cloud,GCP
1453.82,startup,medium,moderate,eu,223,9.67,95.91,1,1,0,1,0,0,1,IaaS,Hybrid Cloud,Azure
56.32,startup,low,basic,asia,397,58.47,96.98,0,1,0,0,0,0,1,PaaS,Public Cloud,GCP
934.53,enterprise,low,moderate,asia,222,674.74,99.89,0,0,0,0,0,0,0,IaaS,Public Cloud,AWS
106.27,startup,high,moderate,us,293,101.44,97.86,0,1,0,0,0,0,1,PaaS,Public Cloud,AWS
179.51,startup,low,basic,asia,46,56.93,96.73,0,0,0,0,0,0,1,PaaS,Public Cloud,GCP
427.14,startup,medium,basic,eu,101,1418.7,97.35,0,0,0,1,0,0,1,PaaS,Public Cloud,GCP
1393.08,enterprise,low,high,asia,151,122.77,97.8,1,0,1,0,0,0,0,IaaS,Private Cloud,Azure
317.16,webapp,medium,moderate,asia,434,183.69,97.39,0,1,0,1,0,0,1,PaaS,Public Cloud,GCP
1109.04,enterprise,medium,moderate,asia,348,20.22,99.63,0,1,1,0,0,0,0,IaaS,Hybrid Cloud,Azure
4426.79,enterprise,medium,basic,asia,4,577.61,96.69,0,1,1,0,0,0,0,SaaS,Hybrid Cloud,Azure
22233.65,enterprise,medium,moderate,us,248,227.33,96.74,0,0,1,0,0,0,0,IaaS,Hybrid Cloud,Azure
531.52,startup,low,high,eu,351,58.45,95.68,1,0,0,0,0,0,1,IaaS,Private Cloud,Azure
402.57,startup,medium,basic,eu,103,63.19,95.55,0,0,0,1,0,0,1,PaaS,Public Cloud,GCP
94.62,webapp,high,basic,eu,175,30.24,98.29,0,1,0,0,0,1,1,PaaS,Public Cloud,AWS
119.24,startup,high,moderate,asia,241,41.74,98.89,0,0,0,1,0,1,1,PaaS,Public Cloud,GCP
222.51,webapp,medium,moderate,us,470,190.3,95.26,0,1,0,0,0,0,1,PaaS,Public Cloud,AWS
4359.12,enterprise,high,basic,us,292,28.92,95.29,0,0,0,0,0,1,0,SaaS,Public Cloud,AWS
2612.81,enterprise,high,basic,us,409,192.78,97.94,0,1,1,0,0,1,0,IaaS,Public Cloud,Azure
2839.24,enterprise,medium,high,us,242,18.5,96.6,1,1,0,0,0,0,0,IaaS,Hybrid Cloud,AWS
866.16,ml,medium,basic,asia,478,12.23,96.85,0,0,0,0,1,0,0,IaaS,Public Cloud,GCP
1689.23,ml,medium,moderate,us,174,411.42,97.83,1,0,0,0,1,0,0,IaaS,Private Cloud,GCP
831.24,enterprise,high,basic,eu,288,977.41,95.98,0,0,0,0,0,0,0,SaaS,Public Cloud,Azure
5155.72,enterprise,medium,moderate,us,320,42.54,97.6,1,1,0,0,0,0,0,IaaS,Hybrid Cloud,AWS
1124.93,webapp,low,high,asia,427,254.15,96.36,1,0,0,0,0,0,1,IaaS,Private Cloud,AWS
1634.58,ml,medium,moderate,asia,478,617.07,97.61,0,0,0,0,1,0,0,IaaS,Public Cloud,GCP
625.74,startup,medium,moderate,us,90,100.81,95.73,0,0,0,0,0,0,1,PaaS,Public Cloud,AWS
5295.37,enterprise,low,moderate,us,497,0.69,95.31,0,0,0,0,0,0,0,IaaS,Hybrid Cloud,AWS
408.55,webapp,high,basic,us,128,260.08,95.44,0,0,0,1,0,0,1,PaaS,Public Cloud,GCP
208.32,webapp,high,basic,us,84,66.72,99.32,0,0,0,1,0,0,1,PaaS,Public Cloud,GCP
3974.68,enterprise,high,moderate,asia,386,34.69,97.95,0,0,1,0,0,1,0,IaaS,Public Cloud,Azure
8104.93,enterprise,high,moderate,asia,19,22.79,96.57,0,0,0,0,0,0,0,SaaS,Public Cloud,AWS
1761.38,webapp,low,basic,asia,316,62.68,96.04,0,0,0,0,0,0,1,PaaS,Public Cloud,AWS
3000.97,enterprise,high,basic,asia,424,31.29,96.41,0,1,1,0,0,1,0,IaaS,Public Cloud,Azure
265.03,webapp,medium,moderate,us,403,16.76,95.26,1,0,0,1,0,0,1,PaaS,Public Cloud,GCP
2328.46,enterprise,medium,high,us,20,12.79,97.98,1,0,0,0,0,0,0,IaaS,Private Cloud,AWS
70.62,startup,high,moderate,asia,201,44.4,96.32,1,1,0,0,0,0,1,IaaS,Public Cloud,GCP
50.0,startup,medium,moderate,eu,227,295.11,96.71,0,0,0,1,0,0,1,PaaS,Public Cloud,GCP
1422.83,startup,medium,high,asia,163,808.2,96.27,1,0,0,1,0,0,1,IaaS,Private Cloud,GCP
438.77,startup,medium,basic,us,434,8.73,97.19,0,1,0,1,0,0,1,PaaS,Public Cloud,GCP
614.05,enterprise,low,moderate,eu,181,43.72,98.72,0,0,1,0,0,0,0,IaaS,Public Cloud,Azure
169.62,webapp,high,moderate,eu,158,49.31,97.76,1,1,0,1,0,0,1,IaaS,Public Cloud,GCP
167.36,startup,low,moderate,eu,355,21.63,96.92,0,1,0,1,0,0,1,PaaS,Public Cloud,GCP
5974.44,enterprise,medium,moderate,eu,137,403.34,97.22,1,0,1,0,0,0,0,IaaS,Hybrid Cloud,Azure
805.55,enterprise,medium,basic,asia,152,147.16,97.49,0,1,1,0,0,0,0,IaaS,Public Cloud,Azure
1631.11,enterprise,high,basic,eu,167,142.39,95.88,0,0,0,0,0,0,0,SaaS,Public Cloud,Azure
1900.23,enterprise,low,moderate,us,448,13.06,98.93,0,0,1,0,0,0,0,IaaS,Hybrid Cloud,Azure
330.94,startup,medium,moderate,us,253,519.65,98.77,1,1,0,1,0,0,1,IaaS,Public Cloud,GCP
464.42,startup,low,basic,us,84,167.99,99.58,0,0,0,1,0,0,1,PaaS,Public Cloud,GCP
205.68,webapp,low,high,asia,326,14.09,95.43,1,0,0,1,0,0,1,IaaS,Private Cloud,GCP
150.99,webapp,low,basic,asia,87,34.89,99.52,0,0,0,1,0,0,1,PaaS,Public Cloud,GCP
788.23,startup,low,basic,eu,276,68.83,97.99,0,0,0,1,0,0,1,PaaS,Public Cloud,GCP
149.58,startup,low,high,eu,310,33.98,98.83,1,1,0,0,0,0,1,IaaS,Private Cloud,Azure
462.65,webapp,low,moderate,us,135,384.34,99.53,1,1,0,0,0,0,1,IaaS,Hybrid Cloud,AWS
796.24,webapp,high,moderate,eu,196,19.22,97.64,0,0,0,1,0,1,1,PaaS,Public Cloud,GCP
146.95,webapp,high,basic,us,300,46.67,95.85,0,0,0,0,0,0,1,PaaS,Public Cloud,AWS
382.88,startup,medium,moderate,asia,453,119.62,96.88,1,1,0,0,0,0,1,IaaS,Public Cloud,GCP
356.04,webapp,medium,basic,us,476,61.78,98.31,0,1,0,0,0,0,1,PaaS,Public Cloud,AWS
274.31,startup,high,high,us,36,50.17,98.6,1,1,0,0,0,0,1,IaaS,Hybrid Cloud,AWS
1202.27,enterprise,high,high,us,113,44.54,98.66,1,1,0,0,0,1,0,IaaS,Hybrid Cloud,AWS
144.88,startup,medium,basic,us,258,50.45,95.96,0,1,0,0,0,0,1,PaaS,Public Cloud,AWS
965.22,webapp,medium,moderate,us,398,110.34,96.94,0,0,0,1,0,0,1,PaaS,Public Cloud,AWS
6543.76,enterprise,low,moderate,eu,273,25.84,98.74,1,0,1,0,0,0,0,IaaS,Private Cloud,Azure
470.34,webapp,high,basic,us,448,43.23,99.25,0,1,0,0,0,1,1,PaaS,Public Cloud,AWS
289.26,enterprise,medium,moderate,us,377,71.41,96.47,0,0,1,0,0,0,0,SaaS,Public Cloud,Azure
7808.48,ml,low,basic,us,499,22.58,97.45,0,0,0,0,1,0,0,IaaS,Public Cloud,GCP
774.75,webapp,high,basic,asia,268,100.06,99.56,0,1,0,0,0,1,1,PaaS,Public Cloud,AWS
267.57,webapp,medium,moderate,eu,381,62.34,95.86,0,1,0,1,0,0,1,PaaS,Public Cloud,GCP
6635.67,enterprise,high,high,eu,485,19.91,99.11,1,0,1,0,0,1,0,IaaS,Private Cloud,Azure
7034.27,ml,high,moderate,asia,218,388.95,98.08,0,0,0,0,1,0,0,IaaS,Public Cloud,GCP
1706.44,enterprise,high,moderate,asia,152,268.02,95.15,1,0,0,0,0,0,0,IaaS,Hybrid Cloud,AWS
5683.36,enterprise,medium,moderate,asia,344,207.01,97.8,1,1,1,0,0,0,0,IaaS,Hybrid Cloud,Azure
451.13,webapp,low,basic,eu,484,22.97,98.34,0,0,0,1,0,0,1,PaaS,Public Cloud,GCP
582.59,webapp,low,basic,eu,492,44.5,99.6,0,0,0,1,0,0,1,PaaS,Public Cloud,GCP
724.06,webapp,low,basic,asia,11,34.94,96.92,0,0,0,1,0,0,1,PaaS,Public Cloud,GCP
779.36,startup,medium,high,us,270,7.31,96.9,1,1,0,0,0,0,1,IaaS,Hybrid Cloud,AWS
725.95,webapp,medium,basic,asia,278,64.15,99.92,0,0,0,0,0,0,1,PaaS,Public Cloud,AWS
655.2,webapp,medium,basic,eu,203,24.63,96.72,0,0,0,0,0,0,1,PaaS,Public Cloud,AWS
2946.57,enterprise,high,high,eu,275,13.65,97.28,1,0,1,0,0,0,0,IaaS,Hybrid Cloud,Azure
1858.79,ml,high,high,us,14,36.26,96.17,1,0,0,0,1,1,0,IaaS,Private Cloud,GCP
2588.98,enterprise,medium,basic,us,450,27.98,98.0,0,1,1,0,0,0,0,IaaS,Hybrid Cloud,Azure
320.15,webapp,high,basic,asia,24,118.63,98.7,0,1,0,0,0,1,1,PaaS,Public Cloud,GCP
1525.39,enterprise,medium,high,us,179,7.72,97.13,1,0,1,0,0,0,0,IaaS,Private Cloud,Azure
2248.77,enterprise,medium,moderate,asia,487,26.39,95.72,0,0,0,0,0,0,0,IaaS,Hybrid Cloud,AWS
1178.95,webapp,medium,moderate,us,150,108.14,98.6,0,0,0,1,0,0,1,PaaS,Public Cloud,AWS
165.87,webapp,medium,moderate,us,81,20.16,96.73,0,0,0,1,0,0,1,PaaS,Public Cloud,GCP
463.49,webapp,medium,high,us,173,15.67,95.72,1,0,0,1,0,0,1,IaaS,Private Cloud,GCP
10359.47,enterprise,medium,basic,us,284,48.22,95.81,0,1,0,0,0,0,0,IaaS,Hybrid Cloud,AWS
215.18,webapp,high,basic,asia,28,8.77,95.65,0,0,0,0,0,1,1,PaaS,Public Cloud,GCP
291.49,ml,medium,high,us,477,513.07,95.66,1,0,0,0,1,0,0,IaaS,Private Cloud,GCP
953.84,startup,low,basic,us,361,15.77,96.8,0,0,0,1,0,0,1,PaaS,Public Cloud,GCP
818.14,enterprise,high,moderate,asia,494,117.49,98.98,0,0,1,0,0,1,0,IaaS,Public Cloud,Azure
667.1,startup,low,moderate,eu,412,20.92,96.29,1,1,0,0,0,0,1,IaaS,Public Cloud,Azure
326.07,startup,low,high,eu,405,154.53,97.92,1,0,0,0,0,0,1,IaaS,Private Cloud,Azure
590.11,ml,low,basic,us,222,339.65,99.74,0,0,0,0,1,0,0,IaaS,Public Cloud,GCP
6789.31,enterprise,medium,high,asia,306,165.58,96.35,1,1,0,0,0,0,0,IaaS,Hybrid Cloud,AWS
1120.18,webapp,medium,moderate,eu,294,115.82,99.3,0,1,0,1,0,0,1,IaaS,Hybrid Cloud,GCP
862.76,webapp,high,moderate,eu,402,34.09,96.2,0,0,0,0,0,0,1,PaaS,Public Cloud,AWS
1644.51,webapp,high,moderate,asia,95,23.23,97.81,0,0,0,1,0,0,1,PaaS,Public Cloud,GCP
177.86,startup,medium,moderate,asia,461,18.72,98.66,1,1,0,0,0,0,1,IaaS,Public Cloud,GCP
700.06,webapp,medium,moderate,us,439,233.54,97.21,0,1,0,1,0,0,1,IaaS,Public Cloud,AWS
271.61,startup,low,high,us,189,2.55,95.65,1,1,0,1,0,0,1,IaaS,Private Cloud,GCP
1243.94,ml,high,basic,asia,334,538.4,95.43,0,0,0,0,1,1,0,IaaS,Public Cloud,GCP
361.03,startup,medium,moderate,eu,209,90.4,96.83,1,1,0,1,0,0,1,IaaS,Public Cloud,GCP
7510.96,enterprise,medium,basic,asia,134,12.37,95.33,0,0,0,0,0,0,0,SaaS,Public Cloud,AWS
2519.21,webapp,medium,basic,asia,480,30.14,96.0,0,1,0,0,0,0,0,PaaS,Public Cloud,GCP
131.81,startup,high,high,asia,255,139.86,98.44,1,1,0,1,0,1,1,IaaS,Hybrid Cloud,GCP
770.0,startup,high,high,asia,249,55.48,99.78,1,0,0,1,0,1,1,IaaS,Public Cloud,GCP
4339.14,webapp,medium,basic,eu,319,167.03,95.51,0,1,0,1,0,0,0,PaaS,Public Cloud,Azure
780.92,webapp,low,basic,us,63,107.75,97.3,0,1,0,0,0,0,1,PaaS,Public Cloud,AWS
500.5,webapp,high,basic,eu,375,45.74,97.58,0,0,0,0,0,0,1,PaaS,Public Cloud,AWS
2981.68,enterprise,medium,high,eu,188,143.05,98.09,1,1,1,0,0,0,0,IaaS,Hybrid Cloud,Azure
8600.17,enterprise,medium,high,us,338,18.28,95.4,1,1,1,0,0,0,0,IaaS,Hybrid Cloud,Azure
61.2,startup,low,moderate,eu,353,255.94,96.58,0,0,0,0,0,0,1,PaaS,Public Cloud,AWS
412.42,webapp,medium,basic,us,428,16.8,96.01,0,1,0,0,0,0,1,PaaS,Public Cloud,AWS
440.8,startup,medium,basic,asia,473,376.02,96.7,0,0,0,0,0,0,1,PaaS,Public Cloud,GCP
4979.46,enterprise,medium,basic,us,425,30.61,97.16,0,0,0,0,0,0,0,SaaS,Public Cloud,AWS
321.93,webapp,medium,moderate,us,481,47.38,96.12,1,0,0,1,0,0,1,PaaS,Public Cloud,GCP
6345.1,enterprise,high,moderate,eu,384,35.47,97.21,0,0,0,0,0,0,0,IaaS,Public Cloud,AWS
161.88,webapp,high,basic,asia,373,26.99,98.81,0,0,0,0,0,1,1,PaaS,Public Cloud,GCP
126.34,webapp,medium,moderate,us,253,2.75,97.83,1,0,0,0,0,0,1,PaaS,Public Cloud,AWS
729.5,enterprise,medium,basic,eu,69,24.94,97.07,0,0,0,0,0,0,0,SaaS,Public Cloud,Azure
937.43,webapp,high,moderate,asia,278,244.83,98.54,0,1,0,0,0,1,1,PaaS,Public Cloud,AWS
358.93,startup,medium,moderate,eu,88,29.61,95.61,0,0,0,1,0,0,1,PaaS,Public Cloud,GCP
2036.83,enterprise,medium,moderate,asia,106,8.21,97.81,1,1,0,0,0,0,0,IaaS,Hybrid Cloud,AWS
1942.59,webapp,medium,basic,asia,240,100.69,95.89,0,1,0,0,0,0,1,PaaS,Public Cloud,AWS
1620.43,webapp,low,moderate,eu,326,45.81,97.59,1,0,0,1,0,0,1,IaaS,Private Cloud,Azure
8330.24,enterprise,low,high,asia,462,35.47,96.51,1,1,0,0,0,0,0,IaaS,Hybrid Cloud,Azure
1312.38,webapp,low,moderate,eu,114,62.44,97.46,1,0,0,0,0,0,1,IaaS,Private Cloud,Azure
152.71,webapp,medium,basic,eu,394,37.44,97.81,0,1,0,0,0,0,1,PaaS,Public Cloud,GCP
240.2,webapp,low,high,us,402,400.36,97.48,1,0,0,1,0,0,1,IaaS,Private Cloud,GCP
1671.71,webapp,low,basic,us,369,33.25,97.13,0,1,0,0,0,0,1,PaaS,Public Cloud,AWS
96.36,startup,medium,basic,us,470,76.77,95.67,0,0,0,1,0,0,1,PaaS,Public Cloud,GCP
1051.76,webapp,high,high,eu,164,91.18,96.56,1,0,0,0,0,0,1,IaaS,Private Cloud,Azure
254.53,webapp,low,high,us,37,19.45,96.15,1,0,0,0,0,0,1,PaaS,Private Cloud,AWS
1295.18,webapp,medium,basic,us,318,11.29,98.16,0,0,0,0,0,0,1,PaaS,Public Cloud,AWS
929.55,webapp,medium,basic,us,318,22.47,98.15,0,0,0,1,0,0,1,PaaS,Public Cloud,AWS
236.12,webapp,medium,moderate,eu,149,41.21,97.15,0,1,0,0,0,0,1,PaaS,Public Cloud,GCP
4420.38,enterprise,high,high,eu,367,75.12,95.44,1,0,0,0,0,0,0,IaaS,Hybrid Cloud,Azure
312.31,webapp,medium,high,eu,294,183.47,97.43,1,1,0,1,0,0,1,IaaS,Hybrid Cloud,GCP
162.02,startup,medium,moderate,us,184,375.82,98.5,1,1,0,1,0,0,1,IaaS,Public Cloud,GCP
5265.64,enterprise,high,high,eu,293,9.59,98.84,1,1,1,0,0,1,0,IaaS,Hybrid Cloud,Azure
62.06,startup,high,high,us,230,267.76,95.14,1,0,0,1,0,1,1,IaaS,Public Cloud,GCP
2315.11,enterprise,high,moderate,eu,127,86.75,95.61,0,0,1,0,0,1,0,IaaS,Public Cloud,Azure
448.6,webapp,medium,moderate,asia,45,7.43,95.32,1,0,0,1,0,0,1,PaaS,Public Cloud,GCP
137.51,ml,low,basic,eu,376,77.74,95.1,0,0,0,0,1,0,0,IaaS,Public Cloud,GCP
454.44,webapp,high,high,us,283,124.61,96.35,1,0,0,0,0,1,1,IaaS,Private Cloud,AWS
903.0,webapp,high,moderate,asia,332,128.46,98.99,0,1,0,0,0,1,1,PaaS,Public Cloud,AWS
15128.72,enterprise,medium,moderate,eu,121,26.97,96.25,0,1,0,0,0,0,0,IaaS,Hybrid Cloud,Azure
214.23,webapp,low,high,asia,443,9.25,95.63,1,1,0,0,0,0,1,IaaS,Private Cloud,GCP
119.21,webapp,high,basic,asia,84,86.28,98.5,0,1,0,1,0,1,1,PaaS,Public Cloud,GCP
342.98,startup,high,basic,us,393,50.06,97.89,0,0,0,0,0,1,1,PaaS,Public Cloud,AWS
270.86,ml,medium,basic,asia,457,767.34,98.96,0,1,0,0,1,0,0,IaaS,Public Cloud,GCP
1232.73,webapp,medium,moderate,us,139,61.22,99.26,1,0,0,0,0,0,1,IaaS,Hybrid Cloud,AWS
616.87,startup,medium,basic,asia,190,203.36,97.9,0,0,0,0,0,0,1,PaaS,Public Cloud,AWS
1424.67,enterprise,high,basic,asia,131,42.42,98.18,0,0,1,0,0,0,0,SaaS,Public Cloud,Azure
196.87,webapp,high,moderate,asia,269,15.82,97.91,1,0,0,1,0,0,1,PaaS,Public Cloud,GCP
105.6,startup,medium,basic,eu,22,61.72,97.9,0,1,0,0,0,0,1,PaaS,Public Cloud,AWS
759.14,webapp,high,moderate,us,191,26.18,95.99,0,0,0,1,0,1,1,PaaS,Public Cloud,AWS
162.22,startup,high,moderate,eu,252,88.49,98.95,0,1,0,1,0,0,1,PaaS,Public Cloud,GCP
597.59,webapp,medium,moderate,eu,398,2234.58,96.81,1,0,0,0,0,0,1,IaaS,Public Cloud,AWS
912.84,webapp,low,basic,eu,250,382.35,95.05,0,1,0,1,0,0,1,PaaS,Public Cloud,GCP
1040.68,ml,low,moderate,us,39,89.32,96.2,0,1,0,0,1,0,0,IaaS,Hybrid Cloud,GCP
153.49,startup,medium,moderate,asia,187,21.73,98.58,1,0,0,0,0,0,1,PaaS,Public Cloud,GCP
1176.43,webapp,high,moderate,eu,369,31.27,99.11,1,1,0,1,0,1,1,IaaS,Hybrid Cloud,Azure
311.14,startup,low,moderate,asia,456,32.81,99.61,0,0,0,0,0,0,1,PaaS,Public Cloud,GCP
173.99,webapp,medium,moderate,asia,203,515.16,95.57,0,0,0,1,0,0,1,PaaS,Public Cloud,GCP
373.06,webapp,low,basic,eu,361,52.0,96.14,0,0,0,0,0,0,1,PaaS,Public Cloud,GCP
299.23,startup,low,moderate,us,57,78.81,98.48,0,1,0,0,0,0,1,PaaS,Public Cloud,AWS
2670.54,ml,low,high,asia,316,34.07,97.65,1,1,0,0,1,0,0,IaaS,Private Cloud,GCP
20388.25,ml,low,high,eu,344,9.34,99.86,1,0,0,0,1,0,0,IaaS,Private Cloud,Azure
667.43,webapp,high,moderate,asia,24,59.63,96.48,0,0,0,0,0,1,1,PaaS,Public Cloud,AWS
1211.75,webapp,low,high,eu,285,90.65,96.53,1,1,0,0,0,0,1,IaaS,Private Cloud,Azure
647.56,startup,medium,basic,eu,146,89.0,99.47,0,0,0,0,0,0,1,PaaS,Public Cloud,AWS
3397.76,webapp,high,high,us,262,68.33,98.5,1,1,0,1,0,1,0,IaaS,Hybrid Cloud,GCP
3886.93,enterprise,low,moderate,us,286,102.23,99.94,1,1,0,0,0,0,0,IaaS,Hybrid Cloud,AWS
114.64,webapp,medium,basic,us,175,13.64,95.4,0,0,0,0,0,0,1,PaaS,Public Cloud,AWS
245.22,startup,high,high,asia,67,2.47,98.84,1,0,0,0,0,1,1,IaaS,Public Cloud,GCP
8106.75,enterprise,medium,basic,us,146,36.15,96.93,0,0,1,0,0,0,0,SaaS,Public Cloud,Azure
317.28,webapp,low,basic,us,214,37.98,99.11,0,1,0,1,0,0,1,PaaS,Public Cloud,GCP
150.69,webapp,low,high,eu,367,196.81,98.61,1,1,0,1,0,0,1,IaaS,Private Cloud,GCP
3418.83,enterprise,high,basic,us,201,270.41,99.3,0,0,1,0,0,0,0,SaaS,Public Cloud,Azure
1170.27,webapp,medium,moderate,us,494,4.52,98.76,0,1,0,1,0,0,1,IaaS,Hybrid Cloud,AWS
94.27,startup,high,moderate,asia,471,210.73,95.14,0,0,0,1,0,1,1,PaaS,Public Cloud,GCP
2842.97,ml,medium,high,asia,442,6.71,95.85,1,0,0,0,1,0,0,IaaS,Private Cloud,GCP
118.91,startup,low,high,asia,355,82.93,98.0,1,0,0,1,0,0,1,IaaS,Private Cloud,GCP
1103.31,webapp,low,moderate,eu,67,117.22,98.67,0,0,0,1,0,0,1,PaaS,Private Cloud,GCP
500.6,webapp,low,moderate,us,197,156.38,98.63,1,0,0,1,0,0,1,IaaS,Private Cloud,AWS
131.91,startup,medium,basic,us,196,11.69,95.66,0,1,0,0,0,0,1,PaaS,Public Cloud,AWS
11981.51,ml,medium,moderate,eu,420,67.66,95.17,0,1,0,0,1,0,0,IaaS,Hybrid Cloud,GCP
18243.44,enterprise,medium,moderate,us,66,70.58,96.03,1,0,1,0,0,0,0,IaaS,Hybrid Cloud,Azure
190.59,startup,medium,high,eu,492,662.79,95.48,1,1,0,1,0,0,1,IaaS,Hybrid Cloud,GCP
169.63,startup,high,high,us,173,287.96,97.88,1,1,0,0,0,0,1,IaaS,Public Cloud,AWS
196.76,startup,medium,moderate,us,167,136.96,98.17,1,0,0,0,0,0,1,PaaS,Public Cloud,AWS
514.07,webapp,medium,basic,us,215,15.29,98.01,0,0,0,0,0,0,1,PaaS,Public Cloud,AWS
294.03,webapp,low,moderate,asia,48,80.81,95.5,0,1,0,0,0,0,1,PaaS,Public Cloud,GCP
523.76,enterprise,high,moderate,asia,110,25.25,97.52,0,1,1,0,0,0,0,IaaS,Public Cloud,Azure
2235.04,enterprise,medium,basic,asia,222,19.56,96.74,0,1,0,0,0,0,0,IaaS,Hybrid Cloud,AWS
753.43,startup,medium,basic,asia,296,40.47,98.1,0,1,0,0,0,0,1,PaaS,Public Cloud,AWS
378.58,startup,low,basic,eu,393,9.4,96.97,0,0,0,1,0,0,1,PaaS,Public Cloud,GCP
118.46,startup,medium,moderate,eu,241,12.87,98.78,1,1,0,0,0,0,1,IaaS,Public Cloud,Azure
794.13,enterprise,medium,high,eu,98,8.48,95.15,1,0,1,0,0,0,0,IaaS,Private Cloud,Azure
196.83,startup,medium,moderate,asia,189,106.65,99.9,1,1,0,0,0,0,1,IaaS,Public Cloud,GCP
1306.02,ml,medium,moderate,asia,108,9.67,99.49,0,1,0,0,1,0,0,IaaS,Hybrid Cloud,GCP
50.0,startup,medium,basic,asia,215,31.54,97.48,0,1,0,0,0,0,1,PaaS,Public Cloud,GCP
152.73,startup,high,moderate,eu,96,89.05,96.38,0,1,0,1,0,1,1,PaaS,Public Cloud,GCP
295.84,startup,high,moderate,eu,403,57.01,98.42,0,0,0,0,0,1,1,PaaS,Public Cloud,AWS
2181.5,enterprise,medium,high,eu,56,1211.33,99.89,1,0,1,0,0,0,0,IaaS,Private Cloud,Azure
236.94,webapp,medium,moderate,us,470,190.3,99.75,0,0,0,1,0,0,1,PaaS,Public Cloud,GCP
546.22,startup,medium,moderate,eu,409,198.11,97.67,0,0,0,1,0,0,1,PaaS,Public Cloud,GCP
10373.08,enterprise,medium,basic,asia,58,152.73,96.09,0,0,0,0,0,0,0,SaaS,Public Cloud,AWS
682.37,webapp,high,high,us,372,45.7,98.01,1,1,0,0,0,1,1,IaaS,Hybrid Cloud,AWS
263.91,startup,medium,high,us,12,145.32,98.1,1,0,0,0,0,0,1,PaaS,Private Cloud,AWS
226.23,webapp,low,moderate,eu,66,47.33,96.08,0,0,0,1,0,0,1,PaaS,Public Cloud,GCP
513.89,startup,medium,basic,eu,242,159.65,98.46,0,0,0,1,0,0,1,PaaS,Public Cloud,GCP
4026.1,enterprise,high,moderate,us,95,497.16,97.88,1,0,1,0,0,1,0,IaaS,Hybrid Cloud,Azure
419.21,webapp,low,basic,us,364,464.25,97.49,0,1,0,1,0,0,1,PaaS,Public Cloud,GCP
776.4,webapp,medium,moderate,us,70,315.56,96.75,1,1,0,1,0,0,1,IaaS,Hybrid Cloud,GCP
810.28,webapp,medium,basic,us,194,90.23,99.53,0,0,0,1,0,0,1,PaaS,Public Cloud,GCP
1427.76,startup,high,moderate,asia,362,260.16,99.57,0,0,0,1,0,0,1,PaaS,Public Cloud,GCP
295.94,webapp,medium,moderate,asia,2,16.29,97.97,0,0,0,0,0,0,1,PaaS,Public Cloud,GCP
146.92,webapp,medium,moderate,asia,181,21.48,99.73,0,0,0,0,0,0,1,PaaS,Public Cloud,GCP
238.0,webapp,low,moderate,asia,39,156.42,96.31,1,0,0,0,0,0,1,PaaS,Public Cloud,GCP
350.53,startup,low,basic,asia,37,37.2,99.23,0,1,0,1,0,0,1,PaaS,Public Cloud,GCP
4545.64,enterprise,high,moderate,asia,261,24.65,95.15,1,1,0,0,0,0,0,IaaS,Hybrid Cloud,AWS
546.65,ml,medium,basic,eu,322,71.03,97.69,0,0,0,0,1,0,0,IaaS,Public Cloud,GCP
305.87,webapp,medium,moderate,us,252,67.22,97.24,0,1,0,1,0,0,1,PaaS,Public Cloud,GCP
2104.0,ml,low,basic,us,318,38.45,99.53,0,1,0,0,1,0,0,IaaS,Public Cloud,GCP
272.14,webapp,low,basic,us,250,28.83,98.21,0,0,0,0,0,0,1,PaaS,Public Cloud,AWS
359.53,startup,high,basic,us,4,313.12,95.17,0,0,0,1,0,1,1,SaaS,Public Cloud,GCP
3489.06,enterprise,medium,moderate,us,367,81.01,99.88,0,0,0,0,0,0,0,IaaS,Hybrid Cloud,AWS
4603.86,enterprise,medium,moderate,us,117,93.36,96.43,0,0,1,0,0,0,0,IaaS,Hybrid Cloud,Azure
238.64,webapp,low,moderate,us,398,619.6,96.09,0,1,0,0,0,0,1,PaaS,Public Cloud,AWS
454.93,webapp,high,moderate,eu,173,38.03,99.43,1,0,0,1,0,0,1,PaaS,Public Cloud,GCP
432.91,webapp,high,high,us,389,133.11,96.5,1,1,0,0,0,1,1,IaaS,Hybrid Cloud,AWS
14482.45,ml,medium,basic,eu,13,63.5,95.5,0,1,0,0,1,0,0,IaaS,Public Cloud,GCP
2709.2,enterprise,medium,basic,asia,368,20.23,98.44,0,1,1,0,0,0,0,IaaS,Hybrid Cloud,Azure
4950.92,enterprise,low,basic,asia,64,2.59,97.71,0,0,1,0,0,0,0,SaaS,Public Cloud,Azure
137.98,startup,high,moderate,us,14,430.58,97.42,0,0,0,1,0,0,1,PaaS,Public Cloud,GCP
360.81,webapp,medium,moderate,asia,125,37.41,96.35,0,1,0,1,0,0,1,PaaS,Public Cloud,GCP
1586.63,webapp,medium,high,asia,336,441.51,97.21,1,0,0,1,0,0,1,IaaS,Private Cloud,GCP
87.71,startup,low,high,us,435,69.96,96.41,1,0,0,0,0,0,1,IaaS,Private Cloud,AWS
106.77,webapp,high,high,asia,466,30.17,96.4,1,1,0,0,0,1,1,IaaS,Hybrid Cloud,GCP
326.26,webapp,medium,high,eu,358,96.85,99.36,1,1,0,1,0,0,1,IaaS,Hybrid Cloud,GCP
973.73,webapp,low,moderate,eu,198,13.78,97.26,0,0,0,1,0,0,1,PaaS,Public Cloud,GCP
1214.05,startup,medium,moderate,us,43,1423.44,95.28,0,0,0,1,0,0,1,PaaS,Public Cloud,AWS
451.7,webapp,medium,basic,us,420,50.49,95.89,0,0,0,1,0,0,1,PaaS,Public Cloud,GCP
1336.22,enterprise,low,high,us,439,30.17,97.35,1,0,1,0,0,0,0,IaaS,Private Cloud,Azure
244.58,startup,high,basic,eu,33,206.6,97.25,0,1,0,1,0,0,1,PaaS,Public Cloud,GCP
698.78,webapp,medium,moderate,us,364,2.19,99.86,1,1,0,1,0,0,1,IaaS,Hybrid Cloud,GCP
4295.02,enterprise,low,basic,us,452,56.36,99.17,0,0,0,0,0,0,0,SaaS,Public Cloud,AWS
85.29,startup,low,basic,eu,495,97.65,95.36,0,1,0,1,0,0,1,PaaS,Public Cloud,GCP
872.53,startup,low,basic,asia,113,87.38,99.55,0,1,0,0,0,0,1,PaaS,Public Cloud,AWS
185.15,startup,low,basic,eu,67,23.05,96.3,0,0,0,1,0,0,1,PaaS,Public Cloud,GCP
428.01,startup,low,basic,eu,168,217.16,99.1,0,1,0,0,0,0,1,PaaS,Public Cloud,GCP
417.19,startup,high,moderate,us,3,78.21,96.2,0,1,0,1,0,0,1,PaaS,Public Cloud,GCP
117.36,startup,high,basic,us,464,10.0,97.44,0,1,0,0,0,0,1,PaaS,Public Cloud,AWS
1441.51,webapp,medium,basic,eu,454,40.39,98.34,0,0,0,0,0,0,1,PaaS,Public Cloud,AWS
228.57,startup,medium,basic,us,100,288.15,99.88,0,0,0,0,0,0,1,PaaS,Public Cloud,AWS
679.8,webapp,low,basic,us,161,81.81,95.97,0,1,0,1,0,0,1,PaaS,Public Cloud,GCP
1353.44,enterprise,medium,moderate,eu,373,35.72,96.56,0,0,1,0,0,0,0,IaaS,Hybrid Cloud,Azure
805.19,startup,high,basic,eu,469,17.69,98.02,0,0,0,1,0,1,1,PaaS,Public Cloud,GCP
4044.18,enterprise,medium,moderate,us,182,121.92,97.29,0,0,0,0,0,0,0,IaaS,Hybrid Cloud,AWS
726.4,startup,low,high,asia,159,23.19,96.69,1,0,0,1,0,0,1,IaaS,Private Cloud,GCP
1534.84,enterprise,medium,moderate,asia,13,111.92,98.66,0,0,0,0,0,0,0,SaaS,Hybrid Cloud,AWS
280.95,startup,medium,high,asia,128,306.48,95.73,1,0,0,0,0,0,1,IaaS,Private Cloud,GCP
196.44,startup,low,high,us,321,26.25,98.36,1,1,0,1,0,0,1,IaaS,Private Cloud,GCP
4594.23,enterprise,medium,moderate,us,149,110.18,98.67,0,0,0,0,0,0,0,IaaS,Hybrid Cloud,AWS
308.28,webapp,medium,basic,us,236,292.11,97.67,0,1,0,1,0,0,1,PaaS,Public Cloud,GCP
78.56,startup,medium,moderate,eu,98,3.94,97.41,1,0,0,1,0,0,1,PaaS,Public Cloud,GCP
14028.8,enterprise,high,high,us,108,11.06,98.64,1,0,1,0,0,0,0,IaaS,Private Cloud,Azure
205.28,ml,low,basic,us,199,5.26,98.92,0,0,0,0,1,0,0,SaaS,Public Cloud,GCP
2906.99,ml,low,basic,us,487,231.8,97.08,0,1,0,0,1,0,0,IaaS,Public Cloud,GCP
228.99,webapp,medium,moderate,asia,398,24.45,99.99,1,0,0,0,0,0,1,PaaS,Public Cloud,GCP
5374.06,enterprise,high,basic,asia,438,37.2,97.56,0,1,0,0,0,1,0,IaaS,Public Cloud,AWS
2673.94,enterprise,medium,moderate,eu,371,550.6,96.99,1,0,0,0,0,0,0,IaaS,Hybrid Cloud,Azure
145.56,startup,medium,moderate,asia,392,6.74,98.3,1,0,0,1,0,0,1,PaaS,Public Cloud,GCP
1549.42,enterprise,medium,moderate,eu,380,33.33,96.07,0,0,1,0,0,0,0,IaaS,Hybrid Cloud,Azure
1581.21,startup,medium,high,asia,86,30.2,97.96,1,0,0,1,0,0,1,IaaS,Private Cloud,GCP
564.16,ml,high,moderate,us,458,47.53,95.58,1,1,0,0,1,1,0,IaaS,Public Cloud,GCP
1271.0,startup,medium,moderate,eu,378,52.49,95.72,0,1,0,0,0,0,1,PaaS,Public Cloud,AWS
144.3,startup,medium,basic,asia,128,18.57,99.27,0,1,0,1,0,0,1,PaaS,Public Cloud,GCP
135.11,startup,medium,basic,us,477,27.68,95.37,0,0,0,0,0,0,1,PaaS,Public Cloud,AWS
198.53,startup,low,moderate,us,251,7.57,97.63,0,1,0,1,0,0,1,PaaS,Public Cloud,GCP
152.55,webapp,medium,moderate,eu,84,3.3,97.38,0,1,0,1,0,0,1,PaaS,Public Cloud,GCP
1017.94,ml,high,moderate,asia,76,151.92,95.3,0,0,0,0,1,1,0,IaaS,Public Cloud,GCP
107.9,startup,low,moderate,us,28,107.16,98.93,1,0,0,1,0,0,1,PaaS,Public Cloud,GCP
86.3,startup,medium,basic,eu,417,537.01,99.19,0,1,0,1,0,0,1,PaaS,Public Cloud,GCP
111.43,startup,medium,high,asia,152,17.9,97.89,1,0,0,0,0,0,1,IaaS,Private Cloud,GCP
85.31,startup,high,basic,us,289,203.27,98.45,0,0,0,0,0,0,1,PaaS,Public Cloud,AWS
2030.74,enterprise,high,high,us,219,60.46,98.09,1,0,1,0,0,1,0,IaaS,Hybrid Cloud,Azure
1006.65,ml,medium,moderate,eu,441,0.82,95.29,0,1,0,0,1,0,0,IaaS,Hybrid Cloud,GCP
674.69,startup,medium,moderate,eu,6,14.85,95.09,1,1,0,0,0,0,1,PaaS,Public Cloud,Azure
3065.54,enterprise,low,moderate,eu,307,1.54,95.84,1,0,1,0,0,0,0,IaaS,Private Cloud,Azure
5115.52,enterprise,medium,high,eu,156,181.42,96.96,1,1,0,0,0,0,0,IaaS,Hybrid Cloud,Azure
162.66,webapp,medium,basic,eu,473,3968.35,99.73,0,0,0,1,0,0,1,PaaS,Public Cloud,GCP
61.2,startup,medium,high,us,361,54.94,96.09,1,0,0,0,0,0,1,IaaS,Private Cloud,AWS
232.24,ml,low,moderate,us,395,54.07,99.64,0,0,0,0,1,0,0,IaaS,Public Cloud,GCP
334.09,webapp,low,high,asia,401,22.52,95.98,1,0,0,0,0,0,1,IaaS,Private Cloud,GCP
996.05,ml,high,basic,asia,11,51.62,95.64,0,1,0,0,1,1,0,IaaS,Public Cloud,GCP
1585.7,webapp,medium,basic,eu,15,31.9,97.9,0,0,0,0,0,0,1,PaaS,Public Cloud,AWS
1943.41,webapp,medium,high,eu,456,69.17,95.69,1,0,0,1,0,0,1,IaaS,Private Cloud,Azure
862.17,enterprise,medium,basic,eu,355,31.19,98.01,0,0,1,0,0,0,0,SaaS,Public Cloud,Azure
20730.58,enterprise,medium,moderate,eu,46,9.64,97.72,0,0,1,0,0,0,0,IaaS,Hybrid Cloud,Azure
294.02,webapp,high,moderate,asia,28,23.36,95.03,0,1,0,1,0,1,1,PaaS,Public Cloud,GCP
905.73,enterprise,medium,basic,eu,179,70.79,98.99,0,1,0,0,0,0,0,IaaS,Public Cloud,Azure
137.38,webapp,medium,high,us,393,211.56,95.24,1,0,0,1,0,0,1,IaaS,Private Cloud,GCP
344.0,startup,medium,moderate,eu,488,527.42,96.61,1,0,0,1,0,0,1,PaaS,Public Cloud,GCP
387.62,startup,high,basic,us,420,8.15,97.91,0,1,0,1,0,0,1,PaaS,Public Cloud,GCP
243.45,startup,medium,basic,eu,124,221.44,95.36,0,1,0,1,0,0,1,PaaS,Public Cloud,GCP
592.92,webapp,low,high,asia,15,27.89,97.06,1,1,0,1,0,0,1,IaaS,Private Cloud,GCP
228.71,startup,high,basic,asia,420,32.22,97.88,0,0,0,1,0,1,1,PaaS,Public Cloud,GCP
201.53,ml,medium,high,eu,462,165.25,98.41,1,1,0,0,1,0,0,IaaS,Hybrid Cloud,GCP
430.25,enterprise,medium,high,eu,334,82.03,97.63,1,1,1,0,0,0,0,IaaS,Hybrid Cloud,Azure
244.67,webapp,high,moderate,us,61,91.24,97.06,1,0,0,1,0,0,1,PaaS,Public Cloud,GCP
392.66,webapp,high,high,us,359,59.76,98.76,1,0,0,1,0,0,1,IaaS,Private Cloud,GCP
852.71,enterprise,high,moderate,asia,215,164.97,98.05,0,0,0,0,0,1,0,IaaS,Public Cloud,AWS
150.22,startup,medium,basic,eu,472,58.27,95.87,0,0,0,0,0,0,1,PaaS,Public Cloud,AWS
163.49,webapp,low,basic,us,441,160.51,97.51,0,0,0,1,0,0,1,PaaS,Public Cloud,GCP
568.37,startup,high,basic,us,415,238.68,98.06,0,0,0,1,0,0,1,PaaS,Public Cloud,GCP
127.07,startup,medium,moderate,eu,181,194.57,96.75,0,0,0,0,0,0,1,PaaS,Public Cloud,GCP
102.31,startup,high,high,us,280,12.24,99.86,1,0,0,0,0,0,1,IaaS,Public Cloud,AWS
1638.27,webapp,high,high,us,145,111.79,95.12,1,1,0,0,0,1,1,IaaS,Hybrid Cloud,AWS
133.51,startup,medium,basic,us,176,1063.38,95.22,0,1,0,0,0,0,1,PaaS,Public Cloud,AWS
2386.35,enterprise,medium,basic,asia,354,491.65,99.06,0,1,1,0,0,0,0,IaaS,Hybrid Cloud,Azure
77.73,startup,medium,basic,us,124,262.36,97.93,0,1,0,1,0,0,1,PaaS,Public Cloud,GCP
742.92,webapp,medium,basic,asia,234,76.08,99.14,0,0,0,1,0,0,1,PaaS,Public Cloud,GCP
1724.64,webapp,medium,moderate,asia,480,22.15,97.11,0,1,0,0,0,0,1,PaaS,Hybrid Cloud,AWS
2393.0,enterprise,low,high,asia,46,5.56,95.93,1,0,0,0,0,0,0,IaaS,Private Cloud,AWS
56.69,webapp,high,moderate,eu,472,192.36,95.25,1,0,0,0,0,1,1,PaaS,Public Cloud,AWS
371.7,webapp,medium,basic,asia,133,246.09,97.66,0,0,0,1,0,0,1,PaaS,Public Cloud,GCP
774.77,startup,medium,basic,eu,330,6.14,96.51,0,1,0,1,0,0,1,PaaS,Public Cloud,GCP
405.84,startup,low,basic,eu,493,63.74,96.22,0,1,0,0,0,0,1,PaaS,Public Cloud,GCP
178.18,webapp,low,basic,us,353,34.79,95.88,0,0,0,1,0,0,1,PaaS,Public Cloud,GCP
449.17,webapp,medium,moderate,asia,226,3.75,95.18,0,0,0,0,0,0,1,PaaS,Public Cloud,GCP
59.94,startup,medium,basic,eu,431,128.75,98.67,0,0,0,0,0,0,1,PaaS,Public Cloud,AWS
4036.71,webapp,medium,basic,eu,31,268.33,97.54,0,0,0,1,0,0,0,PaaS,Public Cloud,GCP
1098.53,ml,medium,basic,us,453,4.07,95.27,0,0,0,0,1,0,0,IaaS,Public Cloud,GCP
12150.83,enterprise,high,basic,eu,7,102.24,96.94,0,0,0,0,0,0,0,SaaS,Public Cloud,AWS
407.31,startup,low,high,asia,36,74.37,96.16,1,0,0,1,0,0,1,PaaS,Private Cloud,GCP
408.76,startup,low,high,us,48,95.75,98.64,1,0,0,1,0,0,1,IaaS,Private Cloud,GCP
53.52,startup,high,high,asia,220,78.45,95.38,1,1,0,1,0,0,1,IaaS,Public Cloud,GCP
675.76,webapp,medium,high,asia,432,141.95,97.83,1,1,0,1,0,0,1,IaaS,Hybrid Cloud,GCP
22270.33,enterprise,medium,basic,asia,147,7.27,99.74,0,0,1,0,0,0,0,IaaS,Public Cloud,Azure
826.27,startup,high,high,asia,470,2.51,97.59,1,0,0,0,0,1,1,IaaS,Public Cloud,AWS
3264.14,webapp,medium,basic,us,78,91.32,95.39,0,0,0,0,0,0,0,PaaS,Public Cloud,AWS
3953.32,webapp,medium,basic,asia,364,101.86,98.13,0,1,0,1,0,0,0,PaaS,Public Cloud,GCP
2506.38,enterprise,medium,moderate,asia,192,127.86,99.99,1,0,0,0,0,0,0,IaaS,Hybrid Cloud,AWS
334.09,webapp,high,basic,us,367,101.15,95.36,0,1,0,1,0,0,1,PaaS,Public Cloud,GCP
375.93,webapp,medium,basic,us,337,15.13,99.58,0,0,0,1,0,0,1,PaaS,Public Cloud,GCP
248.33,startup,medium,moderate,eu,270,48.36,96.94,0,1,0,1,0,0,1,PaaS,Public Cloud,GCP
1477.79,enterprise,high,high,us,174,90.77,98.29,1,1,1,0,0,1,0,IaaS,Hybrid Cloud,Azure
647.97,startup,high,moderate,us,50,53.99,97.38,0,0,0,0,0,0,1,PaaS,Public Cloud,AWS
400.02,enterprise,medium,high,asia,440,38.79,95.01,1,0,0,0,0,0,0,IaaS,Private Cloud,GCP
339.47,startup,medium,high,eu,44,4.28,96.28,1,0,0,1,0,0,1,IaaS,Private Cloud,GCP
3385.96,enterprise,medium,moderate,eu,493,34.51,96.57,0,0,1,0,0,0,0,IaaS,Hybrid Cloud,Azure
741.89,enterprise,high,basic,us,20,9.59,96.56,0,0,1,0,0,1,0,SaaS,Public Cloud,Azure
626.29,ml,medium,basic,asia,178,22.85,96.96,0,1,0,0,1,0,0,IaaS,Public Cloud,GCP
3273.35,ml,high,moderate,us,191,4.38,95.64,0,0,0,0,1,0,0,IaaS,Public Cloud,GCP
50.0,startup,medium,moderate,asia,495,309.76,97.42,1,0,0,0,0,0,1,PaaS,Public Cloud,GCP
6796.94,enterprise,medium,moderate,asia,364,14.39,99.26,1,0,1,0,0,0,0,IaaS,Hybrid Cloud,Azure
1779.95,webapp,medium,high,asia,462,32.46,97.75,1,0,0,1,0,0,1,IaaS,Private Cloud,GCP
268.01,webapp,high,high,asia,430,23.91,96.97,1,1,0,0,0,0,1,IaaS,Hybrid Cloud,GCP
177.13,startup,medium,moderate,us,191,252.42,95.48,1,1,0,0,0,0,1,IaaS,Public Cloud,AWS
88.71,webapp,low,moderate,us,254,653.61,99.91,0,0,0,0,0,0,1,PaaS,Public Cloud,AWS
242.08,webapp,high,moderate,us,347,8.0,96.47,0,1,0,0,0,1,1,PaaS,Public Cloud,AWS
391.94,startup,medium,moderate,asia,169,68.18,96.56,0,0,0,0,0,0,1,PaaS,Public Cloud,GCP
221.42,startup,medium,basic,asia,257,31.6,98.21,0,1,0,0,0,0,1,PaaS,Public Cloud,GCP
874.61,webapp,low,basic,asia,36,6.22,96.37,0,0,0,0,0,0,1,PaaS,Public Cloud,AWS
3057.77,ml,medium,basic,eu,69,17.01,96.47,0,1,0,0,1,0,0,IaaS,Public Cloud,GCP
808.76,enterprise,medium,moderate,eu,309,400.42,95.47,0,1,0,0,0,0,0,IaaS,Hybrid Cloud,AWS
155.47,startup,medium,high,asia,84,31.79,99.93,1,0,0,1,0,0,1,IaaS,Private Cloud,GCP
149.86,startup,low,basic,asia,396,51.29,97.68,0,0,0,0,0,0,1,PaaS,Public Cloud,GCP
288.38,webapp,low,basic,us,491,418.74,97.0,0,0,0,0,0,0,1,PaaS,Public Cloud,AWS
1048.37,startup,high,moderate,asia,337,12.37,96.44,0,1,0,1,0,0,1,IaaS,Public Cloud,GCP
329.55,startup,low,high,us,414,9.65,96.28,1,1,0,0,0,0,1,IaaS,Private Cloud,AWS
919.33,enterprise,high,basic,asia,278,17.35,96.55,0,0,1,0,0,0,0,SaaS,Public Cloud,Azure
3326.42,enterprise,medium,moderate,eu,238,100.92,99.34,1,1,1,0,0,0,0,IaaS,Hybrid Cloud,Azure
849.4,startup,high,high,asia,296,429.67,99.31,1,0,0,0,0,1,1,IaaS,Public Cloud,AWS
2866.35,enterprise,medium,moderate,eu,311,26.89,99.02,1,1,0,0,0,0,0,IaaS,Hybrid Cloud,Azure
5169.95,enterprise,medium,high,us,5,632.95,99.86,1,0,1,0,0,0,0,IaaS,Private Cloud,Azure
1332.55,enterprise,high,basic,eu,110,16.57,95.32,0,0,1,0,0,0,0,SaaS,Public Cloud,Azure
136.46,startup,medium,moderate,us,263,39.1,99.17,0,0,0,1,0,0,1,PaaS,Public Cloud,GCP
12881.53,enterprise,low,basic,us,324,53.13,99.06,0,1,1,0,0,0,0,IaaS,Hybrid Cloud,Azure
5300.81,enterprise,medium,moderate,us,404,45.95,96.94,1,0,1,0,0,0,0,IaaS,Hybrid Cloud,Azure
3227.5,enterprise,medium,moderate,eu,431,2.44,97.39,1,0,1,0,0,0,0,IaaS,Hybrid Cloud,Azure
481.16,webapp,high,moderate,asia,143,59.27,96.2,1,0,0,0,0,1,1,PaaS,Public Cloud,GCP
34312.56,enterprise,high,moderate,eu,58,27.53,99.61,1,0,1,0,0,0,0,IaaS,Hybrid Cloud,Azure
908.42,webapp,high,moderate,us,146,7.47,99.81,0,0,0,1,0,1,1,PaaS,Public Cloud,AWS
1296.02,webapp,high,moderate,eu,81,217.91,95.85,0,1,0,1,0,1,1,PaaS,Hybrid Cloud,GCP
104.97,webapp,low,moderate,eu,56,152.63,99.27,0,1,0,1,0,0,1,PaaS,Public Cloud,GCP
82.22,webapp,high,basic,eu,417,7.18,97.24,0,1,0,1,0,0,1,PaaS,Public Cloud,GCP
267.75,startup,high,basic,us,124,2.84,97.97,0,0,0,1,0,0,1,PaaS,Public Cloud,GCP
477.2,webapp,medium,moderate,asia,349,96.93,95.02,1,0,0,1,0,0,1,PaaS,Public Cloud,GCP
794.96,startup,low,basic,asia,436,15.24,97.24,0,0,0,0,0,0,1,PaaS,Public Cloud,AWS
14907.43,enterprise,high,moderate,us,33,841.35,99.17,0,1,0,0,0,0,0,IaaS,Hybrid Cloud,AWS
1349.05,ml,medium,moderate,eu,107,646.58,99.11,0,0,0,0,1,0,0,IaaS,Public Cloud,GCP
147.13,startup,low,high,eu,259,49.82,99.62,1,1,0,0,0,0,1,IaaS,Private Cloud,Azure
4665.28,enterprise,medium,moderate,asia,253,107.52,96.3,0,1,1,0,0,0,0,IaaS,Hybrid Cloud,Azure
7663.2,enterprise,high,moderate,eu,471,20.48,96.71,1,0,1,0,0,1,0,IaaS,Hybrid Cloud,Azure
3507.25,enterprise,medium,moderate,eu,242,179.98,96.3,0,0,0,0,0,0,0,IaaS,Hybrid Cloud,Azure
6735.14,enterprise,medium,moderate,eu,206,11.51,95.9,0,0,0,0,0,0,0,IaaS,Hybrid Cloud,Azure
1214.64,startup,medium,high,asia,424,40.33,98.46,1,0,0,1,0,0,1,IaaS,Private Cloud,GCP
2007.64,enterprise,medium,basic,us,69,5.2,98.41,0,1,1,0,0,0,0,SaaS,Hybrid Cloud,Azure
397.45,webapp,high,moderate,us,464,357.91,99.91,0,1,0,1,0,1,1,PaaS,Public Cloud,GCP
2071.36,ml,high,basic,us,171,2.75,99.65,0,0,0,0,1,1,0,IaaS,Public Cloud,GCP
251.88,startup,medium,moderate,us,220,354.45,96.45,1,0,0,1,0,0,1,PaaS,Public Cloud,GCP
275.24,webapp,medium,moderate,eu,484,5.28,97.07,0,0,0,0,0,0,1,PaaS,Public Cloud,AWS
146.44,startup,medium,moderate,asia,350,1.73,98.18,1,1,0,1,0,0,1,IaaS,Public Cloud,GCP
504.77,webapp,high,moderate,asia,9,163.66,99.64,1,1,0,1,0,1,1,IaaS,Public Cloud,GCP
223.32,webapp,medium,high,eu,104,8.68,98.46,1,0,0,1,0,0,1,IaaS,Private Cloud,GCP
2022.52,ml,medium,basic,asia,19,28.02,99.79,0,0,0,0,1,0,0,IaaS,Public Cloud,GCP
304.3,webapp,medium,moderate,eu,187,74.73,98.1,0,0,0,1,0,0,1,PaaS,Public Cloud,GCP
213.18,startup,high,moderate,eu,307,44.54,97.18,0,1,0,1,0,1,1,PaaS,Public Cloud,GCP
3238.94,webapp,medium,basic,eu,380,50.85,98.06,0,0,0,0,0,0,0,PaaS,Public Cloud,Azure
928.25,webapp,high,moderate,eu,6,6.3,99.73,0,0,0,1,0,0,1,PaaS,Public Cloud,GCP
956.34,ml,low,moderate,asia,344,10.88,99.78,0,0,0,0,1,0,0,IaaS,Public Cloud,GCP
1481.36,webapp,low,moderate,eu,252,14.65,95.44,0,0,0,0,0,0,1,PaaS,Private Cloud,AWS
1545.78,enterprise,high,high,asia,45,27.83,95.28,1,1,1,0,0,1,0,IaaS,Hybrid Cloud,Azure
308.59,webapp,low,basic,us,69,21.58,98.03,0,1,0,1,0,0,1,PaaS,Public Cloud,GCP
239.1,webapp,medium,high,us,462,125.52,99.63,1,0,0,1,0,0,1,IaaS,Private Cloud,GCP
370.73,webapp,medium,moderate,us,142,246.4,95.91,0,0,0,1,0,0,1,PaaS,Public Cloud,GCP
683.74,webapp,high,moderate,eu,366,44.8,99.98,0,0,0,1,0,1,1,PaaS,Public Cloud,GCP
276.11,startup,medium,high,us,270,112.29,98.83,1,1,0,1,0,0,1,IaaS,Hybrid Cloud,GCP
176.09,startup,low,moderate,us,372,965.23,99.0,1,1,0,1,0,0,1,IaaS,Public Cloud,GCP
1433.34,ml,low,moderate,us,463,334.16,96.35,0,1,0,0,1,0,0,IaaS,Hybrid Cloud,GCP
346.96,startup,medium,moderate,asia,227,251.25,95.55,0,0,0,1,0,0,1,PaaS,Public Cloud,GCP
193.73,startup,medium,moderate,us,168,190.97,99.7,0,0,0,1,0,0,1,PaaS,Public Cloud,GCP
378.5,webapp,medium,moderate,us,204,247.93,98.6,0,1,0,0,0,0,1,PaaS,Public Cloud,AWS
795.86,startup,medium,moderate,eu,103,74.82,97.45,0,1,0,0,0,0,1,IaaS,Public Cloud,AWS
256.45,startup,low,moderate,us,163,386.22,97.7,1,0,0,0,0,0,1,PaaS,Public Cloud,AWS
257.42,startup,medium,moderate,asia,184,118.57,99.71,1,1,0,0,0,0,1,IaaS,Public Cloud,GCP
2211.59,enterprise,medium,basic,eu,391,154.15,98.31,0,0,1,0,0,0,0,SaaS,Public Cloud,Azure
847.57,enterprise,high,moderate,eu,137,40.11,98.82,0,1,0,0,0,0,0,IaaS,Public Cloud,AWS
485.22,webapp,low,high,eu,215,84.12,95.76,1,0,0,1,0,0,1,IaaS,Private Cloud,GCP
181.94,startup,high,high,us,3,20.3,95.3,1,1,0,1,0,0,1,IaaS,Public Cloud,GCP
162.91,webapp,medium,high,us,183,64.33,96.59,1,1,0,1,0,0,1,IaaS,Hybrid Cloud,GCP
269.67,startup,medium,basic,eu,217,258.29,96.87,0,1,0,0,0,0,1,PaaS,Public Cloud,AWS
385.1,webapp,high,basic,asia,193,44.32,95.52,0,0,0,0,0,0,1,PaaS,Public Cloud,GCP
258.36,webapp,low,basic,us,76,111.56,99.57,0,0,0,0,0,0,1,PaaS,Public Cloud,AWS
1300.79,ml,high,basic,asia,408,58.4,96.59,0,0,0,0,1,0,0,IaaS,Public Cloud,GCP
621.69,webapp,high,moderate,us,421,39.56,97.08,1,1,0,1,0,0,1,IaaS,Public Cloud,GCP
3311.07,enterprise,high,high,asia,156,83.96,98.28,1,0,0,0,0,1,0,IaaS,Private Cloud,AWS
1084.21,ml,high,moderate,eu,159,284.76,97.54,0,0,0,0,1,1,0,IaaS,Public Cloud,GCP
251.72,webapp,medium,moderate,eu,317,47.61,97.65,1,1,0,0,0,0,1,IaaS,Hybrid Cloud,Azure
1372.18,enterprise,medium,high,us,142,96.83,96.14,1,0,1,0,0,0,0,IaaS,Private Cloud,Azure
826.62,ml,high,basic,eu,290,3.88,99.38,0,0,0,0,1,1,0,IaaS,Public Cloud,GCP
1938.73,enterprise,high,high,asia,421,13.85,99.14,1,0,1,0,0,1,0,IaaS,Private Cloud,Azure
2065.71,enterprise,medium,high,us,480,18.49,96.89,1,0,0,0,0,0,0,IaaS,Private Cloud,AWS
11405.0,enterprise,medium,moderate,us,215,3.75,98.79,1,0,1,0,0,0,0,IaaS,Hybrid Cloud,Azure
395.12,webapp,low,moderate,eu,367,2.91,99.28,0,0,0,1,0,0,1,PaaS,Public Cloud,GCP
442.97,webapp,high,basic,eu,256,61.27,95.51,0,0,0,1,0,0,1,PaaS,Public Cloud,GCP
9684.7,enterprise,medium,moderate,eu,197,13.42,97.56,0,1,1,0,0,0,0,IaaS,Hybrid Cloud,Azure
1229.66,enterprise,low,moderate,us,305,188.98,99.82,1,1,0,0,0,0,0,IaaS,Hybrid Cloud,AWS
511.68,webapp,high,basic,asia,439,20.91,96.98,0,0,0,0,0,1,1,PaaS,Public Cloud,AWS
9635.54,enterprise,low,basic,eu,423,41.12,98.67,0,1,0,0,0,0,0,IaaS,Hybrid Cloud,Azure
73.63,startup,high,moderate,us,248,2.54,99.1,0,0,0,1,0,0,1,PaaS,Public Cloud,GCP
3697.62,enterprise,medium,moderate,eu,293,131.04,97.41,1,0,1,0,0,0,0,IaaS,Hybrid Cloud,Azure
361.99,startup,low,basic,eu,396,388.05,95.02,0,1,0,0,0,0,1,PaaS,Public Cloud,AWS
9429.37,enterprise,medium,basic,eu,19,85.49,97.82,0,0,0,0,0,0,0,SaaS,Public Cloud,Azure
259.0,ml,medium,moderate,us,223,20.99,95.29,1,0,0,0,1,0,0,IaaS,Public Cloud,GCP
1413.97,enterprise,medium,moderate,asia,266,29.96,95.46,1,0,1,0,0,0,0,IaaS,Hybrid Cloud,Azure
361.07,webapp,low,moderate,eu,78,73.29,98.34,1,0,0,1,0,0,1,PaaS,Public Cloud,GCP
210.09,startup,medium,basic,asia,87,231.88,97.41,0,0,0,0,0,0,1,PaaS,Public Cloud,GCP
230.46,startup,medium,basic,asia,206,23.89,96.36,0,0,0,1,0,0,1,PaaS,Public Cloud,GCP
300.55,webapp,low,basic,eu,428,2.86,99.35,0,0,0,0,0,0,1,PaaS,Public Cloud,GCP
291.33,startup,medium,high,eu,471,32.68,98.06,1,0,0,1,0,0,1,IaaS,Private Cloud,GCP
251.02,startup,high,basic,us,43,6.67,98.09,0,1,0,1,0,0,1,PaaS,Public Cloud,GCP
104.1,webapp,low,moderate,eu,216,93.19,95.59,0,1,0,0,0,0,1,PaaS,Public Cloud,AWS
296.63,startup,medium,moderate,asia,423,10.2,98.65,1,1,0,0,0,0,1,IaaS,Public Cloud,GCP
243.21,startup,medium,moderate,asia,168,36.42,95.85,1,1,0,1,0,0,1,IaaS,Public Cloud,GCP
348.85,startup,high,high,eu,49,59.58,99.23,1,0,0,0,0,0,1,PaaS,Public Cloud,Azure
4090.45,enterprise,medium,basic,eu,307,7.16,98.44,0,1,1,0,0,0,0,IaaS,Hybrid Cloud,Azure
427.97,webapp,high,high,asia,48,10.91,98.12,1,1,0,1,0,1,1,IaaS,Hybrid Cloud,GCP
928.3,webapp,high,high,asia,286,170.42,98.41,1,1,0,0,0,1,1,IaaS,Hybrid Cloud,AWS
496.12,startup,high,moderate,asia,400,9.88,98.17,1,1,0,0,0,1,1,IaaS,Public Cloud,GCP
4285.71,enterprise,medium,basic,asia,44,254.94,97.97,0,0,0,0,0,0,0,SaaS,Public Cloud,AWS
291.01,webapp,medium,basic,us,449,323.04,95.37,0,0,0,1,0,0,1,PaaS,Public Cloud,GCP
4816.65,webapp,medium,basic,asia,239,140.87,96.82,0,1,0,1,0,0,0,PaaS,Public Cloud,GCP
1345.47,webapp,medium,basic,asia,413,319.95,98.18,0,1,0,1,0,0,1,PaaS,Public Cloud,GCP
1031.31,enterprise,medium,moderate,us,377,50.35,96.73,0,0,1,0,0,0,0,IaaS,Hybrid Cloud,Azure
4423.41,enterprise,high,moderate,us,441,267.55,99.42,0,0,0,0,0,1,0,IaaS,Public Cloud,AWS
19313.09,enterprise,medium,high,eu,346,3.16,99.86,1,0,1,0,0,0,0,IaaS,Private Cloud,Azure
4148.75,enterprise,medium,basic,us,389,73.92,95.34,0,0,0,0,0,0,0,SaaS,Public Cloud,AWS
2735.56,webapp,medium,high,us,366,1362.33,96.95,1,0,0,1,0,0,0,IaaS,Private Cloud,AWS
5525.2,enterprise,medium,high,us,440,200.18,96.64,1,1,0,0,0,0,0,IaaS,Hybrid Cloud,AWS
293.33,startup,medium,moderate,eu,160,36.96,95.99,0,0,0,0,0,0,1,PaaS,Public Cloud,AWS
669.51,startup,medium,high,eu,268,30.29,96.2,1,1,0,1,0,0,1,IaaS,Hybrid Cloud,Azure
788.55,startup,low,basic,us,486,39.47,98.25,0,1,0,1,0,0,1,PaaS,Public Cloud,AWS
11936.81,enterprise,medium,high,us,83,77.98,97.76,1,0,0,0,0,0,0,IaaS,Private Cloud,AWS
540.82,startup,medium,basic,eu,54,42.97,97.82,0,1,0,0,0,0,1,PaaS,Public Cloud,AWS
826.46,ml,medium,moderate,eu,380,68.86,95.93,1,1,0,0,1,0,0,IaaS,Hybrid Cloud,Azure
1436.01,ml,high,high,eu,263,114.25,97.93,1,0,0,0,1,1,0,IaaS,Private Cloud,GCP
417.66,enterprise,medium,basic,asia,137,38.02,95.34,0,1,1,0,0,0,0,SaaS,Public Cloud,GCP
474.17,startup,low,moderate,asia,210,47.61,99.95,1,1,0,0,0,0,1,IaaS,Public Cloud,GCP
185.86,webapp,medium,moderate,us,405,278.39,98.04,1,0,0,0,0,0,1,PaaS,Public Cloud,AWS
692.65,webapp,medium,basic,asia,294,28.22,98.44,0,0,0,0,0,0,1,PaaS,Public Cloud,AWS
142.15,webapp,medium,moderate,us,273,46.03,97.89,1,0,0,1,0,0,1,PaaS,Public Cloud,GCP
236.36,startup,low,moderate,asia,278,53.59,96.33,1,0,0,0,0,0,1,PaaS,Public Cloud,GCP
456.84,ml,high,basic,eu,230,1096.75,99.81,0,0,0,0,1,1,0,IaaS,Public Cloud,GCP
6908.71,enterprise,high,high,asia,113,61.23,97.66,1,1,0,0,0,1,0,IaaS,Hybrid Cloud,AWS
911.61,startup,high,high,asia,44,644.97,98.04,1,0,0,1,0,0,1,IaaS,Public Cloud,GCP
146.31,webapp,low,basic,eu,300,472.63,96.0,0,0,0,1,0,0,1,PaaS,Public Cloud,GCP
835.75,webapp,high,basic,eu,223,15.38,95.07,0,1,0,0,0,1,1,PaaS,Public Cloud,AWS
387.72,ml,medium,basic,eu,192,30.66,96.91,0,0,0,0,1,0,0,SaaS,Public Cloud,GCP
327.06,startup,high,basic,eu,469,199.28,96.83,0,1,0,1,0,0,1,PaaS,Public Cloud,GCP
421.76,webapp,medium,basic,us,164,4.09,99.06,0,0,0,0,0,0,1,PaaS,Public Cloud,AWS
432.43,startup,low,moderate,asia,90,39.03,96.23,0,0,0,0,0,0,1,PaaS,Public Cloud,GCP
146.02,startup,medium,basic,eu,279,8.47,99.49,0,1,0,1,0,0,1,PaaS,Public Cloud,GCP
809.42,startup,medium,basic,eu,196,12.97,96.29,0,0,0,0,0,0,1,PaaS,Public Cloud,AWS
1123.45,webapp,high,basic,us,464,235.6,97.43,0,0,0,1,0,1,1,PaaS,Public Cloud,AWS
895.65,webapp,medium,high,asia,83,1778.01,96.53,1,1,0,0,0,0,1,IaaS,Hybrid Cloud,AWS
433.58,startup,low,moderate,eu,483,58.65,96.52,0,0,0,0,0,0,1,PaaS,Public Cloud,GCP
505.26,webapp,high,high,asia,99,33.81,96.19,1,0,0,1,0,0,1,IaaS,Private Cloud,GCP
491.01,startup,medium,high,eu,265,770.05,97.79,1,1,0,0,0,0,1,IaaS,Hybrid Cloud,Azure
856.41,webapp,medium,moderate,asia,168,126.32,98.29,1,0,0,1,0,0,1,IaaS,Public Cloud,GCP
190.94,ml,high,moderate,asia,344,57.84,97.34,1,0,0,0,1,1,0,IaaS,Public Cloud,GCP
286.21,startup,low,moderate,asia,294,790.22,97.12,0,0,0,1,0,0,1,PaaS,Public Cloud,GCP
218.57,startup,medium,moderate,asia,27,12.47,97.67,0,1,0,0,0,0,1,PaaS,Public Cloud,GCP
1047.95,webapp,low,moderate,asia,121,7.25,95.71,0,0,0,0,0,0,1,PaaS,Public Cloud,AWS
131.48,startup,high,basic,us,403,27.39,95.61,0,1,0,1,0,1,1,PaaS,Public Cloud,GCP
3066.85,enterprise,medium,moderate,us,449,36.05,97.45,0,1,0,0,0,0,0,IaaS,Hybrid Cloud,AWS
713.74,webapp,high,high,asia,123,791.74,95.71,1,1,0,0,0,0,1,IaaS,Hybrid Cloud,AWS
405.02,startup,high,moderate,us,498,53.37,98.39,0,0,0,0,0,1,1,PaaS,Public Cloud,AWS
932.64,webapp,low,high,asia,309,307.05,99.82,1,0,0,0,0,0,1,IaaS,Private Cloud,AWS
152.98,startup,medium,moderate,asia,79,12.57,99.25,0,1,0,0,0,0,1,PaaS,Public Cloud,GCP
4474.21,enterprise,medium,basic,asia,483,51.85,95.11,0,0,0,0,0,0,0,SaaS,Public Cloud,AWS
101.31,startup,high,basic,asia,180,1205.77,96.6,0,0,0,1,0,1,1,PaaS,Public Cloud,GCP
1012.41,enterprise,low,basic,eu,190,2.24,97.47,0,0,1,0,0,0,0,SaaS,Public Cloud,Azure
3321.76,enterprise,low,high,asia,334,51.09,95.77,1,0,1,0,0,0,0,IaaS,Private Cloud,Azure
973.28,ml,medium,basic,eu,131,16.58,95.45,0,1,0,0,1,0,0,IaaS,Public Cloud,GCP
2534.28,enterprise,medium,high,eu,52,65.39,99.63,1,0,1,0,0,0,0,IaaS,Private Cloud,Azure
585.45,webapp,high,high,asia,421,12.08,96.98,1,0,0,1,0,1,1,IaaS,Private Cloud,GCP
844.31,webapp,medium,basic,asia,233,173.99,97.06,0,1,0,1,0,0,1,PaaS,Public Cloud,GCP
158.25,startup,low,basic,asia,403,367.89,97.29,0,0,0,1,0,0,1,PaaS,Public Cloud,GCP
731.17,ml,high,moderate,us,116,5.26,99.59,0,1,0,0,1,0,0,IaaS,Public Cloud,GCP
80.98,webapp,medium,high,eu,261,32.93,96.21,1,0,0,1,0,0,1,IaaS,Private Cloud,GCP
2910.41,enterprise,low,moderate,asia,301,12.35,95.15,1,0,1,0,0,0,0,IaaS,Private Cloud,Azure
265.39,webapp,medium,basic,us,133,51.69,96.93,0,1,0,0,0,0,1,PaaS,Public Cloud,AWS
1069.02,enterprise,medium,high,eu,62,47.17,98.39,1,0,1,0,0,0,0,IaaS,Private Cloud,Azure
331.27,webapp,high,high,us,248,24.48,96.89,1,0,0,1,0,1,1,IaaS,Private Cloud,GCP
608.51,startup,low,high,us,303,52.38,97.99,1,1,0,1,0,0,1,IaaS,Private Cloud,AWS
113.12,startup,low,high,eu,239,400.48,96.81,1,1,0,0,0,0,1,IaaS,Private Cloud,Azure
16439.44,ml,medium,basic,us,150,10.35,96.93,0,0,0,0,1,0,0,IaaS,Public Cloud,GCP
1641.31,enterprise,low,moderate,us,86,19.48,99.23,1,1,1,0,0,0,0,IaaS,Hybrid Cloud,Azure
888.63,startup,medium,high,us,109,10.93,97.53,1,0,0,1,0,0,1,IaaS,Private Cloud,GCP
5583.46,ml,medium,basic,eu,487,13.89,97.74,0,0,0,0,1,0,0,IaaS,Public Cloud,GCP
587.37,startup,high,basic,us,395,5.94,95.82,0,1,0,1,0,1,1,PaaS,Public Cloud,AWS
1255.95,webapp,high,high,eu,188,9.87,99.3,1,1,0,1,0,1,1,IaaS,Hybrid Cloud,Azure
570.29,webapp,high,basic,eu,477,200.79,97.28,0,0,0,0,0,1,1,PaaS,Public Cloud,AWS
974.46,enterprise,medium,basic,us,391,17.69,99.56,0,0,0,0,0,0,0,SaaS,Public Cloud,AWS
1667.33,webapp,medium,moderate,eu,432,49.01,98.7,0,0,0,0,0,0,1,PaaS,Public Cloud,AWS
281.38,webapp,high,moderate,us,225,94.75,98.6,0,1,0,0,0,1,1,PaaS,Public Cloud,AWS
303.75,webapp,high,high,asia,14,137.84,95.67,1,0,0,0,0,1,1,IaaS,Private Cloud,GCP
50.0,webapp,medium,basic,asia,398,13.6,98.14,0,0,0,0,0,0,1,PaaS,Public Cloud,GCP
255.87,startup,medium,high,eu,467,111.27,96.56,1,1,0,1,0,0,1,IaaS,Hybrid Cloud,GCP
3925.15,enterprise,medium,moderate,asia,183,71.13,97.54,0,1,1,0,0,0,0,IaaS,Hybrid Cloud,Azure
10744.35,enterprise,medium,basic,asia,29,37.22,99.38,0,0,1,0,0,0,0,SaaS,Public Cloud,Azure
7907.84,ml,low,moderate,eu,297,49.54,98.49,0,0,0,0,1,0,0,IaaS,Private Cloud,GCP
199.03,startup,medium,basic,us,149,47.38,97.95,0,0,0,1,0,0,1,PaaS,Public Cloud,GCP
424.95,startup,medium,moderate,us,218,103.35,98.58,1,0,0,0,0,0,1,PaaS,Public Cloud,AWS
1190.06,webapp,medium,basic,asia,191,108.83,96.43,0,0,0,1,0,0,1,PaaS,Public Cloud,GCP
829.34,webapp,low,basic,us,274,158.66,99.56,0,0,0,1,0,0,1,PaaS,Public Cloud,AWS
156.19,startup,low,high,us,341,5.43,96.07,1,0,0,0,0,0,1,IaaS,Private Cloud,AWS
112.48,startup,low,basic,us,68,13.79,99.29,0,0,0,1,0,0,1,PaaS,Public Cloud,GCP
534.59,ml,high,basic,asia,205,106.87,99.77,0,0,0,0,1,1,0,IaaS,Public Cloud,GCP
191.34,startup,high,high,asia,345,40.06,97.79,1,1,0,1,0,1,1,IaaS,Hybrid Cloud,GCP
187.14,webapp,medium,moderate,asia,110,640.23,99.49,1,0,0,0,0,0,1,PaaS,Public Cloud,GCP
549.12,ml,medium,moderate,us,414,318.33,97.86,1,0,0,0,1,0,0,IaaS,Public Cloud,GCP
2072.34,enterprise,low,basic,us,41,36.58,98.05,0,0,0,0,0,0,0,SaaS,Public Cloud,AWS
3902.62,enterprise,medium,moderate,asia,34,55.06,99.86,1,0,0,0,0,0,0,IaaS,Hybrid Cloud,AWS
90.65,webapp,low,basic,us,133,79.97,97.19,0,0,0,0,0,0,1,PaaS,Public Cloud,AWS
819.19,webapp,low,basic,us,321,110.81,99.95,0,0,0,1,0,0,1,PaaS,Public Cloud,GCP
6942.87,ml,medium,high,eu,358,13.58,97.76,1,0,0,0,1,0,0,IaaS,Private Cloud,Azure
2260.92,enterprise,high,high,asia,208,11.18,99.13,1,1,1,0,0,1,0,IaaS,Hybrid Cloud,Azure
2208.89,enterprise,low,moderate,us,390,14.73,96.13,0,0,0,0,0,0,0,IaaS,Private Cloud,AWS
209.4,webapp,high,basic,eu,20,65.88,99.32,0,1,0,0,0,1,1,PaaS,Public Cloud,AWS
5859.55,ml,low,basic,asia,273,53.53,98.38,0,0,0,0,1,0,0,IaaS,Public Cloud,GCP
649.04,webapp,medium,high,eu,25,44.42,97.8,1,1,0,0,0,0,1,IaaS,Hybrid Cloud,Azure
107.6,startup,high,moderate,us,480,91.51,99.82,0,0,0,1,0,1,1,PaaS,Public Cloud,GCP
257.88,startup,low,basic,us,416,132.95,97.68,0,0,0,1,0,0,1,PaaS,Public Cloud,GCP
1325.23,webapp,medium,high,eu,384,4140.09,96.89,1,0,0,1,0,0,1,IaaS,Private Cloud,Azure
644.58,webapp,medium,basic,eu,286,497.14,99.94,0,1,0,0,0,0,1,PaaS,Public Cloud,AWS
333.1,webapp,low,basic,asia,188,17.5,95.58,0,1,0,0,0,0,1,PaaS,Public Cloud,GCP
474.16,webapp,medium,moderate,us,122,314.59,98.97,0,0,0,1,0,0,1,PaaS,Public Cloud,GCP
1301.2,ml,medium,basic,asia,346,84.12,95.37,0,1,0,0,1,0,0,IaaS,Public Cloud,GCP
248.99,webapp,medium,moderate,us,219,6.62,96.07,1,1,0,0,0,0,1,IaaS,Hybrid Cloud,AWS
3655.29,enterprise,medium,moderate,eu,161,75.31,97.06,0,0,1,0,0,0,0,IaaS,Hybrid Cloud,Azure
895.82,ml,medium,moderate,us,357,13.36,97.66,0,1,0,0,1,0,0,IaaS,Public Cloud,GCP
5385.97,enterprise,high,moderate,asia,462,95.58,96.16,0,0,0,0,0,1,0,IaaS,Public Cloud,AWS
586.76,enterprise,medium,moderate,asia,390,28.24,96.96,0,0,0,0,0,0,0,IaaS,Public Cloud,AWS
2791.58,enterprise,medium,moderate,eu,377,60.72,97.33,1,0,1,0,0,0,0,IaaS,Hybrid Cloud,Azure
254.6,startup,medium,basic,eu,347,100.94,95.38,0,0,0,1,0,0,1,PaaS,Public Cloud,GCP
569.41,startup,low,moderate,asia,496,40.57,95.99,0,0,0,0,0,0,1,PaaS,Public Cloud,AWS
7294.19,enterprise,medium,basic,eu,258,358.53,97.14,0,0,1,0,0,0,0,SaaS,Public Cloud,Azure
648.82,webapp,medium,moderate,eu,56,17.37,97.25,0,1,0,1,0,0,1,PaaS,Public Cloud,GCP
2496.6,enterprise,high,moderate,us,252,23.63,98.02,1,1,1,0,0,0,0,IaaS,Hybrid Cloud,Azure
2210.99,enterprise,medium,basic,eu,256,62.17,98.02,0,1,1,0,0,0,0,IaaS,Hybrid Cloud,Azure
753.96,webapp,medium,high,us,422,64.97,97.65,1,1,0,1,0,0,1,IaaS,Hybrid Cloud,AWS
550.85,webapp,medium,basic,asia,485,58.9,97.78,0,1,0,1,0,0,1,PaaS,Public Cloud,GCP
14290.21,ml,low,moderate,eu,374,54.55,98.8,0,1,0,0,1,0,0,IaaS,Hybrid Cloud,GCP
226.43,webapp,low,high,us,207,163.47,96.73,1,1,0,1,0,0,1,IaaS,Private Cloud,GCP
418.23,startup,medium,basic,us,366,249.71,97.32,0,1,0,1,0,0,1,PaaS,Public Cloud,GCP
443.26,webapp,low,moderate,us,68,8.26,95.36,1,0,0,0,0,0,1,PaaS,Private Cloud,AWS
1730.47,ml,high,basic,eu,274,824.69,98.17,0,0,0,0,1,1,0,IaaS,Public Cloud,GCP
1512.01,enterprise,low,moderate,us,1,242.98,97.18,0,1,1,0,0,0,0,SaaS,Hybrid Cloud,Azure
123.14,startup,medium,high,eu,444,47.34,97.78,1,1,0,0,0,0,1,IaaS,Hybrid Cloud,Azure
1903.16,enterprise,medium,moderate,asia,343,13.14,95.46,0,1,0,0,0,0,0,IaaS,Hybrid Cloud,AWS
61.34,webapp,medium,moderate,asia,139,291.8,97.37,0,1,0,0,0,0,1,PaaS,Public Cloud,GCP
776.73,webapp,medium,moderate,asia,68,108.16,97.84,0,1,0,1,0,0,1,PaaS,Public Cloud,GCP
887.32,webapp,high,basic,eu,405,161.26,99.64,0,0,0,1,0,1,1,PaaS,Public Cloud,GCP
6590.14,enterprise,low,basic,eu,492,23.64,97.74,0,0,1,0,0,0,0,SaaS,Public Cloud,Azure
557.2,startup,medium,moderate,eu,334,196.4,98.35,1,0,0,1,0,0,1,IaaS,Public Cloud,Azure
2516.79,ml,high,basic,asia,451,20.46,99.86,0,1,0,0,1,1,0,IaaS,Public Cloud,GCP
251.8,startup,high,moderate,eu,462,7.45,98.31,1,0,0,0,0,1,1,PaaS,Public Cloud,AWS
13824.16,enterprise,high,basic,eu,336,1033.31,96.85,0,0,0,0,0,1,0,IaaS,Public Cloud,AWS
239.94,webapp,medium,moderate,us,93,98.4,98.93,1,0,0,0,0,0,1,PaaS,Public Cloud,AWS
100.87,startup,medium,basic,eu,406,138.48,95.08,0,1,0,0,0,0,1,PaaS,Public Cloud,AWS
4204.21,ml,low,high,eu,29,7.95,95.02,1,0,0,0,1,0,0,IaaS,Private Cloud,Azure
178.89,webapp,high,moderate,eu,430,11.91,97.29,0,0,0,1,0,0,1,PaaS,Public Cloud,GCP
8611.82,enterprise,low,moderate,us,246,8.56,95.12,1,0,1,0,0,0,0,IaaS,Private Cloud,Azure
879.02,ml,medium,moderate,us,218,791.47,97.25,1,1,0,0,1,0,0,IaaS,Hybrid Cloud,GCP
531.0,startup,high,moderate,us,101,24.83,95.21,0,0,0,0,0,0,1,PaaS,Public Cloud,AWS
467.12,startup,medium,moderate,us,151,3.1,97.96,0,0,0,0,0,0,1,PaaS,Public Cloud,AWS
327.46,startup,medium,moderate,us,13,45.07,96.15,0,0,0,1,0,0,1,PaaS,Public Cloud,GCP
302.18,startup,high,high,eu,428,13.85,95.38,1,0,0,0,0,1,1,IaaS,Public Cloud,AWS
3241.73,enterprise,medium,moderate,eu,366,86.98,99.78,0,0,1,0,0,0,0,IaaS,Hybrid Cloud,Azure
628.51,ml,medium,basic,asia,134,2.25,95.07,0,1,0,0,1,0,0,IaaS,Public Cloud,GCP
608.99,startup,low,basic,us,300,169.47,96.55,0,1,0,0,0,0,1,PaaS,Public Cloud,AWS
747.19,webapp,medium,moderate,eu,493,393.43,96.88,0,0,0,0,0,0,1,PaaS,Public Cloud,AWS
494.93,startup,low,basic,eu,286,79.31,97.56,0,0,0,1,0,0,1,PaaS,Public Cloud,GCP
410.57,webapp,medium,high,eu,469,15.58,98.2,1,0,0,0,0,0,1,IaaS,Private Cloud,Azure
245.38,startup,low,basic,asia,66,39.25,98.35,0,0,0,0,0,0,1,PaaS,Public Cloud,GCP
268.47,webapp,medium,basic,us,497,59.63,99.39,0,1,0,0,0,0,1,PaaS,Public Cloud,AWS
1616.8,webapp,medium,moderate,eu,428,66.51,99.78,1,0,0,0,0,0,1,IaaS,Private Cloud,Azure
812.48,webapp,low,basic,us,349,90.46,97.65,0,1,0,0,0,0,1,PaaS,Public Cloud,AWS
1151.41,webapp,low,basic,eu,124,196.73,99.38,0,0,0,0,0,0,1,PaaS,Public Cloud,AWS
1321.39,enterprise,low,moderate,asia,122,175.4,96.82,0,0,1,0,0,0,0,IaaS,Private Cloud,Azure
299.62,startup,low,basic,us,156,12.04,95.31,0,0,0,0,0,0,1,PaaS,Public Cloud,AWS
325.68,startup,high,moderate,eu,359,4.05,96.8,1,0,0,0,0,1,1,PaaS,Public Cloud,AWS
10954.25,ml,medium,basic,us,196,24.33,96.58,0,1,0,0,1,0,0,IaaS,Public Cloud,GCP
1367.22,enterprise,low,basic,eu,318,7.34,96.29,0,1,1,0,0,0,0,IaaS,Hybrid Cloud,Azure
247.44,startup,high,moderate,eu,351,173.39,97.52,1,0,0,0,0,0,1,PaaS,Public Cloud,Azure
975.56,enterprise,low,moderate,eu,152,1033.98,95.63,1,1,1,0,0,0,0,IaaS,Hybrid Cloud,Azure
519.58,webapp,high,moderate,asia,1,22.14,98.65,0,0,0,1,0,1,1,PaaS,Public Cloud,GCP
965.77,webapp,high,basic,us,272,60.4,96.59,0,0,0,1,0,0,1,PaaS,Public Cloud,GCP
322.95,startup,medium,moderate,us,488,22.91,97.75,1,0,0,0,0,0,1,PaaS,Public Cloud,AWS
179.84,startup,high,basic,eu,321,100.25,97.12,0,0,0,0,0,0,1,PaaS,Public Cloud,AWS
198.43,startup,medium,moderate,eu,478,33.85,98.63,1,0,0,0,0,0,1,PaaS,Public Cloud,Azure
4146.21,enterprise,high,high,asia,128,45.16,95.52,1,1,1,0,0,0,0,IaaS,Hybrid Cloud,Azure
7140.51,enterprise,medium,basic,eu,435,9.0,99.2,0,0,1,0,0,0,0,SaaS,Public Cloud,Azure
300.59,webapp,low,basic,us,36,23.84,99.93,0,0,0,0,0,0,1,PaaS,Public Cloud,AWS
428.15,startup,low,moderate,eu,79,4.95,95.76,1,1,0,1,0,0,1,PaaS,Public Cloud,GCP
6414.26,enterprise,high,basic,us,297,146.5,98.26,0,0,1,0,0,1,0,SaaS,Public Cloud,Azure
3737.19,enterprise,medium,moderate,eu,107,4.32,99.74,1,1,0,0,0,0,0,IaaS,Hybrid Cloud,Azure
149.54,webapp,high,moderate,us,37,13.52,98.64,0,0,0,1,0,1,1,PaaS,Public Cloud,GCP
101.13,startup,high,moderate,asia,48,32.78,99.07,0,0,0,0,0,1,1,PaaS,Public Cloud,GCP
1881.18,ml,medium,high,us,79,42.91,95.43,1,1,0,0,1,0,0,IaaS,Hybrid Cloud,GCP
22312.04,enterprise,medium,basic,asia,130,307.53,98.83,0,0,1,0,0,0,0,IaaS,Public Cloud,Azure
21262.06,enterprise,low,moderate,asia,268,10.29,98.31,0,0,1,0,0,0,0,IaaS,Hybrid Cloud,Azure
4134.2,enterprise,medium,basic,asia,30,9.8,96.19,0,0,0,0,0,0,0,SaaS,Public Cloud,AWS
238.46,startup,medium,moderate,eu,496,4.95,97.85,0,0,0,0,0,0,1,PaaS,Public Cloud,GCP
617.23,webapp,medium,moderate,us,487,5.47,97.3,0,1,0,0,0,0,1,PaaS,Public Cloud,AWS
559.39,ml,medium,moderate,eu,56,6.86,95.26,1,0,0,0,1,0,0,IaaS,Public Cloud,Azure
621.53,startup,low,high,us,453,15.89,98.41,1,1,0,0,0,0,1,IaaS,Private Cloud,AWS
105.92,startup,low,high,asia,353,108.31,98.61,1,0,0,0,0,0,1,IaaS,Private Cloud,GCP
530.6,webapp,low,basic,us,357,19.29,95.25,0,1,0,1,0,0,1,PaaS,Public Cloud,GCP
1486.26,startup,medium,basic,eu,297,101.44,98.05,0,0,0,1,0,0,1,PaaS,Public Cloud,GCP
106.71,startup,medium,high,eu,37,56.81,97.04,1,0,0,0,0,0,1,PaaS,Private Cloud,Azure
177.63,webapp,medium,moderate,asia,341,528.43,97.09,0,1,0,1,0,0,1,PaaS,Public Cloud,GCP
368.92,webapp,low,moderate,eu,217,264.06,97.34,0,1,0,1,0,0,1,PaaS,Public Cloud,GCP
15787.69,enterprise,medium,basic,eu,368,32.14,97.6,0,1,1,0,0,0,0,IaaS,Hybrid Cloud,Azure
1141.84,enterprise,medium,high,us,193,9.73,97.29,1,0,0,0,0,0,0,IaaS,Private Cloud,AWS
98.11,webapp,low,basic,eu,432,240.12,99.22,0,0,0,1,0,0,1,PaaS,Public Cloud,GCP
140.24,startup,high,high,eu,278,24.64,99.33,1,0,0,0,0,1,1,IaaS,Public Cloud,AWS
2555.9,webapp,medium,basic,eu,6,18.61,98.56,0,0,0,1,0,0,0,PaaS,Public Cloud,GCP
343.43,webapp,low,moderate,us,465,10.04,99.54,0,0,0,0,0,0,1,PaaS,Public Cloud,AWS
17589.25,enterprise,high,basic,asia,99,19.3,96.02,0,1,0,0,0,1,0,IaaS,Public Cloud,AWS
7919.36,enterprise,low,moderate,us,69,13.61,96.31,0,0,0,0,0,0,0,SaaS,Hybrid Cloud,AWS
304.12,startup,high,moderate,asia,295,625.67,95.71,1,0,0,1,0,1,1,PaaS,Public Cloud,GCP
1629.55,enterprise,low,basic,asia,398,12.93,98.3,0,1,1,0,0,0,0,IaaS,Hybrid Cloud,Azure
202.22,webapp,low,basic,us,232,31.88,95.29,0,0,0,1,0,0,1,PaaS,Public Cloud,GCP
291.49,enterprise,medium,basic,asia,387,28.07,97.0,0,0,1,0,0,0,0,SaaS,Public Cloud,Azure
916.09,webapp,medium,basic,eu,365,92.02,97.25,0,1,0,1,0,0,1,PaaS,Public Cloud,GCP
611.46,startup,low,moderate,asia,250,23.43,95.41,0,0,0,1,0,0,1,PaaS,Public Cloud,GCP
2895.64,ml,medium,basic,asia,475,5.1,99.35,0,0,0,0,1,0,0,IaaS,Public Cloud,GCP
109.58,startup,low,high,eu,380,17.06,98.2,1,1,0,1,0,0,1,IaaS,Private Cloud,GCP
2954.45,enterprise,medium,high,us,145,390.75,95.49,1,0,1,0,0,0,0,IaaS,Private Cloud,Azure
1273.59,ml,low,moderate,us,18,47.3,95.09,1,0,0,0,1,0,0,IaaS,Private Cloud,GCP
326.08,webapp,high,moderate,us,161,32.8,98.8,0,1,0,0,0,1,1,PaaS,Public Cloud,AWS
5722.41,enterprise,low,high,us,428,583.87,97.47,1,1,1,0,0,0,0,IaaS,Hybrid Cloud,Azure
171.79,webapp,medium,basic,asia,259,1.66,95.03,0,1,0,1,0,0,1,PaaS,Public Cloud,GCP
1130.64,ml,medium,high,asia,314,36.72,96.7,1,0,0,0,1,0,0,IaaS,Private Cloud,GCP
104.49,webapp,low,basic,asia,303,648.49,95.49,0,1,0,1,0,0,1,PaaS,Public Cloud,GCP
7036.37,enterprise,low,high,asia,445,35.45,96.6,1,1,0,0,0,0,0,IaaS,Private Cloud,AWS
1929.45,enterprise,low,moderate,asia,349,5.25,98.74,1,1,0,0,0,0,0,IaaS,Hybrid Cloud,AWS
1173.9,ml,medium,moderate,asia,216,822.56,97.88,1,1,0,0,1,0,0,IaaS,Hybrid Cloud,GCP
418.4,enterprise,high,high,eu,312,117.71,96.41,1,1,1,0,0,1,0,IaaS,Hybrid Cloud,Azure
155.93,webapp,high,high,us,236,10.6,97.98,1,0,0,0,0,1,1,IaaS,Private Cloud,AWS
10113.75,enterprise,low,moderate,eu,273,106.43,95.93,1,0,0,0,0,0,0,IaaS,Private Cloud,Azure
313.11,ml,medium,basic,eu,304,23.22,97.99,0,0,0,0,1,0,0,IaaS,Public Cloud,GCP
508.89,webapp,low,basic,eu,200,779.5,97.71,0,1,0,1,0,0,1,PaaS,Public Cloud,GCP
1841.67,enterprise,medium,high,eu,395,226.92,96.29,1,1,0,0,0,0,0,IaaS,Hybrid Cloud,Azure
773.66,startup,low,basic,eu,243,364.12,98.01,0,1,0,1,0,0,1,PaaS,Public Cloud,GCP
91.14,startup,low,moderate,eu,216,1135.73,96.9,0,1,0,1,0,0,1,PaaS,Public Cloud,GCP
240.85,startup,medium,moderate,eu,254,97.49,96.84,0,0,0,0,0,0,1,PaaS,Public Cloud,GCP
540.08,webapp,high,basic,us,296,33.32,95.88,0,0,0,1,0,0,1,PaaS,Public Cloud,GCP
8043.96,ml,low,high,eu,132,112.26,95.4,1,0,0,0,1,0,0,IaaS,Private Cloud,Azure
818.4,startup,high,basic,eu,372,63.41,98.41,0,0,0,1,0,1,1,PaaS,Public Cloud,GCP
764.64,webapp,low,basic,asia,12,79.51,96.15,0,0,0,1,0,0,1,PaaS,Public Cloud,GCP
244.48,webapp,medium,moderate,eu,350,38.81,98.34,0,1,0,0,0,0,1,PaaS,Public Cloud,AWS
58.09,webapp,medium,moderate,asia,360,77.45,98.97,0,0,0,1,0,0,1,PaaS,Public Cloud,GCP
2958.01,ml,medium,basic,eu,156,63.06,95.65,0,1,0,0,1,0,0,IaaS,Public Cloud,GCP
52.44,webapp,high,basic,eu,466,2232.73,97.87,0,1,0,0,0,1,1,PaaS,Public Cloud,AWS
1485.28,enterprise,medium,moderate,eu,361,61.89,96.56,1,1,1,0,0,0,0,IaaS,Hybrid Cloud,Azure
1889.98,ml,low,basic,us,345,71.52,96.81,0,0,0,0,1,0,0,IaaS,Public Cloud,GCP
1583.32,enterprise,high,high,us,230,90.07,98.18,1,0,1,0,0,1,0,IaaS,Private Cloud,Azure
561.65,startup,medium,moderate,us,159,11.81,99.24,1,0,0,1,0,0,1,IaaS,Public Cloud,GCP
4925.05,ml,high,high,asia,252,81.98,99.75,1,1,0,0,1,1,0,IaaS,Hybrid Cloud,GCP
252.64,startup,medium,high,us,165,85.08,96.07,1,0,0,0,0,0,1,IaaS,Private Cloud,AWS
233.34,webapp,medium,basic,asia,274,42.32,95.2,0,0,0,1,0,0,1,PaaS,Public Cloud,GCP
2909.79,enterprise,medium,basic,asia,397,16.4,97.11,0,1,1,0,0,0,0,IaaS,Hybrid Cloud,Azure
754.59,webapp,high,basic,asia,11,255.09,96.49,0,0,0,0,0,1,1,PaaS,Public Cloud,AWS
355.0,enterprise,low,basic,asia,148,28.54,95.03,0,1,1,0,0,0,0,SaaS,Public Cloud,GCP
78.81,startup,low,moderate,asia,441,84.9,96.29,1,1,0,1,0,0,1,IaaS,Public Cloud,GCP
6401.28,enterprise,medium,basic,eu,298,42.59,99.39,0,0,0,0,0,0,0,SaaS,Public Cloud,Azure
2481.69,enterprise,medium,high,asia,312,20.77,98.17,1,0,0,0,0,0,0,IaaS,Private Cloud,AWS
195.56,ml,medium,high,asia,291,35.58,97.58,1,1,0,0,1,0,0,IaaS,Hybrid Cloud,GCP
580.95,startup,low,basic,eu,169,81.68,96.82,0,1,0,1,0,0,1,PaaS,Public Cloud,GCP
110.34,startup,medium,moderate,asia,150,36.04,96.75,0,0,0,1,0,0,1,PaaS,Public Cloud,GCP
4648.18,enterprise,low,moderate,asia,430,184.77,97.13,0,1,0,0,0,0,0,IaaS,Hybrid Cloud,AWS
137.44,startup,high,moderate,us,328,43.43,96.53,0,0,0,0,0,1,1,PaaS,Public Cloud,AWS
195.46,ml,low,basic,asia,283,247.39,96.21,0,0,0,0,1,0,0,SaaS,Public Cloud,GCP
240.06,webapp,medium,moderate,asia,349,6.8,99.8,1,0,0,0,0,0,1,PaaS,Public Cloud,GCP
13476.84,enterprise,medium,basic,eu,195,121.07,98.38,0,0,0,0,0,0,0,IaaS,Public Cloud,AWS
4321.9,enterprise,medium,high,asia,495,18.75,97.81,1,0,1,0,0,0,0,IaaS,Private Cloud,Azure
10871.72,ml,high,basic,asia,276,116.91,96.47,0,0,0,0,1,1,0,IaaS,Public Cloud,GCP
9318.66,enterprise,low,high,asia,49,8.84,98.19,1,1,1,0,0,0,0,IaaS,Hybrid Cloud,Azure
2333.06,ml,low,moderate,eu,489,99.36,98.63,0,0,0,0,1,0,0,IaaS,Private Cloud,GCP
2337.81,webapp,medium,moderate,eu,111,55.29,97.05,1,0,0,1,0,0,0,IaaS,Private Cloud,Azure
843.14,startup,high,high,us,417,100.49,95.75,1,1,0,1,0,1,1,IaaS,Hybrid Cloud,AWS
303.15,startup,low,basic,eu,254,77.0,95.97,0,0,0,0,0,0,1,PaaS,Public Cloud,AWS
1305.12,enterprise,high,moderate,asia,233,2.19,99.72,0,0,0,0,0,1,0,IaaS,Public Cloud,AWS
180.03,startup,medium,moderate,us,401,1061.15,98.79,0,0,0,1,0,0,1,PaaS,Public Cloud,GCP
4332.29,enterprise,medium,moderate,asia,46,419.09,97.57,0,1,0,0,0,0,0,IaaS,Hybrid Cloud,AWS
364.36,webapp,low,high,asia,279,2.86,99.57,1,0,0,1,0,0,1,IaaS,Private Cloud,GCP
66.3,startup,low,moderate,us,315,18.38,97.12,0,0,0,0,0,0,1,PaaS,Public Cloud,AWS
10530.81,enterprise,medium,high,asia,172,96.5,99.83,1,1,1,0,0,0,0,IaaS,Hybrid Cloud,Azure
319.06,startup,medium,moderate,eu,388,17.62,98.74,1,0,0,0,0,0,1,PaaS,Public Cloud,Azure
197.16,webapp,high,moderate,asia,368,404.05,99.43,1,1,0,1,0,1,1,IaaS,Public Cloud,GCP
769.75,webapp,low,high,eu,259,16.6,99.09,1,1,0,1,0,0,1,IaaS,Private Cloud,Azure
139.7,startup,high,moderate,eu,348,1.08,97.99,1,0,0,0,0,1,1,PaaS,Public Cloud,AWS
3735.77,enterprise,medium,moderate,us,487,104.34,98.9,1,0,1,0,0,0,0,IaaS,Hybrid Cloud,Azure
1543.53,enterprise,high,moderate,us,293,637.08,95.47,1,0,1,0,0,1,0,IaaS,Hybrid Cloud,Azure
374.66,startup,medium,moderate,eu,37,295.62,95.29,1,1,0,1,0,0,1,PaaS,Public Cloud,GCP
232.22,webapp,medium,moderate,eu,214,109.98,99.53,0,1,0,0,0,0,1,PaaS,Public Cloud,AWS
50.0,startup,low,moderate,asia,390,400.11,95.58,1,0,0,1,0,0,1,PaaS,Public Cloud,GCP
614.54,webapp,medium,high,us,190,7.18,98.61,1,1,0,1,0,0,1,IaaS,Hybrid Cloud,GCP
5495.21,enterprise,medium,moderate,eu,143,171.98,98.59,0,0,1,0,0,0,0,IaaS,Hybrid Cloud,Azure
1140.64,enterprise,low,basic,asia,28,41.58,95.46,0,0,0,0,0,0,0,SaaS,Public Cloud,AWS
947.21,enterprise,low,moderate,us,425,39.88,99.35,0,0,0,0,0,0,0,IaaS,Public Cloud,AWS
1190.03,ml,low,high,us,490,14.93,97.37,1,0,0,0,1,0,0,IaaS,Private Cloud,GCP
101.81,webapp,high,basic,asia,220,32.19,95.47,0,1,0,0,0,0,1,PaaS,Public Cloud,GCP
699.35,webapp,high,high,asia,154,35.45,95.68,1,1,0,1,0,0,1,IaaS,Hybrid Cloud,GCP
331.39,webapp,medium,basic,us,61,4.26,98.34,0,0,0,1,0,0,1,PaaS,Public Cloud,GCP
282.12,webapp,medium,moderate,us,175,83.74,99.23,0,0,0,0,0,0,1,PaaS,Public Cloud,AWS
305.85,startup,low,moderate,asia,68,65.26,95.97,1,0,0,1,0,0,1,PaaS,Public Cloud,GCP
2526.88,enterprise,low,high,eu,232,12.77,97.88,1,0,1,0,0,0,0,IaaS,Private Cloud,Azure
276.76,startup,low,moderate,asia,230,22.27,98.11,0,1,0,0,0,0,1,PaaS,Public Cloud,GCP
2938.45,enterprise,low,basic,us,227,221.52,98.9,0,1,0,0,0,0,0,IaaS,Hybrid Cloud,AWS
1918.77,enterprise,high,moderate,us,358,201.47,97.06,0,0,0,0,0,1,0,IaaS,Public Cloud,AWS
7017.84,enterprise,high,moderate,us,263,29.87,98.29,0,1,0,0,0,1,0,IaaS,Hybrid Cloud,AWS
367.08,webapp,medium,basic,us,126,6.84,96.05,0,0,0,1,0,0,1,PaaS,Public Cloud,GCP
1307.27,enterprise,medium,high,eu,161,86.56,96.94,1,0,1,0,0,0,0,IaaS,Private Cloud,Azure
3028.96,enterprise,high,moderate,eu,317,42.02,95.75,0,0,1,0,0,1,0,IaaS,Public Cloud,Azure
556.72,enterprise,high,moderate,us,327,424.56,96.85,0,0,1,0,0,0,0,IaaS,Public Cloud,Azure
1481.33,enterprise,medium,basic,us,312,2730.59,96.51,0,0,1,0,0,0,0,SaaS,Public Cloud,Azure
114.35,startup,low,basic,us,479,293.32,96.25,0,0,0,1,0,0,1,PaaS,Public Cloud,GCP
336.26,startup,low,basic,us,203,53.81,96.48,0,1,0,1,0,0,1,PaaS,Public Cloud,GCP
785.69,webapp,medium,moderate,asia,330,103.93,96.09,0,0,0,1,0,0,1,PaaS,Public Cloud,GCP
72.54,startup,low,basic,us,468,54.69,97.84,0,0,0,0,0,0,1,PaaS,Public Cloud,AWS
55.46,startup,low,high,eu,149,28.57,99.41,1,0,0,1,0,0,1,IaaS,Private Cloud,GCP
3711.66,enterprise,medium,high,us,244,44.99,95.64,1,1,1,0,0,0,0,IaaS,Hybrid Cloud,Azure
3461.98,webapp,high,moderate,eu,261,66.18,97.76,1,0,0,1,0,0,0,IaaS,Public Cloud,Azure
1600.5,webapp,low,high,eu,340,188.39,95.07,1,0,0,1,0,0,1,IaaS,Private Cloud,Azure
7407.76,ml,medium,basic,us,160,42.05,99.29,0,1,0,0,1,0,0,IaaS,Public Cloud,GCP
505.38,startup,medium,high,us,365,172.8,95.72,1,0,0,1,0,0,1,IaaS,Private Cloud,GCP
368.33,webapp,medium,high,us,109,28.35,97.66,1,1,0,0,0,0,1,IaaS,Hybrid Cloud,AWS
819.88,webapp,high,high,eu,96,15.79,99.16,1,1,0,1,0,0,1,IaaS,Hybrid Cloud,Azure
808.72,webapp,high,basic,eu,403,296.15,97.07,0,0,0,1,0,0,1,PaaS,Public Cloud,GCP
160.75,webapp,medium,moderate,eu,360,86.16,97.6,1,1,0,1,0,0,1,IaaS,Hybrid Cloud,GCP
948.95,startup,medium,basic,asia,379,89.01,97.18,0,0,0,1,0,0,1,PaaS,Public Cloud,GCP
2901.77,ml,low,basic,eu,124,16.97,97.47,0,1,0,0,1,0,0,IaaS,Public Cloud,GCP
339.83,startup,medium,basic,asia,395,34.66,96.06,0,0,0,0,0,0,1,PaaS,Public Cloud,GCP
350.75,webapp,low,moderate,us,33,16.25,98.44,1,0,0,1,0,0,1,PaaS,Private Cloud,GCP
567.4,webapp,medium,moderate,us,416,34.78,96.62,0,1,0,0,0,0,1,IaaS,Public Cloud,AWS
310.52,startup,medium,basic,eu,147,45.05,99.45,0,1,0,1,0,0,1,PaaS,Public Cloud,GCP
155.12,startup,low,high,eu,466,6036.25,99.35,1,1,0,0,0,0,1,IaaS,Private Cloud,AWS
2348.98,ml,medium,basic,us,94,4.73,98.29,0,1,0,0,1,0,0,IaaS,Public Cloud,GCP
624.7,webapp,medium,moderate,asia,150,62.48,99.85,1,1,0,1,0,0,1,IaaS,Hybrid Cloud,GCP
1592.69,startup,medium,basic,us,251,48.33,95.16,0,0,0,0,0,0,1,PaaS,Public Cloud,AWS
333.86,startup,high,high,us,444,58.93,99.22,1,0,0,1,0,1,1,IaaS,Public Cloud,GCP
362.49,webapp,high,moderate,eu,384,196.13,95.36,1,1,0,0,0,0,1,IaaS,Public Cloud,Azure
1016.46,startup,medium,moderate,us,495,22.19,99.18,0,0,0,1,0,0,1,PaaS,Public Cloud,GCP
247.98,webapp,high,basic,asia,360,6.63,97.92,0,0,0,1,0,1,1,PaaS,Public Cloud,GCP
6561.17,enterprise,low,high,asia,300,143.67,95.93,1,0,0,0,0,0,0,IaaS,Private Cloud,Azure
501.69,webapp,high,basic,eu,12,140.0,98.46,0,1,0,1,0,1,1,PaaS,Public Cloud,GCP
67.43,webapp,medium,basic,asia,484,24.0,99.57,0,0,0,0,0,0,1,PaaS,Public Cloud,GCP
767.23,ml,medium,moderate,asia,340,49.67,96.22,0,1,0,0,1,0,0,IaaS,Public Cloud,GCP
1485.2,ml,medium,basic,us,358,7.39,99.29,0,0,0,0,1,0,0,IaaS,Public Cloud,GCP
868.7,startup,medium,basic,asia,219,1.77,97.93,0,0,0,0,0,0,1,PaaS,Public Cloud,AWS
635.0,webapp,medium,moderate,us,444,112.25,96.37,0,1,0,1,0,0,1,IaaS,Public Cloud,GCP
199.51,startup,medium,basic,asia,148,33.37,97.96,0,0,0,0,0,0,1,PaaS,Public Cloud,GCP
351.36,webapp,high,moderate,asia,352,385.6,97.09,0,0,0,0,0,1,1,PaaS,Public Cloud,GCP
5846.88,enterprise,medium,moderate,asia,156,63.87,99.85,0,0,1,0,0,0,0,IaaS,Hybrid Cloud,Azure
389.44,webapp,high,moderate,asia,464,19.03,97.22,0,0,0,1,0,1,1,PaaS,Public Cloud,GCP
1259.59,webapp,high,high,asia,116,81.82,98.22,1,1,0,1,0,1,1,IaaS,Hybrid Cloud,GCP
802.19,startup,medium,moderate,eu,99,51.87,99.7,0,1,0,0,0,0,1,PaaS,Public Cloud,AWS
178.16,webapp,low,moderate,eu,295,1.34,99.07,0,0,0,0,0,0,1,PaaS,Public Cloud,AWS
2041.61,enterprise,high,moderate,us,434,244.52,98.15,0,0,1,0,0,1,0,IaaS,Public Cloud,Azure
205.89,webapp,medium,moderate,asia,154,108.7,99.95,1,1,0,1,0,0,1,IaaS,Hybrid Cloud,GCP
265.68,startup,low,moderate,asia,216,76.28,96.98,0,1,0,1,0,0,1,PaaS,Public Cloud,GCP
83.95,webapp,high,high,eu,139,188.92,96.57,1,0,0,1,0,1,1,IaaS,Private Cloud,GCP
686.15,webapp,low,basic,asia,439,54.41,98.0,0,0,0,0,0,0,1,PaaS,Public Cloud,AWS
3528.16,enterprise,high,moderate,eu,109,57.88,95.85,0,0,1,0,0,1,0,IaaS,Public Cloud,Azure
3194.91,enterprise,high,moderate,us,58,59.54,99.51,0,0,0,0,0,1,0,SaaS,Public Cloud,AWS
268.21,webapp,low,basic,asia,169,45.06,96.29,0,1,0,1,0,0,1,PaaS,Public Cloud,GCP
303.72,webapp,medium,basic,asia,20,144.76,97.21,0,1,0,0,0,0,1,PaaS,Public Cloud,GCP
1185.96,enterprise,low,high,asia,15,35.31,97.91,1,1,0,0,0,0,0,IaaS,Private Cloud,Azure
2702.62,webapp,medium,basic,asia,44,341.62,97.75,0,0,0,0,0,0,0,PaaS,Public Cloud,AWS
6816.42,enterprise,high,moderate,asia,65,151.57,99.02,0,0,1,0,0,1,0,IaaS,Public Cloud,Azure
296.32,webapp,high,moderate,us,477,614.86,95.39,1,1,0,0,0,1,1,IaaS,Public Cloud,AWS
1813.55,webapp,medium,basic,asia,22,5.99,97.29,0,0,0,0,0,0,1,PaaS,Public Cloud,AWS
168.74,startup,medium,moderate,us,235,150.51,99.72,0,1,0,1,0,0,1,PaaS,Public Cloud,GCP
1164.99,webapp,medium,high,eu,231,45.07,98.72,1,0,0,1,0,0,1,IaaS,Private Cloud,Azure
605.19,startup,medium,basic,us,296,421.21,98.51,0,0,0,1,0,0,1,PaaS,Public Cloud,AWS
210.98,startup,high,high,us,360,166.95,96.69,1,0,0,0,0,0,1,IaaS,Public Cloud,AWS
197.32,startup,low,high,us,102,18.39,99.25,1,1,0,1,0,0,1,IaaS,Private Cloud,GCP
100.68,startup,medium,moderate,us,52,1095.73,99.36,0,0,0,1,0,0,1,PaaS,Public Cloud,GCP
964.47,webapp,high,moderate,asia,209,67.25,96.83,0,0,0,1,0,0,1,PaaS,Public Cloud,GCP
1631.14,enterprise,low,moderate,eu,366,3.15,96.58,0,0,1,0,0,0,0,IaaS,Hybrid Cloud,Azure
3366.07,webapp,high,basic,asia,266,143.89,99.66,0,0,0,0,0,0,0,PaaS,Public Cloud,GCP
307.05,ml,medium,moderate,us,115,21.99,99.23,0,0,0,0,1,0,0,IaaS,Public Cloud,GCP
198.8,webapp,high,high,eu,373,57.29,98.83,1,0,0,1,0,0,1,IaaS,Private Cloud,GCP
2008.42,enterprise,high,basic,asia,80,136.7,98.59,0,0,0,0,0,0,0,SaaS,Public Cloud,AWS
719.38,startup,medium,basic,asia,106,10.52,99.63,0,1,0,1,0,0,1,PaaS,Public Cloud,GCP
109.03,webapp,medium,moderate,us,433,201.63,95.07,1,0,0,1,0,0,1,PaaS,Public Cloud,GCP
790.03,startup,high,moderate,us,280,107.51,96.78,0,0,0,0,0,1,1,PaaS,Public Cloud,AWS
276.77,webapp,medium,moderate,asia,339,36.6,97.46,0,1,0,1,0,0,1,PaaS,Public Cloud,GCP
723.28,webapp,high,basic,eu,275,8.89,97.41,0,0,0,1,0,1,1,PaaS,Public Cloud,GCP
1944.16,enterprise,low,basic,eu,40,66.74,97.87,0,1,1,0,0,0,0,SaaS,Hybrid Cloud,Azure
1009.71,webapp,medium,moderate,asia,219,365.46,96.66,0,0,0,1,0,0,1,PaaS,Public Cloud,GCP
646.15,webapp,high,moderate,eu,419,43.59,96.76,0,0,0,0,0,1,1,PaaS,Public Cloud,AWS
169.57,webapp,high,moderate,us,303,54.0,97.92,0,1,0,0,0,0,1,PaaS,Public Cloud,AWS
327.06,ml,medium,high,asia,98,114.84,96.47,1,1,0,0,1,0,0,IaaS,Hybrid Cloud,GCP
472.52,startup,low,high,us,349,13.23,96.08,1,1,0,1,0,0,1,IaaS,Private Cloud,GCP
107.45,startup,high,basic,us,483,4.02,99.05,0,1,0,0,0,1,1,PaaS,Public Cloud,AWS
10397.11,enterprise,medium,basic,asia,453,3.49,97.5,0,1,0,0,0,0,0,IaaS,Hybrid Cloud,AWS
2249.1,ml,low,basic,us,366,6.25,99.49,0,1,0,0,1,0,0,IaaS,Public Cloud,GCP
931.48,startup,medium,moderate,us,116,4396.07,98.14,0,0,0,0,0,0,1,PaaS,Public Cloud,AWS
1106.76,ml,medium,moderate,asia,424,2.9,98.06,1,1,0,0,1,0,0,IaaS,Hybrid Cloud,GCP
3186.25,enterprise,medium,basic,eu,446,415.93,96.68,0,1,1,0,0,0,0,IaaS,Hybrid Cloud,Azure
203.69,webapp,high,basic,eu,7,406.33,99.02,0,0,0,1,0,1,1,SaaS,Public Cloud,GCP
589.53,webapp,low,moderate,eu,356,31.11,97.79,0,1,0,0,0,0,1,IaaS,Public Cloud,AWS
251.46,startup,high,basic,asia,198,246.22,98.2,0,1,0,0,0,1,1,PaaS,Public Cloud,GCP
308.13,startup,low,moderate,us,386,78.03,99.46,0,0,0,0,0,0,1,PaaS,Public Cloud,AWS
1024.97,webapp,medium,moderate,us,9,65.75,97.49,0,0,0,1,0,0,1,PaaS,Public Cloud,AWS
726.7,webapp,medium,basic,asia,203,30.19,95.89,0,0,0,1,0,0,1,PaaS,Public Cloud,GCP
546.95,startup,high,moderate,asia,153,7.88,95.92,1,0,0,1,0,1,1,IaaS,Public Cloud,GCP
2462.55,enterprise,high,high,asia,52,1048.21,98.87,1,0,1,0,0,1,0,IaaS,Hybrid Cloud,Azure
4917.61,enterprise,medium,basic,eu,262,8.6,99.14,0,0,0,0,0,0,0,SaaS,Public Cloud,AWS
1653.69,webapp,medium,moderate,asia,286,35.35,98.15,0,0,0,1,0,0,1,PaaS,Public Cloud,GCP
467.82,webapp,medium,basic,us,429,53.32,98.59,0,0,0,1,0,0,1,PaaS,Public Cloud,GCP
282.19,startup,high,high,us,490,41.41,98.4,1,0,0,0,0,0,1,IaaS,Public Cloud,AWS
226.36,startup,medium,basic,eu,486,32.19,98.26,0,1,0,0,0,0,1,PaaS,Public Cloud,AWS
1685.46,ml,medium,high,asia,283,127.8,97.14,1,0,0,0,1,0,0,IaaS,Private Cloud,GCP
65.4,startup,low,high,asia,11,388.05,96.4,1,0,0,1,0,0,1,PaaS,Private Cloud,GCP
1579.59,ml,medium,moderate,asia,394,7.53,97.62,0,0,0,0,1,0,0,IaaS,Public Cloud,GCP
1273.08,webapp,high,moderate,us,90,49.11,97.57,1,0,0,1,0,1,1,PaaS,Public Cloud,AWS
147.81,startup,low,moderate,eu,463,196.65,97.98,0,0,0,0,0,0,1,PaaS,Public Cloud,AWS
1334.08,webapp,medium,high,us,78,21.58,98.82,1,0,0,1,0,0,1,IaaS,Private Cloud,GCP
3159.71,enterprise,medium,high,asia,438,51.34,96.15,1,0,1,0,0,0,0,IaaS,Private Cloud,Azure
251.87,startup,low,basic,us,457,14.64,98.37,0,1,0,0,0,0,1,PaaS,Public Cloud,AWS
2090.8,enterprise,high,basic,us,115,34.55,96.13,0,0,1,0,0,1,0,SaaS,Public Cloud,Azure
223.75,startup,high,basic,eu,131,355.47,95.8,0,0,0,0,0,1,1,PaaS,Public Cloud,AWS
5511.99,enterprise,high,moderate,eu,421,5.49,96.02,0,0,1,0,0,1,0,IaaS,Public Cloud,Azure
5868.48,enterprise,high,basic,asia,325,80.53,97.83,0,0,1,0,0,1,0,SaaS,Public Cloud,Azure
436.98,webapp,high,moderate,asia,2,14.09,96.15,0,1,0,1,0,0,1,PaaS,Public Cloud,GCP
252.41,startup,high,moderate,eu,281,59.78,96.84,1,0,0,0,0,1,1,PaaS,Public Cloud,Azure
5989.28,enterprise,medium,high,eu,416,218.78,96.95,1,0,1,0,0,0,0,IaaS,Private Cloud,Azure
2405.08,webapp,low,moderate,asia,141,137.37,95.43,1,0,0,0,0,0,0,IaaS,Private Cloud,AWS
427.85,webapp,low,high,asia,118,1.17,99.68,1,0,0,0,0,0,1,IaaS,Private Cloud,GCP
5328.03,enterprise,low,moderate,us,30,58.8,95.86,0,1,1,0,0,0,0,IaaS,Hybrid Cloud,Azure
214.66,startup,medium,moderate,us,418,9.17,97.62,1,1,0,1,0,0,1,IaaS,Public Cloud,GCP
1003.71,ml,high,moderate,asia,91,60.69,99.03,1,0,0,0,1,1,0,IaaS,Public Cloud,GCP
117.63,startup,medium,moderate,eu,305,4.14,96.8,1,0,0,0,0,0,1,PaaS,Public Cloud,Azure
450.11,startup,medium,moderate,asia,238,13.05,95.73,0,0,0,0,0,0,1,PaaS,Public Cloud,GCP
90.24,startup,medium,high,eu,274,34.7,97.3,1,0,0,0,0,0,1,IaaS,Private Cloud,Azure
384.89,webapp,high,high,asia,343,1041.01,96.94,1,0,0,0,0,1,1,IaaS,Private Cloud,AWS
3081.95,enterprise,low,basic,asia,312,108.15,97.71,0,0,1,0,0,0,0,SaaS,Public Cloud,Azure
494.11,webapp,high,moderate,eu,360,142.18,97.35,1,0,0,0,0,1,1,PaaS,Public Cloud,Azure
260.61,webapp,high,moderate,eu,73,396.7,96.78,0,1,0,1,0,0,1,PaaS,Public Cloud,GCP
317.12,webapp,medium,moderate,us,234,254.19,98.14,1,0,0,0,0,0,1,PaaS,Public Cloud,AWS
815.31,webapp,medium,basic,us,84,920.36,97.49,0,0,0,1,0,0,1,PaaS,Public Cloud,AWS
615.52,webapp,high,basic,asia,34,4.87,98.98,0,1,0,0,0,0,1,PaaS,Public Cloud,AWS
141.54,startup,high,basic,asia,91,84.2,98.76,0,0,0,0,0,1,1,PaaS,Public Cloud,GCP
1254.78,startup,medium,moderate,us,369,97.49,95.9,0,1,0,0,0,0,1,PaaS,Public Cloud,AWS
494.69,ml,medium,high,asia,397,8.16,97.22,1,0,0,0,1,0,0,IaaS,Private Cloud,GCP
5698.15,enterprise,low,moderate,eu,295,37.87,97.48,0,1,1,0,0,0,0,IaaS,Hybrid Cloud,Azure
1164.36,webapp,medium,basic,eu,113,19.2,97.48,0,0,0,0,0,0,1,PaaS,Public Cloud,AWS
122.9,webapp,high,basic,us,408,40.52,99.23,0,1,0,0,0,0,1,PaaS,Public Cloud,AWS
376.06,webapp,high,basic,us,471,5.17,97.13,0,1,0,0,0,1,1,PaaS,Public Cloud,AWS
301.35,webapp,high,moderate,asia,467,1893.38,96.6,0,1,0,1,0,0,1,PaaS,Public Cloud,GCP
172.14,startup,medium,basic,us,138,483.65,99.58,0,0,0,1,0,0,1,PaaS,Public Cloud,GCP
87.27,startup,medium,basic,eu,94,6.75,97.91,0,0,0,1,0,0,1,PaaS,Public Cloud,GCP
457.23,startup,medium,moderate,eu,300,2227.1,97.22,1,1,0,1,0,0,1,IaaS,Public Cloud,GCP
4306.8,ml,medium,moderate,eu,397,46.91,96.2,0,1,0,0,1,0,0,IaaS,Hybrid Cloud,GCP
674.76,ml,medium,moderate,asia,317,237.56,96.3,0,0,0,0,1,0,0,IaaS,Public Cloud,GCP
9363.36,enterprise,medium,high,eu,365,9.35,96.15,1,0,1,0,0,0,0,IaaS,Private Cloud,Azure
420.19,webapp,medium,basic,asia,196,28.61,96.01,0,0,0,1,0,0,1,PaaS,Public Cloud,GCP
1342.25,startup,medium,basic,us,95,2.91,99.83,0,0,0,0,0,0,1,PaaS,Public Cloud,AWS
1146.11,enterprise,low,moderate,us,192,231.83,96.15,1,1,0,0,0,0,0,IaaS,Hybrid Cloud,AWS
256.33,startup,low,moderate,asia,464,239.15,99.66,0,0,0,1,0,0,1,PaaS,Public Cloud,GCP
940.74,enterprise,medium,high,asia,253,269.73,95.07,1,0,1,0,0,0,0,IaaS,Private Cloud,Azure
470.21,enterprise,low,moderate,us,41,487.16,96.51,0,0,0,0,0,0,0,SaaS,Public Cloud,AWS
5417.02,enterprise,medium,moderate,asia,499,7.53,99.0,1,0,1,0,0,0,0,IaaS,Hybrid Cloud,Azure
80.94,startup,medium,moderate,us,205,111.35,95.51,1,0,0,0,0,0,1,PaaS,Public Cloud,AWS
210.11,webapp,high,high,asia,66,69.59,96.2,1,1,0,0,0,1,1,IaaS,Hybrid Cloud,GCP
590.98,startup,low,moderate,asia,445,484.77,97.47,0,0,0,0,0,0,1,PaaS,Public Cloud,AWS
18850.28,enterprise,medium,moderate,eu,186,73.65,95.67,0,1,0,0,0,0,0,IaaS,Hybrid Cloud,Azure
1636.91,enterprise,high,moderate,eu,93,16.33,97.15,0,1,1,0,0,1,0,IaaS,Hybrid Cloud,Azure
561.68,startup,low,high,eu,466,894.49,95.8,1,0,0,0,0,0,1,IaaS,Private Cloud,Azure
191.78,startup,medium,high,eu,163,31.79,96.67,1,0,0,1,0,0,1,IaaS,Private Cloud,GCP
252.23,webapp,high,moderate,eu,326,83.02,97.25,0,1,0,1,0,1,1,PaaS,Public Cloud,GCP
197.22,startup,high,high,us,382,28.9,97.02,1,1,0,1,0,1,1,IaaS,Public Cloud,GCP
1777.06,webapp,high,moderate,eu,62,473.29,99.93,0,1,0,0,0,0,1,PaaS,Hybrid Cloud,AWS
629.54,webapp,medium,high,us,136,24.19,96.18,1,0,0,1,0,0,1,IaaS,Private Cloud,GCP
1791.36,enterprise,low,high,asia,278,48.28,97.35,1,0,0,0,0,0,0,IaaS,Private Cloud,Azure
3793.0,enterprise,high,basic,us,162,93.84,99.45,0,1,1,0,0,0,0,IaaS,Public Cloud,Azure
19819.76,enterprise,medium,high,eu,453,36.24,96.26,1,1,1,0,0,0,0,IaaS,Hybrid Cloud,Azure
480.93,webapp,medium,moderate,us,325,184.56,98.95,0,0,0,1,0,0,1,PaaS,Public Cloud,GCP
8089.48,ml,medium,high,us,405,812.27,98.01,1,1,0,0,1,0,0,IaaS,Hybrid Cloud,GCP
272.27,startup,low,moderate,eu,389,263.44,96.68,1,0,0,1,0,0,1,PaaS,Public Cloud,GCP
467.25,startup,high,high,asia,405,23.41,96.31,1,0,0,0,0,1,1,IaaS,Public Cloud,GCP
718.36,startup,medium,basic,asia,95,29.03,96.39,0,1,0,1,0,0,1,PaaS,Public Cloud,GCP
233.27,startup,medium,basic,us,133,650.57,95.42,0,0,0,0,0,0,1,PaaS,Public Cloud,AWS
203.16,webapp,high,moderate,asia,225,129.61,97.21,0,1,0,1,0,0,1,PaaS,Public Cloud,GCP
304.03,ml,high,moderate,asia,429,9.49,95.77,0,0,0,0,1,1,0,IaaS,Public Cloud,GCP
911.55,webapp,medium,moderate,asia,31,89.22,96.0,1,0,0,1,0,0,1,PaaS,Public Cloud,GCP
940.46,ml,medium,high,eu,248,50.16,96.27,1,1,0,0,1,0,0,IaaS,Hybrid Cloud,Azure
74.96,startup,high,high,us,9,7.2,97.89,1,0,0,0,0,1,1,PaaS,Public Cloud,AWS
361.2,startup,medium,high,asia,28,119.23,99.65,1,0,0,1,0,0,1,PaaS,Private Cloud,GCP
700.04,enterprise,medium,moderate,asia,296,19.48,97.44,0,0,0,0,0,0,0,IaaS,Public Cloud,AWS
